[
  {
    "__type__": "cc.Prefab",
    "_name": "block",
    "data": {
      "__id__": 1
    },
    "optimizationPolicy": 0,
    "asyncLoadAssets": false,
    "readonly": false
  },
  {
    "__type__": "cc.Node",
    "_name": "block",
    "_children": [
      {
        "__id__": 2
      }
    ],
    "_components": [
      {
        "__type__": "cc.Sprite",
        "node": {
          "__id__": 1
        },
        "_sizeMode": 0
      },
      {
        "__type__": "2425dMqzptEaIh07JXJRnR5",
        "node": {
          "__id__": 1
        }
      }
    ],
    "_prefab": {
      "__type__": "cc.PrefabInfo",
      "root": {
        "__id__": 1
      },
      "asset": {
        "__uuid__": "dbf3e9a8-32de-47fe-88e1-5fa69316dc28"
      },
      "fileId": "48dPpwGD1M3a9K/+iHQvf7"
    },
    "_color": {
      "__type__": "cc.Color",
      "r": 80,
      "g": 233,
      "b": 255
    },
    "_contentSize": {
      "__type__": "cc.Size",
      "width": 142,
      "height": 142
    },
    "_scale": {
      "__type__": "cc.Vec3",
      "x": 1,
      "y": 1,
      "z": 1
    },
    "_trs": {
      "__type__": "TypedArray",
      "ctor": "Float64Array",
      "array": [
        -106,
        -56,
        0,
        0,
        0,
        0,
        1,
        1,
        1,
        1
      ]
    }
  },
  {
    "__type__": "cc.Node",
    "_name": "bg",
    "_parent": {
      "__id__": 1
    },
    "_components": [
      {
        "__type__": "cc.Sprite",
        "node": {
          "__id__": 2
        },
        "_spriteFrame": {
          "__uuid__": "1992d872-4b53-4307-a83e-f5c5c0297bf8"
        },
        "_type": 1,
        "_sizeMode": 0
      },
      {
        "__type__": "cc.Widget",
        "node": {
          "__id__": 2
        },
        "_wasAlignOnce": {},
        "isAlignOnce": {},
        "_alignFlags": 45,
        "_originalWidth": 40,
        "_originalHeight": 36
      }
    ],
    "_prefab": {
      "__type__": "cc.PrefabInfo",
      "root": {
        "__id__": 1
      },
      "asset": {
        "__uuid__": "dbf3e9a8-32de-47fe-88e1-5fa69316dc28"
      },
      "fileId": "5f+7p1CbtLVLJJNonH6kRA"
    },
    "_color": {
      "__type__": "cc.Color",
      "r": 80,
      "g": 233,
      "b": 255
    },
    "_contentSize": {
      "__type__": "cc.Size",
      "width": 142,
      "height": 142
    },
    "_scale": {
      "__type__": "cc.Vec3",
      "x": 1,
      "y": 1,
      "z": 1
    },
    "_trs": {
      "__type__": "TypedArray",
      "ctor": "Float64Array",
      "array": [
        0,
        0,
        0,
        0,
        0,
        0,
        1,
        1,
        1,
        1
      ]
    }
  }
]