[
  {
    "__type__": "cc.Prefab",
    "_name": "blockParticle",
    "data": {
      "__id__": 1
    },
    "optimizationPolicy": 0,
    "asyncLoadAssets": false,
    "readonly": false
  },
  {
    "__type__": "cc.Node",
    "_name": "blockParticle",
    "_level": 1,
    "_components": [
      {
        "__type__": "cc.ParticleSystem",
        "node": {
          "__id__": 1
        },
        "_custom": true,
        "_file": {
          "__uuid__": "978a40c9-bee0-49e2-ad70-5512a0fedf8f"
        },
        "_spriteFrame": {
          "__uuid__": "2ea7bde4-7530-41d5-a30f-3c9f5e4acbdb"
        },
        "_dstBlendFactor": 1,
        "totalParticles": 200,
        "duration": 0.1,
        "emissionRate": 300,
        "life": 0.5,
        "lifeVar": 2,
        "_startColor": {
          "__type__": "cc.Color",
          "r": 255,
          "g": 255,
          "b": 255
        },
        "_startColorVar": {
          "__type__": "cc.Color",
          "a": 0
        },
        "_endColor": {
          "__type__": "cc.Color",
          "r": 255,
          "g": 255,
          "b": 255
        },
        "_endColorVar": {
          "__type__": "cc.Color",
          "a": 0
        },
        "angle": -90,
        "angleVar": 160,
        "startSize": 7,
        "endSize": 1,
        "endSizeVar": 2,
        "gravity": {
          "__type__": "cc.Vec2",
          "y": -500
        },
        "speed": 400,
        "speedVar": 150,
        "tangentialAccel": 0
      },
      {
        "__type__": "b4e2adhsDlEtowZ6I6gpBkX",
        "node": {
          "__id__": 1
        }
      }
    ],
    "_prefab": {
      "__type__": "cc.PrefabInfo",
      "root": {
        "__id__": 1
      },
      "asset": {
        "__uuid__": "f58a700c-388d-4a9d-8271-4dfce75990b3"
      },
      "fileId": "52S1bolVdPAoQ5pFxl6PgP"
    },
    "_trs": {
      "__type__": "TypedArray",
      "ctor": "Float64Array",
      "array": [
        306.8,
        363.9,
        0,
        0,
        0,
        0,
        1,
        1,
        1,
        1
      ]
    }
  }
]