[
  {
    "__type__": "cc.Prefab",
    "_name": "longbar",
    "data": {
      "__id__": 1
    },
    "optimizationPolicy": 0,
    "asyncLoadAssets": false,
    "readonly": false
  },
  {
    "__type__": "cc.Node",
    "_name": "longbar",
    "_components": [
      {
        "__type__": "cc.Sprite",
        "node": {
          "__id__": 1
        },
        "_spriteFrame": {
          "__uuid__": "12c46ca7-c0ea-44d5-bd91-f97341d4915c"
        },
        "_sizeMode": 0
      },
      {
        "__type__": "5df1c4HemNMT7vQjLsY4nmQ",
        "node": {
          "__id__": 1
        }
      }
    ],
    "_prefab": {
      "__type__": "cc.PrefabInfo",
      "root": {
        "__id__": 1
      },
      "asset": {
        "__uuid__": "eb626b08-ad21-40b7-b0d8-7c9921c0f30c"
      },
      "fileId": "a0ruUpp4pFM6YC0M6N8dOq"
    },
    "_contentSize": {
      "__type__": "cc.Size",
      "width": 10,
      "height": 284
    },
    "_scale": {
      "__type__": "cc.Vec3",
      "x": 1,
      "y": 1,
      "z": 1
    },
    "_trs": {
      "__type__": "TypedArray",
      "ctor": "Float64Array",
      "array": [
        0,
        0,
        0,
        0,
        0,
        0,
        1,
        1,
        1,
        1
      ]
    }
  }
]