[
  {
    "__type__": "cc.Prefab",
    "_name": "sortNode",
    "data": {
      "__id__": 1
    },
    "optimizationPolicy": 0,
    "asyncLoadAssets": false,
    "readonly": false
  },
  {
    "__type__": "cc.Node",
    "_name": "sortNode",
    "_children": [
      {
        "__id__": 2
      },
      {
        "__id__": 3
      }
    ],
    "_level": 1,
    "_components": [
      {
        "__type__": "cc.Widget",
        "node": {
          "__id__": 1
        },
        "alignMode": 0,
        "_alignFlags": 45
      },
      {
        "__type__": "cc.BlockInputEvents",
        "node": {
          "__id__": 1
        }
      },
      {
        "__type__": "23085VaAH9AX6elg5Q1y2dT",
        "node": {
          "__id__": 1
        },
        "display": {
          "__id__": 5
        }
      }
    ],
    "_prefab": {
      "__type__": "cc.PrefabInfo",
      "root": {
        "__id__": 1
      },
      "asset": {
        "__uuid__": "ebe577cf-0815-4ce2-96c0-3290d3882a23"
      },
      "fileId": "d6asJYgZlLC78qB3CMECcd"
    },
    "_contentSize": {
      "__type__": "cc.Size",
      "width": 720,
      "height": 1280
    },
    "_zIndex": 0,
    "_trs": {
      "__type__": "TypedArray",
      "ctor": "Float64Array",
      "array": [
        360,
        640,
        0,
        0,
        0,
        0,
        1,
        1,
        1,
        1
      ]
    }
  },
  {
    "__type__": "cc.Node",
    "_name": "bgColor",
    "_parent": {
      "__id__": 1
    },
    "_components": [
      {
        "__type__": "cc.Sprite",
        "node": {
          "__id__": 2
        },
        "_spriteFrame": {
          "__uuid__": "a23235d1-15db-4b95-8439-a2e005bfff91"
        },
        "_sizeMode": 0
      },
      {
        "__type__": "cc.Widget",
        "node": {
          "__id__": 2
        },
        "alignMode": 0,
        "_alignFlags": 45,
        "_originalWidth": 100,
        "_originalHeight": 100
      }
    ],
    "_prefab": {
      "__type__": "cc.PrefabInfo",
      "root": {
        "__id__": 1
      },
      "asset": {
        "__uuid__": "ebe577cf-0815-4ce2-96c0-3290d3882a23"
      },
      "fileId": "f6r+st1mNEX61LNUyNn15P"
    },
    "_opacity": 200,
    "_color": {
      "__type__": "cc.Color"
    },
    "_contentSize": {
      "__type__": "cc.Size",
      "width": 720,
      "height": 1280
    },
    "_zIndex": 0,
    "_trs": {
      "__type__": "TypedArray",
      "ctor": "Float64Array",
      "array": [
        0,
        0,
        0,
        0,
        0,
        0,
        1,
        1,
        1,
        1
      ]
    }
  },
  {
    "__type__": "cc.Node",
    "_name": "bg",
    "_parent": {
      "__id__": 1
    },
    "_children": [
      {
        "__id__": 4
      },
      {
        "__id__": 6
      },
      {
        "__id__": 7
      },
      {
        "__id__": 8
      },
      {
        "__id__": 9
      }
    ],
    "_components": [
      {
        "__type__": "cc.Sprite",
        "node": {
          "__id__": 3
        },
        "_spriteFrame": {
          "__uuid__": "e933bc98-2208-491c-b682-5e3cc47fe6bf"
        },
        "_type": 1,
        "_sizeMode": 0
      },
      {
        "__type__": "cc.Widget",
        "node": {
          "__id__": 3
        },
        "alignMode": 0,
        "_alignFlags": 18,
        "_verticalCenter": 30
      }
    ],
    "_prefab": {
      "__type__": "cc.PrefabInfo",
      "root": {
        "__id__": 1
      },
      "asset": {
        "__uuid__": "ebe577cf-0815-4ce2-96c0-3290d3882a23"
      },
      "fileId": "4d4NFgEUBAQpBqJjRv3N3f"
    },
    "_contentSize": {
      "__type__": "cc.Size",
      "width": 656,
      "height": 708
    },
    "_zIndex": 0,
    "_trs": {
      "__type__": "TypedArray",
      "ctor": "Float64Array",
      "array": [
        null,
        30,
        0,
        0,
        0,
        0,
        1,
        1,
        1,
        1
      ]
    }
  },
  {
    "__type__": "cc.Node",
    "_name": "display",
    "_parent": {
      "__id__": 3
    },
    "_components": [
      {
        "__id__": 5
      },
      {
        "__type__": "cc.Widget",
        "node": {
          "__id__": 4
        },
        "alignMode": 0,
        "_alignFlags": 45,
        "_left": 12,
        "_right": 12,
        "_top": 90,
        "_bottom": 12,
        "_originalWidth": 40,
        "_originalHeight": 36
      }
    ],
    "_prefab": {
      "__type__": "cc.PrefabInfo",
      "root": {
        "__id__": 1
      },
      "asset": {
        "__uuid__": "ebe577cf-0815-4ce2-96c0-3290d3882a23"
      },
      "fileId": "d1ylSOjdxBOpCs5vX356ON"
    },
    "_contentSize": {
      "__type__": "cc.Size",
      "width": 632,
      "height": 606
    },
    "_zIndex": 0,
    "_trs": {
      "__type__": "TypedArray",
      "ctor": "Float64Array",
      "array": [
        null,
        -39,
        0,
        0,
        0,
        0,
        1,
        1,
        1,
        1
      ]
    }
  },
  {
    "__type__": "cc.Sprite",
    "node": {
      "__id__": 4
    },
    "_sizeMode": 0
  },
  {
    "__type__": "cc.Node",
    "_name": "btnClose",
    "_parent": {
      "__id__": 3
    },
    "_components": [
      {
        "__type__": "cc.Sprite",
        "node": {
          "__id__": 6
        },
        "_spriteFrame": {
          "__uuid__": "54aa9ecb-4948-428b-a33f-9484aa892337"
        },
        "_sizeMode": 2
      },
      {
        "__type__": "cc.Button",
        "node": {
          "__id__": 6
        },
        "clickEvents": [
          {
            "__type__": "cc.ClickEvent",
            "target": {
              "__id__": 1
            },
            "component": "sortNode",
            "handler": "btnCloseClick"
          }
        ],
        "_N$transition": 3,
        "transition": 3,
        "_N$normalColor": {
          "__type__": "cc.Color",
          "r": 255,
          "g": 255,
          "b": 255
        },
        "_N$pressedColor": {
          "__type__": "cc.Color",
          "r": 255,
          "g": 255,
          "b": 255
        },
        "pressedColor": {
          "__type__": "cc.Color",
          "r": 255,
          "g": 255,
          "b": 255
        },
        "_N$disabledColor": {
          "__type__": "cc.Color",
          "r": 255,
          "g": 255,
          "b": 255
        },
        "_N$normalSprite": {
          "__uuid__": "f0048c10-f03e-4c97-b9d3-3506e1d58952"
        },
        "_N$pressedSprite": {
          "__uuid__": "e9ec654c-97a2-4787-9325-e6a10375219a"
        },
        "pressedSprite": {
          "__uuid__": "e9ec654c-97a2-4787-9325-e6a10375219a"
        },
        "_N$hoverSprite": {
          "__uuid__": "e9ec654c-97a2-4787-9325-e6a10375219a"
        },
        "hoverSprite": {
          "__uuid__": "e9ec654c-97a2-4787-9325-e6a10375219a"
        },
        "_N$disabledSprite": {
          "__uuid__": "29158224-f8dd-4661-a796-1ffab537140e"
        },
        "_N$target": {
          "__id__": 6
        }
      },
      {
        "__type__": "cc.Widget",
        "node": {
          "__id__": 6
        },
        "alignMode": 0,
        "_alignFlags": 12,
        "_left": 20,
        "_bottom": -120
      }
    ],
    "_prefab": {
      "__type__": "cc.PrefabInfo",
      "root": {
        "__id__": 1
      },
      "asset": {
        "__uuid__": "ebe577cf-0815-4ce2-96c0-3290d3882a23"
      },
      "fileId": "7a4raXeFZKN7XKQdjMe4J8"
    },
    "_contentSize": {
      "__type__": "cc.Size",
      "width": 236,
      "height": 87
    },
    "_zIndex": 0,
    "_trs": {
      "__type__": "TypedArray",
      "ctor": "Float64Array",
      "array": [
        -190,
        -430.5,
        0,
        0,
        0,
        0,
        1,
        1,
        1,
        1
      ]
    }
  },
  {
    "__type__": "cc.Node",
    "_name": "btnGroup",
    "_parent": {
      "__id__": 3
    },
    "_components": [
      {
        "__type__": "cc.Sprite",
        "node": {
          "__id__": 7
        },
        "_spriteFrame": {
          "__uuid__": "413e6aad-c4d8-42de-ac97-3861fe13fdab"
        },
        "_sizeMode": 2
      },
      {
        "__type__": "cc.Button",
        "node": {
          "__id__": 7
        },
        "clickEvents": [
          {
            "__type__": "cc.ClickEvent",
            "target": {
              "__id__": 1
            },
            "component": "sortNode",
            "handler": "btnGroupClick"
          }
        ],
        "_N$transition": 3,
        "transition": 3,
        "_N$normalColor": {
          "__type__": "cc.Color",
          "r": 255,
          "g": 255,
          "b": 255
        },
        "_N$pressedColor": {
          "__type__": "cc.Color",
          "r": 255,
          "g": 255,
          "b": 255
        },
        "pressedColor": {
          "__type__": "cc.Color",
          "r": 255,
          "g": 255,
          "b": 255
        },
        "_N$disabledColor": {
          "__type__": "cc.Color",
          "r": 255,
          "g": 255,
          "b": 255
        },
        "_N$normalSprite": {
          "__uuid__": "f0048c10-f03e-4c97-b9d3-3506e1d58952"
        },
        "_N$pressedSprite": {
          "__uuid__": "e9ec654c-97a2-4787-9325-e6a10375219a"
        },
        "pressedSprite": {
          "__uuid__": "e9ec654c-97a2-4787-9325-e6a10375219a"
        },
        "_N$hoverSprite": {
          "__uuid__": "e9ec654c-97a2-4787-9325-e6a10375219a"
        },
        "hoverSprite": {
          "__uuid__": "e9ec654c-97a2-4787-9325-e6a10375219a"
        },
        "_N$disabledSprite": {
          "__uuid__": "29158224-f8dd-4661-a796-1ffab537140e"
        },
        "_N$target": {
          "__id__": 7
        }
      },
      {
        "__type__": "cc.Widget",
        "node": {
          "__id__": 7
        },
        "alignMode": 0,
        "_alignFlags": 36,
        "_right": 20,
        "_bottom": -120
      }
    ],
    "_prefab": {
      "__type__": "cc.PrefabInfo",
      "root": {
        "__id__": 1
      },
      "asset": {
        "__uuid__": "ebe577cf-0815-4ce2-96c0-3290d3882a23"
      },
      "fileId": "bfzInroMFAkrR/IeEKHArx"
    },
    "_contentSize": {
      "__type__": "cc.Size",
      "width": 313,
      "height": 87
    },
    "_zIndex": 0,
    "_trs": {
      "__type__": "TypedArray",
      "ctor": "Float64Array",
      "array": [
        151.5,
        -430.5,
        0,
        0,
        0,
        0,
        1,
        1,
        1,
        1
      ]
    }
  },
  {
    "__type__": "cc.Node",
    "_name": "lbl",
    "_parent": {
      "__id__": 3
    },
    "_components": [
      {
        "__type__": "cc.Label",
        "node": {
          "__id__": 8
        },
        "_useOriginalSize": false,
        "_string": "每周一刷新",
        "_N$string": "每周一刷新",
        "_fontSize": 30,
        "_lineHeight": 30,
        "_N$horizontalAlign": 1,
        "_N$verticalAlign": 1
      },
      {
        "__type__": "cc.Widget",
        "node": {
          "__id__": 8
        },
        "alignMode": 0,
        "_alignFlags": 1,
        "_top": 27
      }
    ],
    "_prefab": {
      "__type__": "cc.PrefabInfo",
      "root": {
        "__id__": 1
      },
      "asset": {
        "__uuid__": "ebe577cf-0815-4ce2-96c0-3290d3882a23"
      },
      "fileId": "6bvWe6WgBORYjHgud7FT4c"
    },
    "_contentSize": {
      "__type__": "cc.Size",
      "width": 150,
      "height": 30
    },
    "_zIndex": 0,
    "_trs": {
      "__type__": "TypedArray",
      "ctor": "Float64Array",
      "array": [
        null,
        312,
        0,
        0,
        0,
        0,
        1,
        1,
        1,
        1
      ]
    }
  },
  {
    "__type__": "cc.Node",
    "_name": "titleLb",
    "_parent": {
      "__id__": 3
    },
    "_children": [
      {
        "__id__": 10
      },
      {
        "__id__": 11
      }
    ],
    "_components": [
      {
        "__type__": "cc.Label",
        "node": {
          "__id__": 9
        },
        "_useOriginalSize": false,
        "_string": "好友排行榜",
        "_N$string": "好友排行榜",
        "_fontSize": 42,
        "_lineHeight": 42,
        "_N$horizontalAlign": 1,
        "_N$verticalAlign": 1
      },
      {
        "__type__": "cc.Widget",
        "node": {
          "__id__": 9
        },
        "alignMode": 0,
        "_alignFlags": 16,
        "_top": -138
      }
    ],
    "_prefab": {
      "__type__": "cc.PrefabInfo",
      "root": {
        "__id__": 1
      },
      "asset": {
        "__uuid__": "ebe577cf-0815-4ce2-96c0-3290d3882a23"
      },
      "fileId": "63INqApK9Naa1d1Oo++BIX"
    },
    "_contentSize": {
      "__type__": "cc.Size",
      "width": 210,
      "height": 42
    },
    "_zIndex": 0,
    "_trs": {
      "__type__": "TypedArray",
      "ctor": "Float64Array",
      "array": [
        null,
        416,
        0,
        0,
        0,
        0,
        1,
        1,
        1,
        1
      ]
    }
  },
  {
    "__type__": "cc.Node",
    "_name": "left",
    "_parent": {
      "__id__": 9
    },
    "_components": [
      {
        "__type__": "cc.Sprite",
        "node": {
          "__id__": 10
        },
        "_spriteFrame": {
          "__uuid__": "6b272a5a-c119-427a-a8ad-a7d3fb27ecde"
        }
      }
    ],
    "_prefab": {
      "__type__": "cc.PrefabInfo",
      "root": {
        "__id__": 1
      },
      "asset": {
        "__uuid__": "ebe577cf-0815-4ce2-96c0-3290d3882a23"
      },
      "fileId": "05shao65xNzpprV36CkHUg"
    },
    "_contentSize": {
      "__type__": "cc.Size",
      "width": 36,
      "height": 14
    },
    "_zIndex": 0,
    "_trs": {
      "__type__": "TypedArray",
      "ctor": "Float64Array",
      "array": [
        -130,
        null,
        0,
        0,
        0,
        0,
        1,
        1,
        1,
        1
      ]
    }
  },
  {
    "__type__": "cc.Node",
    "_name": "right",
    "_parent": {
      "__id__": 9
    },
    "_components": [
      {
        "__type__": "cc.Sprite",
        "node": {
          "__id__": 11
        },
        "_spriteFrame": {
          "__uuid__": "6b272a5a-c119-427a-a8ad-a7d3fb27ecde"
        }
      }
    ],
    "_prefab": {
      "__type__": "cc.PrefabInfo",
      "root": {
        "__id__": 1
      },
      "asset": {
        "__uuid__": "ebe577cf-0815-4ce2-96c0-3290d3882a23"
      },
      "fileId": "60KEPAdWRHd6oXZmT7kEMR"
    },
    "_contentSize": {
      "__type__": "cc.Size",
      "width": 36,
      "height": 14
    },
    "_zIndex": 0,
    "_trs": {
      "__type__": "TypedArray",
      "ctor": "Float64Array",
      "array": [
        130,
        null,
        0,
        0,
        0,
        0,
        1,
        -1,
        1,
        1
      ]
    }
  }
]