[
  {
    "__type__": "cc.SceneAsset",
    "_name": "gameScene",
    "scene": {
      "__id__": 1
    },
    "asyncLoadAssets": false
  },
  {
    "__type__": "cc.Scene",
    "_name": "New Node",
    "_children": [
      {
        "__id__": 2
      },
      {
        "__id__": 59
      }
    ],
    "_active": false,
    "_anchorPoint": {
      "__type__": "cc.Vec2"
    },
    "_zIndex": 0,
    "autoReleaseAssets": false,
    "_trs": {
      "__type__": "TypedArray",
      "ctor": "Float64Array",
      "array": [
        0,
        0,
        0,
        0,
        0,
        0,
        1,
        0.23593394987346406,
        0.23593394987346406,
        1
      ]
    }
  },
  {
    "__type__": "cc.Node",
    "_name": "gameScene",
    "_parent": {
      "__id__": 1
    },
    "_children": [
      {
        "__id__": 3
      },
      {
        "__id__": 4
      },
      {
        "__id__": 15
      },
      {
        "__id__": 16
      },
      {
        "__id__": 18
      },
      {
        "__id__": 19
      },
      {
        "__id__": 12
      },
      {
        "__id__": 20
      },
      {
        "__id__": 23
      },
      {
        "__id__": 27
      },
      {
        "__id__": 31
      },
      {
        "__id__": 35
      },
      {
        "__id__": 13
      },
      {
        "__id__": 36
      },
      {
        "__id__": 47
      },
      {
        "__id__": 52
      },
      {
        "__id__": 14
      },
      {
        "__id__": 57
      }
    ],
    "_level": 1,
    "_components": [
      {
        "__type__": "cc.Canvas",
        "node": {
          "__id__": 2
        },
        "_designResolution": {
          "__type__": "cc.Size",
          "width": 720,
          "height": 1280
        },
        "_fitWidth": true,
        "_fitHeight": false
      },
      {
        "__type__": "109c5mf+g5MBKI6L3IcWXgp",
        "node": {
          "__id__": 2
        },
        "scoreLB": {
          "__id__": 17
        },
        "timeLB": {
          "__id__": 22
        },
        "goldLb": {
          "__id__": 34
        },
        "hdprg": {
          "__id__": 26
        },
        "goldIcon": {
          "__id__": 35
        },
        "icePrg": {
          "__id__": 30
        },
        "display": {
          "__id__": 58
        }
      }
    ],
    "_contentSize": {
      "__type__": "cc.Size",
      "width": 720,
      "height": 1280
    },
    "_zIndex": 0,
    "_id": "3aeZ4DsUpKpLj5aVdyKlXk",
    "_trs": {
      "__type__": "TypedArray",
      "ctor": "Float64Array",
      "array": [
        360,
        640,
        0,
        0,
        0,
        0,
        1,
        1,
        1,
        1
      ]
    }
  },
  {
    "__type__": "cc.Node",
    "_name": "Main Camera",
    "_parent": {
      "__id__": 2
    },
    "_level": 1,
    "_components": [
      {
        "__type__": "cc.Camera",
        "node": {
          "__id__": 3
        },
        "_clearFlags": 7,
        "_depth": -1
      }
    ],
    "_zIndex": 0,
    "_trs": {
      "__type__": "TypedArray",
      "ctor": "Float64Array",
      "array": [
        0,
        0,
        0,
        0,
        0,
        0,
        1,
        1,
        1,
        1
      ]
    }
  },
  {
    "__type__": "cc.Node",
    "_name": "gameMatrix",
    "_parent": {
      "__id__": 2
    },
    "_children": [
      {
        "__id__": 5
      },
      {
        "__id__": 7
      },
      {
        "__id__": 8
      },
      {
        "__id__": 9
      },
      {
        "__id__": 10
      }
    ],
    "_components": [
      {
        "__type__": "cc.Sprite",
        "node": {
          "__id__": 4
        },
        "_sizeMode": 0
      },
      {
        "__type__": "cc.Widget",
        "node": {
          "__id__": 4
        },
        "alignMode": 0,
        "_alignFlags": 45,
        "_originalWidth": 100,
        "_originalHeight": 100
      },
      {
        "__type__": "6589f9dqZxMqaTSv4LcwdCv",
        "node": {
          "__id__": 4
        },
        "scrollSpeed": 7.2,
        "bodyCountLb": {
          "__id__": 11
        },
        "snakeHead": {
          "__id__": 8
        },
        "huDunNode": {
          "__id__": 13
        },
        "gameEndPrefab": {
          "__uuid__": "60425231-65c9-45b3-9b9c-bf39284a7594"
        },
        "boxNodePrefab": {
          "__uuid__": "7489921c-7ee2-412c-ba14-c4a72b7a6257"
        },
        "guideNodePrefab": {
          "__uuid__": "a4323209-44af-4fff-a73e-a5afc436a4ca"
        },
        "hbNodePre": {
          "__uuid__": "8fa0241f-3876-4d41-afab-629c92851ef7"
        },
        "hbIcon": {
          "__id__": 14
        },
        "tailNode": {
          "__id__": 7
        },
        "effectBg": {
          "__id__": 5
        },
        "head2": {
          "__id__": 9
        },
        "magnetNode": {
          "__id__": 10
        }
      }
    ],
    "_contentSize": {
      "__type__": "cc.Size",
      "width": 720,
      "height": 1280
    },
    "_zIndex": 0,
    "_trs": {
      "__type__": "TypedArray",
      "ctor": "Float64Array",
      "array": [
        0,
        0,
        0,
        0,
        0,
        0,
        1,
        1,
        1,
        1
      ]
    }
  },
  {
    "__type__": "cc.Node",
    "_name": "effectBg",
    "_parent": {
      "__id__": 4
    },
    "_children": [
      {
        "__id__": 6
      }
    ],
    "_active": false,
    "_level": 1,
    "_components": [
      {
        "__type__": "cc.Sprite",
        "node": {
          "__id__": 5
        },
        "_sizeMode": 0
      },
      {
        "__type__": "cc.Widget",
        "node": {
          "__id__": 5
        },
        "_alignFlags": 45,
        "_left": -5,
        "_right": -5,
        "_originalWidth": 100,
        "_originalHeight": 100
      }
    ],
    "_contentSize": {
      "__type__": "cc.Size",
      "width": 730,
      "height": 1280
    },
    "_zIndex": 0,
    "_trs": {
      "__type__": "TypedArray",
      "ctor": "Float64Array",
      "array": [
        0,
        0,
        0,
        0,
        0,
        0,
        1,
        1,
        1,
        1
      ]
    }
  },
  {
    "__type__": "cc.Node",
    "_name": "particle_texture2",
    "_parent": {
      "__id__": 5
    },
    "_level": 2,
    "_components": [
      {
        "__type__": "cc.ParticleSystem",
        "node": {
          "__id__": 6
        },
        "_custom": true,
        "_file": {
          "__uuid__": "3ef149f6-bb22-467b-be72-575af0cbef29"
        },
        "_spriteFrame": {
          "__uuid__": "fd844252-106c-43a1-8298-c990a9e795b3"
        },
        "_dstBlendFactor": 1,
        "totalParticles": 64,
        "emissionRate": 50,
        "life": 0.8,
        "_startColor": {
          "__type__": "cc.Color",
          "r": 255,
          "g": 255,
          "b": 255
        },
        "_startColorVar": {
          "__type__": "cc.Color",
          "a": 0
        },
        "_endColor": {
          "__type__": "cc.Color",
          "a": 0
        },
        "_endColorVar": {
          "__type__": "cc.Color",
          "a": 0
        },
        "angle": -90,
        "angleVar": 0,
        "startSize": 100,
        "endSize": -1,
        "posVar": {
          "__type__": "cc.Vec2",
          "x": 360,
          "y": 640
        },
        "speed": 1100,
        "speedVar": 0,
        "tangentialAccel": 0
      }
    ],
    "_zIndex": 0,
    "_trs": {
      "__type__": "TypedArray",
      "ctor": "Float64Array",
      "array": [
        0,
        0,
        0,
        0,
        0,
        0,
        1,
        1,
        1,
        1
      ]
    }
  },
  {
    "__type__": "cc.Node",
    "_name": "tailParticle",
    "_parent": {
      "__id__": 4
    },
    "_active": false,
    "_level": 1,
    "_components": [
      {
        "__type__": "cc.ParticleSystem",
        "node": {
          "__id__": 7
        },
        "_custom": true,
        "_spriteFrame": {
          "__uuid__": "b24678f3-5a31-42e4-af79-4126bfb0ef17"
        },
        "_dstBlendFactor": 1,
        "totalParticles": 100,
        "emissionRate": 80,
        "lifeVar": 0.5,
        "_startColor": {
          "__type__": "cc.Color",
          "r": 255,
          "g": 86,
          "b": 25
        },
        "_startColorVar": {
          "__type__": "cc.Color",
          "a": 0
        },
        "_endColor": {
          "__type__": "cc.Color",
          "r": 255,
          "a": 125
        },
        "_endColorVar": {
          "__type__": "cc.Color",
          "a": 0
        },
        "angle": -90,
        "angleVar": 10,
        "startSize": 70,
        "startSizeVar": 10,
        "endSize": 120,
        "endSizeVar": 20,
        "startSpin": 360,
        "startSpinVar": 60,
        "speed": 800,
        "speedVar": 0,
        "tangentialAccel": 0
      }
    ],
    "_zIndex": 0,
    "_trs": {
      "__type__": "TypedArray",
      "ctor": "Float64Array",
      "array": [
        null,
        10,
        0,
        0,
        0,
        0,
        1,
        1,
        1,
        1
      ]
    }
  },
  {
    "__type__": "cc.Node",
    "_name": "head",
    "_parent": {
      "__id__": 4
    },
    "_components": [
      {
        "__type__": "cc.Sprite",
        "node": {
          "__id__": 8
        },
        "_sizeMode": 0
      },
      {
        "__type__": "ef527BNe0pNu4ubEFg5n1hO",
        "node": {
          "__id__": 8
        }
      }
    ],
    "_contentSize": {
      "__type__": "cc.Size",
      "width": 54,
      "height": 59
    },
    "_zIndex": 0,
    "_trs": {
      "__type__": "TypedArray",
      "ctor": "Float64Array",
      "array": [
        0,
        0,
        0,
        0,
        0,
        0,
        1,
        1,
        1,
        1
      ]
    }
  },
  {
    "__type__": "cc.Node",
    "_name": "head2",
    "_parent": {
      "__id__": 4
    },
    "_level": 1,
    "_components": [
      {
        "__type__": "cc.Sprite",
        "node": {
          "__id__": 9
        },
        "_spriteFrame": {
          "__uuid__": "8a76fa35-8135-455f-abbd-663933275366"
        }
      }
    ],
    "_contentSize": {
      "__type__": "cc.Size",
      "width": 47,
      "height": 42
    },
    "_zIndex": 0,
    "_trs": {
      "__type__": "TypedArray",
      "ctor": "Float64Array",
      "array": [
        0,
        0,
        0,
        0,
        0,
        0,
        1,
        1,
        1,
        1
      ]
    }
  },
  {
    "__type__": "cc.Node",
    "_name": "magnet",
    "_parent": {
      "__id__": 4
    },
    "_active": false,
    "_components": [
      {
        "__type__": "cc.Sprite",
        "node": {
          "__id__": 10
        },
        "_spriteFrame": {
          "__uuid__": "23687c2f-13bf-4054-8570-8669bc611ab7"
        },
        "_sizeMode": 0
      }
    ],
    "_color": {
      "__type__": "cc.Color",
      "r": 210,
      "g": 135,
      "b": 22
    },
    "_contentSize": {
      "__type__": "cc.Size",
      "width": 60,
      "height": 60
    },
    "_zIndex": 0,
    "_trs": {
      "__type__": "TypedArray",
      "ctor": "Float64Array",
      "array": [
        0,
        0,
        0,
        0,
        0,
        0,
        1,
        1,
        1,
        1
      ]
    }
  },
  {
    "__type__": "cc.Label",
    "node": {
      "__id__": 12
    },
    "_useOriginalSize": false,
    "_string": "0",
    "_N$string": "0",
    "_lineHeight": 120,
    "_N$file": {
      "__uuid__": "7fb48414-e05d-4345-9536-9aad7cbd6ff4"
    },
    "_isSystemFontUsed": false,
    "_N$horizontalAlign": 1,
    "_N$verticalAlign": 1
  },
  {
    "__type__": "cc.Node",
    "_name": "bodyCountLb",
    "_parent": {
      "__id__": 2
    },
    "_level": 2,
    "_components": [
      {
        "__id__": 11
      }
    ],
    "_contentSize": {
      "__type__": "cc.Size",
      "width": 18.33,
      "height": 40
    },
    "_zIndex": 0,
    "_trs": {
      "__type__": "TypedArray",
      "ctor": "Float64Array",
      "array": [
        null,
        41,
        0,
        0,
        0,
        0,
        1,
        1,
        1,
        1
      ]
    }
  },
  {
    "__type__": "cc.Node",
    "_name": "hudun",
    "_parent": {
      "__id__": 2
    },
    "_active": false,
    "_level": 2,
    "_components": [
      {
        "__type__": "cc.Sprite",
        "node": {
          "__id__": 13
        },
        "_spriteFrame": {
          "__uuid__": "98faead6-ef77-47aa-9bc7-9b5322cbad7c"
        }
      }
    ],
    "_contentSize": {
      "__type__": "cc.Size",
      "width": 120,
      "height": 123
    },
    "_zIndex": 0,
    "_trs": {
      "__type__": "TypedArray",
      "ctor": "Float64Array",
      "array": [
        null,
        18.1,
        0,
        0,
        0,
        0,
        1,
        1,
        1,
        1
      ]
    }
  },
  {
    "__type__": "cc.Node",
    "_name": "hbIcon",
    "_parent": {
      "__id__": 2
    },
    "_level": 2,
    "_components": [
      {
        "__type__": "cc.Sprite",
        "node": {
          "__id__": 14
        },
        "_spriteFrame": {
          "__uuid__": "73effe5c-a66c-4478-9e62-6ddbbb44157a"
        }
      }
    ],
    "_contentSize": {
      "__type__": "cc.Size",
      "width": 73,
      "height": 65
    },
    "_zIndex": 0,
    "_trs": {
      "__type__": "TypedArray",
      "ctor": "Float64Array",
      "array": [
        -444,
        -599,
        0,
        0,
        0,
        0,
        1,
        1,
        1,
        1
      ]
    }
  },
  {
    "__type__": "cc.Node",
    "_name": "lblNode",
    "_parent": {
      "__id__": 2
    },
    "_components": [
      {
        "__type__": "cc.Widget",
        "node": {
          "__id__": 15
        },
        "alignMode": 0,
        "_alignFlags": 45
      }
    ],
    "_contentSize": {
      "__type__": "cc.Size",
      "width": 720,
      "height": 1280
    },
    "_zIndex": 0,
    "_trs": {
      "__type__": "TypedArray",
      "ctor": "Float64Array",
      "array": [
        0,
        0,
        0,
        0,
        0,
        0,
        1,
        1,
        1,
        1
      ]
    }
  },
  {
    "__type__": "cc.Node",
    "_name": "scoreLb",
    "_parent": {
      "__id__": 2
    },
    "_level": 2,
    "_components": [
      {
        "__id__": 17
      },
      {
        "__type__": "cc.Widget",
        "node": {
          "__id__": 16
        },
        "alignMode": 0,
        "_alignFlags": 17,
        "_left": 20,
        "_right": 450,
        "_top": 19,
        "_bottom": 1196,
        "_originalWidth": 364,
        "_originalHeight": 70
      }
    ],
    "_contentSize": {
      "__type__": "cc.Size",
      "width": 176,
      "height": 70
    },
    "_zIndex": 0,
    "_trs": {
      "__type__": "TypedArray",
      "ctor": "Float64Array",
      "array": [
        null,
        586,
        0,
        0,
        0,
        0,
        1,
        1,
        1,
        1
      ]
    }
  },
  {
    "__type__": "cc.Label",
    "node": {
      "__id__": 16
    },
    "_useOriginalSize": false,
    "_string": "0",
    "_N$string": "0",
    "_fontSize": 64,
    "_lineHeight": 120,
    "_N$file": {
      "__uuid__": "7fb48414-e05d-4345-9536-9aad7cbd6ff4"
    },
    "_isSystemFontUsed": false,
    "_N$horizontalAlign": 1,
    "_N$verticalAlign": 1,
    "_N$overflow": 2
  },
  {
    "__type__": "cc.Node",
    "_name": "socre_bg",
    "_parent": {
      "__id__": 2
    },
    "_active": false,
    "_components": [
      {
        "__type__": "cc.Sprite",
        "node": {
          "__id__": 18
        },
        "_spriteFrame": {
          "__uuid__": "628be81d-4c28-4f14-94aa-2f002580fd34"
        },
        "_sizeMode": 2
      },
      {
        "__type__": "cc.Widget",
        "node": {
          "__id__": 18
        },
        "alignMode": 0,
        "_alignFlags": 9,
        "_top": 19
      }
    ],
    "_contentSize": {
      "__type__": "cc.Size",
      "width": 176,
      "height": 70
    },
    "_zIndex": 0,
    "_trs": {
      "__type__": "TypedArray",
      "ctor": "Float64Array",
      "array": [
        -272,
        586,
        0,
        0,
        0,
        0,
        1,
        1,
        1,
        1
      ]
    }
  },
  {
    "__type__": "cc.Node",
    "_name": "particleNode",
    "_parent": {
      "__id__": 2
    },
    "_components": [
      {
        "__type__": "cc.Widget",
        "node": {
          "__id__": 19
        },
        "alignMode": 0,
        "_alignFlags": 45
      }
    ],
    "_contentSize": {
      "__type__": "cc.Size",
      "width": 720,
      "height": 1280
    },
    "_zIndex": 0,
    "_trs": {
      "__type__": "TypedArray",
      "ctor": "Float64Array",
      "array": [
        0,
        0,
        0,
        0,
        0,
        0,
        1,
        1,
        1,
        1
      ]
    }
  },
  {
    "__type__": "cc.Node",
    "_name": "timeSp",
    "_parent": {
      "__id__": 2
    },
    "_children": [
      {
        "__id__": 21
      }
    ],
    "_active": false,
    "_components": [
      {
        "__type__": "cc.Sprite",
        "node": {
          "__id__": 20
        },
        "_spriteFrame": {
          "__uuid__": "27865a6c-2e74-445d-82ce-b9631becb40c"
        },
        "_sizeMode": 2
      },
      {
        "__type__": "cc.Widget",
        "node": {
          "__id__": 20
        },
        "alignMode": 0,
        "_alignFlags": 18
      }
    ],
    "_contentSize": {
      "__type__": "cc.Size",
      "width": 260,
      "height": 260
    },
    "_zIndex": 0,
    "_trs": {
      "__type__": "TypedArray",
      "ctor": "Float64Array",
      "array": [
        0,
        0,
        0,
        0,
        0,
        0,
        1,
        1,
        1,
        1
      ]
    }
  },
  {
    "__type__": "cc.Node",
    "_name": "label",
    "_parent": {
      "__id__": 20
    },
    "_components": [
      {
        "__id__": 22
      },
      {
        "__type__": "cc.Widget",
        "node": {
          "__id__": 21
        },
        "alignMode": 0,
        "_alignFlags": 45,
        "_originalWidth": 98,
        "_originalHeight": 40
      }
    ],
    "_color": {
      "__type__": "cc.Color",
      "r": 243,
      "g": 142,
      "b": 52
    },
    "_contentSize": {
      "__type__": "cc.Size",
      "width": 260,
      "height": 260
    },
    "_zIndex": 0,
    "_trs": {
      "__type__": "TypedArray",
      "ctor": "Float64Array",
      "array": [
        0,
        0,
        0,
        0,
        0,
        0,
        1,
        1,
        1,
        1
      ]
    }
  },
  {
    "__type__": "cc.Label",
    "node": {
      "__id__": 21
    },
    "_useOriginalSize": false,
    "_string": "3",
    "_N$string": "3",
    "_fontSize": 170,
    "_lineHeight": 170,
    "_N$horizontalAlign": 1,
    "_N$verticalAlign": 1,
    "_N$overflow": 2
  },
  {
    "__type__": "cc.Node",
    "_name": "hdprg",
    "_parent": {
      "__id__": 2
    },
    "_children": [
      {
        "__id__": 24
      }
    ],
    "_active": false,
    "_components": [
      {
        "__type__": "cc.Sprite",
        "node": {
          "__id__": 23
        },
        "_spriteFrame": {
          "__uuid__": "ebc8a159-e9ed-43b1-8e4c-bc3fd4487cc3"
        }
      },
      {
        "__id__": 26
      },
      {
        "__type__": "cc.Widget",
        "node": {
          "__id__": 23
        },
        "alignMode": 0,
        "_alignFlags": 10,
        "_left": 8.5,
        "_right": 655,
        "_verticalCenter": 380
      }
    ],
    "_contentSize": {
      "__type__": "cc.Size",
      "width": 39,
      "height": 238
    },
    "_zIndex": 0,
    "_trs": {
      "__type__": "TypedArray",
      "ctor": "Float64Array",
      "array": [
        -332,
        380,
        0,
        0,
        0,
        0,
        1,
        1,
        1,
        1
      ]
    }
  },
  {
    "__type__": "cc.Node",
    "_name": "bar",
    "_parent": {
      "__id__": 23
    },
    "_components": [
      {
        "__id__": 25
      }
    ],
    "_contentSize": {
      "__type__": "cc.Size",
      "width": 25,
      "height": 224
    },
    "_zIndex": 0,
    "_trs": {
      "__type__": "TypedArray",
      "ctor": "Float64Array",
      "array": [
        0,
        0,
        0,
        0,
        0,
        0,
        1,
        1,
        1,
        1
      ]
    }
  },
  {
    "__type__": "cc.Sprite",
    "node": {
      "__id__": 24
    },
    "_spriteFrame": {
      "__uuid__": "dc10fcb7-b91e-4579-82b1-61b2711f9ab1"
    },
    "_type": 3,
    "_fillType": 1,
    "_fillCenter": {
      "__type__": "cc.Vec2",
      "x": 0.5,
      "y": 0.5
    },
    "_fillRange": 1
  },
  {
    "__type__": "cc.ProgressBar",
    "node": {
      "__id__": 23
    },
    "_N$barSprite": {
      "__id__": 25
    },
    "_N$mode": 2
  },
  {
    "__type__": "cc.Node",
    "_name": "icePrg",
    "_parent": {
      "__id__": 2
    },
    "_children": [
      {
        "__id__": 28
      }
    ],
    "_active": false,
    "_level": 2,
    "_components": [
      {
        "__type__": "cc.Sprite",
        "node": {
          "__id__": 27
        },
        "_spriteFrame": {
          "__uuid__": "ce030df9-19f7-46bd-b7af-5029c680e137"
        },
        "_sizeMode": 0
      },
      {
        "__id__": 30
      },
      {
        "__type__": "cc.Widget",
        "node": {
          "__id__": 27
        },
        "_alignFlags": 16
      }
    ],
    "_color": {
      "__type__": "cc.Color",
      "r": 153,
      "g": 153,
      "b": 153
    },
    "_contentSize": {
      "__type__": "cc.Size",
      "width": 84,
      "height": 87
    },
    "_zIndex": 0,
    "_trs": {
      "__type__": "TypedArray",
      "ctor": "Float64Array",
      "array": [
        null,
        466,
        0,
        0,
        0,
        0,
        1,
        1,
        1,
        1
      ]
    }
  },
  {
    "__type__": "cc.Node",
    "_name": "bar",
    "_parent": {
      "__id__": 27
    },
    "_components": [
      {
        "__id__": 29
      }
    ],
    "_contentSize": {
      "__type__": "cc.Size",
      "width": 84,
      "height": 87
    },
    "_anchorPoint": {
      "__type__": "cc.Vec2",
      "y": 0.5
    },
    "_zIndex": 0,
    "_trs": {
      "__type__": "TypedArray",
      "ctor": "Float64Array",
      "array": [
        -42,
        1,
        0,
        0,
        0,
        0,
        1,
        1,
        1,
        1
      ]
    }
  },
  {
    "__type__": "cc.Sprite",
    "node": {
      "__id__": 28
    },
    "_spriteFrame": {
      "__uuid__": "ce030df9-19f7-46bd-b7af-5029c680e137"
    },
    "_type": 3,
    "_sizeMode": 0,
    "_fillType": 2,
    "_fillCenter": {
      "__type__": "cc.Vec2",
      "x": 0.5,
      "y": 0.5
    },
    "_fillStart": 0.25,
    "_fillRange": 1
  },
  {
    "__type__": "cc.ProgressBar",
    "node": {
      "__id__": 27
    },
    "_N$barSprite": {
      "__id__": 29
    },
    "_N$mode": 2
  },
  {
    "__type__": "cc.Node",
    "_name": "goldBg",
    "_parent": {
      "__id__": 2
    },
    "_children": [
      {
        "__id__": 32
      },
      {
        "__id__": 33
      }
    ],
    "_level": 2,
    "_components": [
      {
        "__type__": "cc.Sprite",
        "node": {
          "__id__": 31
        },
        "_spriteFrame": {
          "__uuid__": "47827bdc-3933-409b-976d-221e8a199309"
        },
        "_sizeMode": 0
      },
      {
        "__type__": "cc.Widget",
        "node": {
          "__id__": 31
        },
        "alignMode": 0,
        "_alignFlags": 9,
        "_left": 16.80000000000001,
        "_top": 30
      }
    ],
    "_contentSize": {
      "__type__": "cc.Size",
      "width": 170,
      "height": 56
    },
    "_zIndex": 0,
    "_trs": {
      "__type__": "TypedArray",
      "ctor": "Float64Array",
      "array": [
        -258.2,
        582,
        0,
        0,
        0,
        0,
        1,
        1,
        1,
        1
      ]
    }
  },
  {
    "__type__": "cc.Node",
    "_name": "icon",
    "_parent": {
      "__id__": 31
    },
    "_components": [
      {
        "__type__": "cc.Sprite",
        "node": {
          "__id__": 32
        },
        "_spriteFrame": {
          "__uuid__": "a3291450-3973-467c-9936-708f01776c97"
        }
      },
      {
        "__type__": "cc.Widget",
        "node": {
          "__id__": 32
        },
        "alignMode": 0,
        "_alignFlags": 10,
        "_left": -6.300000000000004
      }
    ],
    "_contentSize": {
      "__type__": "cc.Size",
      "width": 60,
      "height": 60
    },
    "_zIndex": 0,
    "_trs": {
      "__type__": "TypedArray",
      "ctor": "Float64Array",
      "array": [
        -61.30000000000001,
        null,
        0,
        0,
        0,
        0,
        1,
        1,
        1,
        1
      ]
    }
  },
  {
    "__type__": "cc.Node",
    "_name": "count",
    "_parent": {
      "__id__": 31
    },
    "_components": [
      {
        "__id__": 34
      },
      {
        "__type__": "cc.Widget",
        "node": {
          "__id__": 33
        },
        "alignMode": 0,
        "_alignFlags": 2,
        "_verticalCenter": -2
      }
    ],
    "_contentSize": {
      "__type__": "cc.Size",
      "width": 88.9,
      "height": 56
    },
    "_zIndex": 0,
    "_trs": {
      "__type__": "TypedArray",
      "ctor": "Float64Array",
      "array": [
        23.1,
        -2,
        0,
        0,
        0,
        0,
        1,
        1,
        1,
        1
      ]
    }
  },
  {
    "__type__": "cc.Label",
    "node": {
      "__id__": 33
    },
    "_useOriginalSize": false,
    "_string": "0",
    "_N$string": "0",
    "_lineHeight": 120,
    "_N$file": {
      "__uuid__": "7fb48414-e05d-4345-9536-9aad7cbd6ff4"
    },
    "_isSystemFontUsed": false,
    "_N$verticalAlign": 1,
    "_N$overflow": 2
  },
  {
    "__type__": "cc.Node",
    "_name": "goldIcon",
    "_parent": {
      "__id__": 2
    },
    "_level": 2,
    "_components": [
      {
        "__type__": "cc.Sprite",
        "node": {
          "__id__": 35
        },
        "_spriteFrame": {
          "__uuid__": "a3291450-3973-467c-9936-708f01776c97"
        }
      },
      {
        "__type__": "cc.Widget",
        "node": {
          "__id__": 35
        },
        "alignMode": 0,
        "_alignFlags": 10,
        "_left": -67,
        "_verticalCenter": -8
      }
    ],
    "_contentSize": {
      "__type__": "cc.Size",
      "width": 60,
      "height": 60
    },
    "_zIndex": 0,
    "_trs": {
      "__type__": "TypedArray",
      "ctor": "Float64Array",
      "array": [
        -397,
        -8,
        0,
        0,
        0,
        0,
        1,
        1,
        1,
        1
      ]
    }
  },
  {
    "__type__": "cc.Node",
    "_name": "btnLayout",
    "_parent": {
      "__id__": 2
    },
    "_children": [
      {
        "__id__": 37
      },
      {
        "__id__": 42
      }
    ],
    "_level": 2,
    "_components": [
      {
        "__type__": "cc.Sprite",
        "node": {
          "__id__": 36
        },
        "_type": 1,
        "_sizeMode": 0
      },
      {
        "__type__": "cc.Layout",
        "node": {
          "__id__": 36
        },
        "_layoutSize": {
          "__type__": "cc.Size",
          "width": 91,
          "height": 242
        },
        "_resize": 1,
        "_N$layoutType": 2,
        "_N$spacingY": 60
      },
      {
        "__type__": "cc.Widget",
        "node": {
          "__id__": 36
        },
        "_alignFlags": 34,
        "_bottom": 350,
        "_verticalCenter": -100
      }
    ],
    "_contentSize": {
      "__type__": "cc.Size",
      "width": 91,
      "height": 242
    },
    "_zIndex": 0,
    "_trs": {
      "__type__": "TypedArray",
      "ctor": "Float64Array",
      "array": [
        314.5,
        -100,
        0,
        0,
        0,
        0,
        1,
        1,
        1,
        1
      ]
    }
  },
  {
    "__type__": "cc.Node",
    "_name": "btnInvincible",
    "_parent": {
      "__id__": 36
    },
    "_children": [
      {
        "__id__": 38
      },
      {
        "__id__": 39
      }
    ],
    "_level": 3,
    "_components": [
      {
        "__type__": "cc.Sprite",
        "node": {
          "__id__": 37
        },
        "_spriteFrame": {
          "__uuid__": "4ece71ec-3561-479e-8fe1-89c4f7a25911"
        },
        "_type": 1,
        "_sizeMode": 2
      },
      {
        "__type__": "cc.Button",
        "node": {
          "__id__": 37
        },
        "clickEvents": [
          {
            "__type__": "cc.ClickEvent",
            "target": {
              "__id__": 2
            },
            "component": "gameScene",
            "handler": "invincibleClick"
          }
        ],
        "_N$transition": 3,
        "transition": 3,
        "_N$normalColor": {
          "__type__": "cc.Color",
          "r": 255,
          "g": 255,
          "b": 255
        },
        "_N$pressedColor": {
          "__type__": "cc.Color",
          "r": 255,
          "g": 255,
          "b": 255
        },
        "pressedColor": {
          "__type__": "cc.Color",
          "r": 255,
          "g": 255,
          "b": 255
        },
        "_N$disabledColor": {
          "__type__": "cc.Color",
          "r": 255,
          "g": 255,
          "b": 255
        },
        "_N$normalSprite": {
          "__uuid__": "f0048c10-f03e-4c97-b9d3-3506e1d58952"
        },
        "_N$pressedSprite": {
          "__uuid__": "e9ec654c-97a2-4787-9325-e6a10375219a"
        },
        "pressedSprite": {
          "__uuid__": "e9ec654c-97a2-4787-9325-e6a10375219a"
        },
        "_N$hoverSprite": {
          "__uuid__": "f0048c10-f03e-4c97-b9d3-3506e1d58952"
        },
        "hoverSprite": {
          "__uuid__": "f0048c10-f03e-4c97-b9d3-3506e1d58952"
        },
        "_N$disabledSprite": {
          "__uuid__": "29158224-f8dd-4661-a796-1ffab537140e"
        },
        "_N$target": {
          "__id__": 37
        }
      }
    ],
    "_contentSize": {
      "__type__": "cc.Size",
      "width": 91,
      "height": 91
    },
    "_zIndex": 0,
    "_trs": {
      "__type__": "TypedArray",
      "ctor": "Float64Array",
      "array": [
        null,
        75.5,
        0,
        0,
        0,
        0,
        1,
        1,
        1,
        1
      ]
    }
  },
  {
    "__type__": "cc.Node",
    "_name": "icon",
    "_parent": {
      "__id__": 37
    },
    "_level": 4,
    "_components": [
      {
        "__type__": "cc.Sprite",
        "node": {
          "__id__": 38
        },
        "_spriteFrame": {
          "__uuid__": "c88db918-181e-404e-9443-500153a7e2c6"
        }
      }
    ],
    "_contentSize": {
      "__type__": "cc.Size",
      "width": 42,
      "height": 50
    },
    "_zIndex": 0,
    "_trs": {
      "__type__": "TypedArray",
      "ctor": "Float64Array",
      "array": [
        0,
        0,
        0,
        0,
        0,
        0,
        1,
        1,
        1,
        1
      ]
    }
  },
  {
    "__type__": "cc.Node",
    "_name": "layout",
    "_parent": {
      "__id__": 37
    },
    "_children": [
      {
        "__id__": 40
      },
      {
        "__id__": 41
      }
    ],
    "_level": 4,
    "_components": [
      {
        "__type__": "cc.Sprite",
        "node": {
          "__id__": 39
        },
        "_type": 1,
        "_sizeMode": 0
      },
      {
        "__type__": "cc.Layout",
        "node": {
          "__id__": 39
        },
        "_layoutSize": {
          "__type__": "cc.Size",
          "width": 67.59,
          "height": 36
        },
        "_resize": 1,
        "_N$layoutType": 1,
        "_N$spacingX": 2
      }
    ],
    "_contentSize": {
      "__type__": "cc.Size",
      "width": 67.59,
      "height": 36
    },
    "_zIndex": 0,
    "_trs": {
      "__type__": "TypedArray",
      "ctor": "Float64Array",
      "array": [
        null,
        -66,
        0,
        0,
        0,
        0,
        1,
        1,
        1,
        1
      ]
    }
  },
  {
    "__type__": "cc.Node",
    "_name": "gold",
    "_parent": {
      "__id__": 39
    },
    "_level": 2,
    "_components": [
      {
        "__type__": "cc.Sprite",
        "node": {
          "__id__": 40
        },
        "_spriteFrame": {
          "__uuid__": "a3291450-3973-467c-9936-708f01776c97"
        },
        "_sizeMode": 0
      }
    ],
    "_contentSize": {
      "__type__": "cc.Size",
      "width": 30,
      "height": 30
    },
    "_zIndex": 0,
    "_trs": {
      "__type__": "TypedArray",
      "ctor": "Float64Array",
      "array": [
        -18.795,
        null,
        0,
        0,
        0,
        0,
        1,
        1,
        1,
        1
      ]
    }
  },
  {
    "__type__": "cc.Node",
    "_name": "unLockGoldLb",
    "_parent": {
      "__id__": 39
    },
    "_level": 2,
    "_components": [
      {
        "__type__": "cc.Label",
        "node": {
          "__id__": 41
        },
        "_useOriginalSize": false,
        "_string": "30",
        "_N$string": "30",
        "_fontSize": 32,
        "_lineHeight": 32,
        "_N$horizontalAlign": 1,
        "_N$verticalAlign": 1
      }
    ],
    "_contentSize": {
      "__type__": "cc.Size",
      "width": 35.59,
      "height": 32
    },
    "_zIndex": 0,
    "_trs": {
      "__type__": "TypedArray",
      "ctor": "Float64Array",
      "array": [
        16,
        null,
        0,
        0,
        0,
        0,
        1,
        1,
        1,
        1
      ]
    }
  },
  {
    "__type__": "cc.Node",
    "_name": "btnShoot",
    "_parent": {
      "__id__": 36
    },
    "_children": [
      {
        "__id__": 43
      },
      {
        "__id__": 44
      }
    ],
    "_level": 3,
    "_components": [
      {
        "__type__": "cc.Sprite",
        "node": {
          "__id__": 42
        },
        "_spriteFrame": {
          "__uuid__": "4ece71ec-3561-479e-8fe1-89c4f7a25911"
        },
        "_type": 1,
        "_sizeMode": 2
      },
      {
        "__type__": "cc.Button",
        "node": {
          "__id__": 42
        },
        "clickEvents": [
          {
            "__type__": "cc.ClickEvent",
            "target": {
              "__id__": 2
            },
            "component": "gameScene",
            "handler": "shootClick"
          }
        ],
        "_N$transition": 3,
        "transition": 3,
        "_N$normalColor": {
          "__type__": "cc.Color",
          "r": 255,
          "g": 255,
          "b": 255
        },
        "_N$pressedColor": {
          "__type__": "cc.Color",
          "r": 255,
          "g": 255,
          "b": 255
        },
        "pressedColor": {
          "__type__": "cc.Color",
          "r": 255,
          "g": 255,
          "b": 255
        },
        "_N$disabledColor": {
          "__type__": "cc.Color",
          "r": 255,
          "g": 255,
          "b": 255
        },
        "_N$normalSprite": {
          "__uuid__": "f0048c10-f03e-4c97-b9d3-3506e1d58952"
        },
        "_N$pressedSprite": {
          "__uuid__": "e9ec654c-97a2-4787-9325-e6a10375219a"
        },
        "pressedSprite": {
          "__uuid__": "e9ec654c-97a2-4787-9325-e6a10375219a"
        },
        "_N$hoverSprite": {
          "__uuid__": "f0048c10-f03e-4c97-b9d3-3506e1d58952"
        },
        "hoverSprite": {
          "__uuid__": "f0048c10-f03e-4c97-b9d3-3506e1d58952"
        },
        "_N$disabledSprite": {
          "__uuid__": "29158224-f8dd-4661-a796-1ffab537140e"
        },
        "_N$target": {
          "__id__": 42
        }
      }
    ],
    "_contentSize": {
      "__type__": "cc.Size",
      "width": 91,
      "height": 91
    },
    "_zIndex": 0,
    "_trs": {
      "__type__": "TypedArray",
      "ctor": "Float64Array",
      "array": [
        null,
        -75.5,
        0,
        0,
        0,
        0,
        1,
        1,
        1,
        1
      ]
    }
  },
  {
    "__type__": "cc.Node",
    "_name": "icon",
    "_parent": {
      "__id__": 42
    },
    "_level": 4,
    "_components": [
      {
        "__type__": "cc.Sprite",
        "node": {
          "__id__": 43
        },
        "_spriteFrame": {
          "__uuid__": "fe9acdc9-fd0a-47f1-a875-12023e4f4693"
        }
      }
    ],
    "_contentSize": {
      "__type__": "cc.Size",
      "width": 44,
      "height": 71
    },
    "_zIndex": 0,
    "_trs": {
      "__type__": "TypedArray",
      "ctor": "Float64Array",
      "array": [
        0,
        0,
        0,
        0,
        0,
        0,
        1,
        1,
        1,
        1
      ]
    }
  },
  {
    "__type__": "cc.Node",
    "_name": "layout",
    "_parent": {
      "__id__": 42
    },
    "_children": [
      {
        "__id__": 45
      },
      {
        "__id__": 46
      }
    ],
    "_level": 4,
    "_components": [
      {
        "__type__": "cc.Sprite",
        "node": {
          "__id__": 44
        },
        "_type": 1,
        "_sizeMode": 0
      },
      {
        "__type__": "cc.Layout",
        "node": {
          "__id__": 44
        },
        "_layoutSize": {
          "__type__": "cc.Size",
          "width": 67.59,
          "height": 36
        },
        "_resize": 1,
        "_N$layoutType": 1,
        "_N$spacingX": 2
      }
    ],
    "_contentSize": {
      "__type__": "cc.Size",
      "width": 67.59,
      "height": 36
    },
    "_zIndex": 0,
    "_trs": {
      "__type__": "TypedArray",
      "ctor": "Float64Array",
      "array": [
        null,
        -66,
        0,
        0,
        0,
        0,
        1,
        1,
        1,
        1
      ]
    }
  },
  {
    "__type__": "cc.Node",
    "_name": "gold",
    "_parent": {
      "__id__": 44
    },
    "_level": 2,
    "_components": [
      {
        "__type__": "cc.Sprite",
        "node": {
          "__id__": 45
        },
        "_spriteFrame": {
          "__uuid__": "a3291450-3973-467c-9936-708f01776c97"
        },
        "_sizeMode": 0
      }
    ],
    "_contentSize": {
      "__type__": "cc.Size",
      "width": 30,
      "height": 30
    },
    "_zIndex": 0,
    "_trs": {
      "__type__": "TypedArray",
      "ctor": "Float64Array",
      "array": [
        -18.795,
        null,
        0,
        0,
        0,
        0,
        1,
        1,
        1,
        1
      ]
    }
  },
  {
    "__type__": "cc.Node",
    "_name": "unLockGoldLb",
    "_parent": {
      "__id__": 44
    },
    "_level": 2,
    "_components": [
      {
        "__type__": "cc.Label",
        "node": {
          "__id__": 46
        },
        "_useOriginalSize": false,
        "_string": "25",
        "_N$string": "25",
        "_fontSize": 32,
        "_lineHeight": 32,
        "_N$horizontalAlign": 1,
        "_N$verticalAlign": 1
      }
    ],
    "_contentSize": {
      "__type__": "cc.Size",
      "width": 35.59,
      "height": 32
    },
    "_zIndex": 0,
    "_trs": {
      "__type__": "TypedArray",
      "ctor": "Float64Array",
      "array": [
        16,
        null,
        0,
        0,
        0,
        0,
        1,
        1,
        1,
        1
      ]
    }
  },
  {
    "__type__": "cc.Node",
    "_name": "btn_hb",
    "_parent": {
      "__id__": 2
    },
    "_children": [
      {
        "__id__": 48
      },
      {
        "__id__": 49
      },
      {
        "__id__": 50
      }
    ],
    "_level": 2,
    "_components": [
      {
        "__type__": "f7580zTdB5PrqOGU7ESnEH1",
        "node": {
          "__id__": 47
        },
        "hbnodePre": {
          "__uuid__": "8fa0241f-3876-4d41-afab-629c92851ef7"
        },
        "dlqNode": {
          "__id__": 49
        },
        "lblval": {
          "__id__": 51
        }
      },
      {
        "__type__": "cc.Animation",
        "node": {
          "__id__": 47
        },
        "_defaultClip": {
          "__uuid__": "7dd84a40-601b-41c4-9821-d75215f31c89"
        },
        "_clips": [
          {
            "__uuid__": "7dd84a40-601b-41c4-9821-d75215f31c89"
          }
        ]
      },
      {
        "__type__": "cc.Widget",
        "node": {
          "__id__": 47
        },
        "_alignFlags": 10,
        "_left": 48,
        "_verticalCenter": -150
      }
    ],
    "_prefab": {
      "__type__": "cc.PrefabInfo",
      "root": {
        "__id__": 47
      },
      "asset": {
        "__uuid__": "40d22f05-ba41-4b31-a57d-58458a52c007"
      },
      "fileId": "06IiyY/b9K76NGLQXww9C3"
    },
    "_zIndex": 0,
    "_trs": {
      "__type__": "TypedArray",
      "ctor": "Float64Array",
      "array": [
        -312,
        -150,
        0,
        0,
        0,
        0,
        1,
        1,
        1,
        1
      ]
    }
  },
  {
    "__type__": "cc.Node",
    "_name": "img_xhb",
    "_parent": {
      "__id__": 47
    },
    "_components": [
      {
        "__type__": "cc.Sprite",
        "node": {
          "__id__": 48
        },
        "_spriteFrame": {
          "__uuid__": "d820ef1c-82d5-4176-ad1b-6aa3f4f73fac"
        },
        "_sizeMode": 2
      },
      {
        "__type__": "cc.Button",
        "node": {
          "__id__": 48
        },
        "clickEvents": [
          {
            "__type__": "cc.ClickEvent",
            "target": {
              "__id__": 47
            },
            "_componentId": "f7580zTdB5PrqOGU7ESnEH1",
            "handler": "hbClick"
          }
        ],
        "_N$transition": 3,
        "transition": 3,
        "_N$target": {
          "__id__": 48
        }
      }
    ],
    "_prefab": {
      "__type__": "cc.PrefabInfo",
      "root": {
        "__id__": 47
      },
      "asset": {
        "__uuid__": "40d22f05-ba41-4b31-a57d-58458a52c007"
      },
      "fileId": "c0OvZwXFlM4Yoah37UrmAK"
    },
    "_contentSize": {
      "__type__": "cc.Size",
      "width": 73,
      "height": 65
    },
    "_zIndex": 0,
    "_trs": {
      "__type__": "TypedArray",
      "ctor": "Float64Array",
      "array": [
        0,
        0,
        0,
        0,
        0,
        0,
        1,
        1,
        1,
        1
      ]
    }
  },
  {
    "__type__": "cc.Node",
    "_name": "txt_dlq",
    "_parent": {
      "__id__": 47
    },
    "_active": false,
    "_components": [
      {
        "__type__": "cc.Sprite",
        "node": {
          "__id__": 49
        },
        "_spriteFrame": {
          "__uuid__": "26d3fa5e-c039-473a-80c7-488961a548c6"
        }
      }
    ],
    "_prefab": {
      "__type__": "cc.PrefabInfo",
      "root": {
        "__id__": 47
      },
      "asset": {
        "__uuid__": "40d22f05-ba41-4b31-a57d-58458a52c007"
      },
      "fileId": "43Sakt931Ma5KmaMKSLC58"
    },
    "_contentSize": {
      "__type__": "cc.Size",
      "width": 82,
      "height": 29
    },
    "_zIndex": 0,
    "_trs": {
      "__type__": "TypedArray",
      "ctor": "Float64Array",
      "array": [
        null,
        -7.2,
        0,
        0,
        0,
        0,
        1,
        1,
        1,
        1
      ]
    }
  },
  {
    "__type__": "cc.Node",
    "_name": "lbl_val",
    "_parent": {
      "__id__": 47
    },
    "_components": [
      {
        "__id__": 51
      }
    ],
    "_prefab": {
      "__type__": "cc.PrefabInfo",
      "root": {
        "__id__": 47
      },
      "asset": {
        "__uuid__": "40d22f05-ba41-4b31-a57d-58458a52c007"
      },
      "fileId": "1ajiDAP/hJrYaYyr8cupID"
    },
    "_color": {
      "__type__": "cc.Color",
      "r": 254,
      "g": 215,
      "b": 110
    },
    "_contentSize": {
      "__type__": "cc.Size",
      "width": 15.57,
      "height": 40
    },
    "_zIndex": 0,
    "_trs": {
      "__type__": "TypedArray",
      "ctor": "Float64Array",
      "array": [
        null,
        -9.4,
        0,
        0,
        0,
        0,
        1,
        1,
        1,
        1
      ]
    }
  },
  {
    "__type__": "cc.Label",
    "node": {
      "__id__": 50
    },
    "_useOriginalSize": false,
    "_string": "0",
    "_N$string": "0",
    "_fontSize": 28,
    "_N$horizontalAlign": 1,
    "_N$verticalAlign": 1
  },
  {
    "__type__": "cc.Node",
    "_name": "boutiqueDockAD",
    "_parent": {
      "__id__": 2
    },
    "_children": [
      {
        "__id__": 53
      },
      {
        "__id__": 55
      }
    ],
    "_level": 2,
    "_components": [
      {
        "__type__": "cc.Widget",
        "node": {
          "__id__": 52
        },
        "alignMode": 0,
        "_alignFlags": 2,
        "_bottom": 400,
        "_verticalCenter": 50
      },
      {
        "__type__": "42196/AxTtHIKZ7nF2sHvJ2",
        "node": {
          "__id__": 52
        },
        "dockDyn": {
          "__uuid__": "c0e73a13-3969-4880-ab3c-99667d36ed8e"
        },
        "container": {
          "__id__": 53
        },
        "backBtn": {
          "__id__": 54
        },
        "showBtn": {
          "__id__": 55
        }
      }
    ],
    "_prefab": {
      "__type__": "cc.PrefabInfo",
      "root": {
        "__id__": 52
      },
      "asset": {
        "__uuid__": "b70bcdb6-1040-4a7e-8b21-f3f483aeb6c8"
      },
      "fileId": "21GbeBeBFL57ur4B2tueOm"
    },
    "_zIndex": 0,
    "_trs": {
      "__type__": "TypedArray",
      "ctor": "Float64Array",
      "array": [
        null,
        50,
        0,
        0,
        0,
        0,
        1,
        1,
        1,
        1
      ]
    }
  },
  {
    "__type__": "cc.Node",
    "_name": "container",
    "_parent": {
      "__id__": 52
    },
    "_children": [
      {
        "__id__": 54
      }
    ],
    "_components": [
      {
        "__type__": "cc.Sprite",
        "node": {
          "__id__": 53
        },
        "_spriteFrame": {
          "__uuid__": "43d7f519-dd0a-4516-903b-a1ed507b3b86"
        },
        "_sizeMode": 0
      }
    ],
    "_prefab": {
      "__type__": "cc.PrefabInfo",
      "root": {
        "__id__": 52
      },
      "asset": {
        "__uuid__": "b70bcdb6-1040-4a7e-8b21-f3f483aeb6c8"
      },
      "fileId": "33bCNIk6RBJImnzXwtnZ7b"
    },
    "_contentSize": {
      "__type__": "cc.Size",
      "width": 547,
      "height": 676
    },
    "_zIndex": 0,
    "_trs": {
      "__type__": "TypedArray",
      "ctor": "Float64Array",
      "array": [
        -720,
        85,
        0,
        0,
        0,
        0,
        1,
        1,
        1,
        1
      ]
    }
  },
  {
    "__type__": "cc.Node",
    "_name": "back",
    "_parent": {
      "__id__": 53
    },
    "_components": [
      {
        "__type__": "cc.Sprite",
        "node": {
          "__id__": 54
        },
        "_spriteFrame": {
          "__uuid__": "52cf3300-b402-427e-8d46-4eac0b816d66"
        },
        "_type": 1,
        "_sizeMode": 0
      },
      {
        "__type__": "cc.Button",
        "node": {
          "__id__": 54
        },
        "clickEvents": [
          {
            "__type__": "cc.ClickEvent",
            "target": {
              "__id__": 52
            },
            "_componentId": "42196/AxTtHIKZ7nF2sHvJ2",
            "handler": "clickBack"
          }
        ],
        "_N$transition": 3,
        "transition": 3,
        "_N$normalColor": {
          "__type__": "cc.Color",
          "r": 255,
          "g": 255,
          "b": 255
        },
        "_N$pressedColor": {
          "__type__": "cc.Color",
          "r": 255,
          "g": 255,
          "b": 255
        },
        "pressedColor": {
          "__type__": "cc.Color",
          "r": 255,
          "g": 255,
          "b": 255
        },
        "_N$disabledColor": {
          "__type__": "cc.Color",
          "r": 255,
          "g": 255,
          "b": 255
        },
        "_N$normalSprite": {
          "__uuid__": "f0048c10-f03e-4c97-b9d3-3506e1d58952"
        },
        "_N$pressedSprite": {
          "__uuid__": "e9ec654c-97a2-4787-9325-e6a10375219a"
        },
        "pressedSprite": {
          "__uuid__": "e9ec654c-97a2-4787-9325-e6a10375219a"
        },
        "_N$hoverSprite": {
          "__uuid__": "e9ec654c-97a2-4787-9325-e6a10375219a"
        },
        "hoverSprite": {
          "__uuid__": "e9ec654c-97a2-4787-9325-e6a10375219a"
        },
        "_N$disabledSprite": {
          "__uuid__": "29158224-f8dd-4661-a796-1ffab537140e"
        },
        "_N$target": {
          "__id__": 54
        }
      }
    ],
    "_prefab": {
      "__type__": "cc.PrefabInfo",
      "root": {
        "__id__": 52
      },
      "asset": {
        "__uuid__": "b70bcdb6-1040-4a7e-8b21-f3f483aeb6c8"
      },
      "fileId": "26YhTfZgpF/5GAMyih64R7"
    },
    "_contentSize": {
      "__type__": "cc.Size",
      "width": 71,
      "height": 80
    },
    "_zIndex": 0,
    "_trs": {
      "__type__": "TypedArray",
      "ctor": "Float64Array",
      "array": [
        308,
        null,
        0,
        0,
        0,
        0,
        1,
        1,
        1,
        1
      ]
    }
  },
  {
    "__type__": "cc.Node",
    "_name": "showBtn",
    "_parent": {
      "__id__": 52
    },
    "_children": [
      {
        "__id__": 56
      }
    ],
    "_components": [
      {
        "__type__": "cc.Sprite",
        "node": {
          "__id__": 55
        },
        "_spriteFrame": {
          "__uuid__": "ede63cc1-682f-4d36-a879-954ea1e845fc"
        },
        "_type": 1,
        "_sizeMode": 0
      },
      {
        "__type__": "cc.Button",
        "node": {
          "__id__": 55
        },
        "clickEvents": [
          {
            "__type__": "cc.ClickEvent",
            "target": {
              "__id__": 52
            },
            "_componentId": "42196/AxTtHIKZ7nF2sHvJ2",
            "handler": "clickShow"
          }
        ],
        "_N$transition": 3,
        "transition": 3,
        "_N$normalColor": {
          "__type__": "cc.Color",
          "r": 255,
          "g": 255,
          "b": 255
        },
        "_N$pressedColor": {
          "__type__": "cc.Color",
          "r": 255,
          "g": 255,
          "b": 255
        },
        "pressedColor": {
          "__type__": "cc.Color",
          "r": 255,
          "g": 255,
          "b": 255
        },
        "_N$disabledColor": {
          "__type__": "cc.Color",
          "r": 255,
          "g": 255,
          "b": 255
        },
        "_N$normalSprite": {
          "__uuid__": "f0048c10-f03e-4c97-b9d3-3506e1d58952"
        },
        "_N$pressedSprite": {
          "__uuid__": "e9ec654c-97a2-4787-9325-e6a10375219a"
        },
        "pressedSprite": {
          "__uuid__": "e9ec654c-97a2-4787-9325-e6a10375219a"
        },
        "_N$hoverSprite": {
          "__uuid__": "e9ec654c-97a2-4787-9325-e6a10375219a"
        },
        "hoverSprite": {
          "__uuid__": "e9ec654c-97a2-4787-9325-e6a10375219a"
        },
        "_N$disabledSprite": {
          "__uuid__": "29158224-f8dd-4661-a796-1ffab537140e"
        },
        "_N$target": {
          "__id__": 55
        }
      }
    ],
    "_prefab": {
      "__type__": "cc.PrefabInfo",
      "root": {
        "__id__": 52
      },
      "asset": {
        "__uuid__": "b70bcdb6-1040-4a7e-8b21-f3f483aeb6c8"
      },
      "fileId": "25cEaDuhpAZb9fHPBPg2Ko"
    },
    "_contentSize": {
      "__type__": "cc.Size",
      "width": 70,
      "height": 79
    },
    "_zIndex": 0,
    "_trs": {
      "__type__": "TypedArray",
      "ctor": "Float64Array",
      "array": [
        -324,
        129,
        0,
        0,
        0,
        0,
        1,
        1,
        1,
        1
      ]
    }
  },
  {
    "__type__": "cc.Node",
    "_name": "boutiqueDot",
    "_parent": {
      "__id__": 55
    },
    "_components": [
      {
        "__type__": "cc.Sprite",
        "node": {
          "__id__": 56
        },
        "_spriteFrame": {
          "__uuid__": "cbd6ca81-97d0-49a2-8409-766b4aa049c7"
        }
      }
    ],
    "_prefab": {
      "__type__": "cc.PrefabInfo",
      "root": {
        "__id__": 52
      },
      "asset": {
        "__uuid__": "b70bcdb6-1040-4a7e-8b21-f3f483aeb6c8"
      },
      "fileId": "b1Q3z3qZxNkq9sqtxUZFZv"
    },
    "_contentSize": {
      "__type__": "cc.Size",
      "width": 20,
      "height": 20
    },
    "_zIndex": 0,
    "_trs": {
      "__type__": "TypedArray",
      "ctor": "Float64Array",
      "array": [
        24,
        27,
        0,
        0,
        0,
        0,
        1,
        1,
        1,
        1
      ]
    }
  },
  {
    "__type__": "cc.Node",
    "_name": "display",
    "_parent": {
      "__id__": 2
    },
    "_level": 2,
    "_components": [
      {
        "__id__": 58
      },
      {
        "__type__": "cc.Widget",
        "node": {
          "__id__": 57
        },
        "_alignFlags": 33,
        "_top": 75
      }
    ],
    "_contentSize": {
      "__type__": "cc.Size",
      "width": 103,
      "height": 160
    },
    "_zIndex": 0,
    "_trs": {
      "__type__": "TypedArray",
      "ctor": "Float64Array",
      "array": [
        308.5,
        485,
        0,
        0,
        0,
        0,
        1,
        1,
        1,
        1
      ]
    }
  },
  {
    "__type__": "cc.Sprite",
    "node": {
      "__id__": 57
    }
  },
  {
    "__type__": "cc.Node",
    "_name": "PoolNode",
    "_objFlags": 512,
    "_parent": {
      "__id__": 1
    },
    "_level": 1,
    "_components": [
      {
        "__type__": "dd044OOa6dETaRyVh5rc7DP",
        "node": {
          "__id__": 59
        },
        "blockPrefab": {
          "__uuid__": "dbf3e9a8-32de-47fe-88e1-5fa69316dc28"
        },
        "barPrefab": {
          "__uuid__": "ecee0ae2-9d79-4fa2-8060-61d51ef4fbcf"
        },
        "longBarPrefab": {
          "__uuid__": "eb626b08-ad21-40b7-b0d8-7c9921c0f30c"
        },
        "labelPrefab": {
          "__uuid__": "1d9fd1c5-f28b-4098-88d7-15586fe610e9"
        },
        "blockParticle": {
          "__uuid__": "f58a700c-388d-4a9d-8271-4dfce75990b3"
        },
        "foodPrefab": {
          "__uuid__": "9d93efae-5ddd-4b3b-b351-8457e5bb88a2"
        },
        "bodyPrefab": {
          "__uuid__": "4062bb9a-76c3-4361-b0b1-42ce19da26d6"
        },
        "bodyParticle": {
          "__uuid__": "a2ed2627-fb37-4349-943b-22377e0e0c52"
        },
        "propBox": {
          "__uuid__": "1b62c731-28c4-486a-a6fa-57141656ef60"
        },
        "skinBox": {
          "__uuid__": "455d24c4-6034-46f6-8cca-0a74e5b2cd11"
        },
        "skillPrefab": {
          "__uuid__": "0425e7d4-a279-4371-afe8-cdd5cbb6aa39"
        },
        "shootBallPrefab": {
          "__uuid__": "3188094a-9a5a-44ab-9140-fee582f73074"
        }
      }
    ],
    "_zIndex": 0,
    "_id": "9evSLJfHtMoaCS2kVT3uBy",
    "_trs": {
      "__type__": "TypedArray",
      "ctor": "Float64Array",
      "array": [
        360,
        640,
        0,
        0,
        0,
        0,
        1,
        1,
        1,
        1
      ]
    }
  }
]