[
  {
    "__type__": "cc.Prefab",
    "_name": "shootBall",
    "data": {
      "__id__": 1
    },
    "optimizationPolicy": 0,
    "asyncLoadAssets": false,
    "readonly": false
  },
  {
    "__type__": "cc.Node",
    "_name": "shootBall",
    "_level": 1,
    "_components": [
      {
        "__type__": "cc.Sprite",
        "node": {
          "__id__": 1
        },
        "_spriteFrame": {
          "__uuid__": "3d864419-3dce-4c06-be57-93bcaed5d5a9"
        },
        "_sizeMode": 0
      },
      {
        "__type__": "56eb4GpIkpJM6/p7KaXdhEC",
        "node": {
          "__id__": 1
        }
      }
    ],
    "_prefab": {
      "__type__": "cc.PrefabInfo",
      "root": {
        "__id__": 1
      },
      "asset": {
        "__uuid__": "3188094a-9a5a-44ab-9140-fee582f73074"
      },
      "fileId": "76v0pcWoJIP5QqqVULqrRr"
    },
    "_color": {
      "__type__": "cc.Color",
      "r": 255,
      "g": 248,
      "b": 72
    },
    "_contentSize": {
      "__type__": "cc.Size",
      "width": 25,
      "height": 25
    },
    "_zIndex": 0,
    "_trs": {
      "__type__": "TypedArray",
      "ctor": "Float64Array",
      "array": [
        0,
        0,
        0,
        0,
        0,
        0,
        1,
        1,
        1,
        1
      ]
    }
  }
]