[
  {
    "__type__": "cc.Prefab",
    "_name": "hbNode",
    "data": {
      "__id__": 1
    },
    "optimizationPolicy": 0,
    "asyncLoadAssets": false,
    "readonly": false
  },
  {
    "__type__": "cc.Node",
    "_name": "hbNode",
    "_children": [
      {
        "__id__": 2
      },
      {
        "__id__": 3
      },
      {
        "__id__": 9
      },
      {
        "__id__": 16
      }
    ],
    "_level": 1,
    "_components": [
      {
        "__type__": "cc.Widget",
        "node": {
          "__id__": 1
        },
        "_alignFlags": 45
      },
      {
        "__type__": "cc.BlockInputEvents",
        "node": {
          "__id__": 1
        }
      },
      {
        "__type__": "43342ZZ2IpCWL0Btd6whpdR",
        "node": {
          "__id__": 1
        },
        "yuNode": {
          "__id__": 3
        },
        "getHbNode": {
          "__id__": 9
        },
        "openNode": {
          "__id__": 16
        },
        "fcShopPre": {
          "__uuid__": "10910a20-8fd0-47d5-b8c5-2fdb037da8c8"
        }
      }
    ],
    "_prefab": {
      "__type__": "cc.PrefabInfo",
      "root": {
        "__id__": 1
      },
      "asset": {
        "__uuid__": "8fa0241f-3876-4d41-afab-629c92851ef7"
      },
      "fileId": "f49rm6BHBHz6vzIFuDBVU8"
    },
    "_contentSize": {
      "__type__": "cc.Size",
      "width": 720,
      "height": 1280
    },
    "_zIndex": 0,
    "_trs": {
      "__type__": "TypedArray",
      "ctor": "Float64Array",
      "array": [
        360,
        640,
        0,
        0,
        0,
        0,
        1,
        1,
        1,
        1
      ]
    }
  },
  {
    "__type__": "cc.Node",
    "_name": "bgColor",
    "_parent": {
      "__id__": 1
    },
    "_level": 3,
    "_components": [
      {
        "__type__": "cc.Sprite",
        "node": {
          "__id__": 2
        },
        "_spriteFrame": {
          "__uuid__": "a23235d1-15db-4b95-8439-a2e005bfff91"
        },
        "_sizeMode": 0
      },
      {
        "__type__": "cc.Widget",
        "node": {
          "__id__": 2
        },
        "_alignFlags": 45,
        "_originalWidth": 100,
        "_originalHeight": 100
      }
    ],
    "_prefab": {
      "__type__": "cc.PrefabInfo",
      "root": {
        "__id__": 1
      },
      "asset": {
        "__uuid__": "8fa0241f-3876-4d41-afab-629c92851ef7"
      },
      "fileId": "44aWf0XrRPP4P9gOPpu1j1"
    },
    "_opacity": 188,
    "_color": {
      "__type__": "cc.Color"
    },
    "_contentSize": {
      "__type__": "cc.Size",
      "width": 720,
      "height": 1280
    },
    "_zIndex": 0,
    "_trs": {
      "__type__": "TypedArray",
      "ctor": "Float64Array",
      "array": [
        0,
        0,
        0,
        0,
        0,
        0,
        1,
        1,
        1,
        1
      ]
    }
  },
  {
    "__type__": "cc.Node",
    "_name": "yuNode",
    "_parent": {
      "__id__": 1
    },
    "_children": [
      {
        "__id__": 4
      },
      {
        "__id__": 6
      },
      {
        "__id__": 7
      }
    ],
    "_active": false,
    "_level": 3,
    "_components": [
      {
        "__type__": "cc.Sprite",
        "node": {
          "__id__": 3
        },
        "_spriteFrame": {
          "__uuid__": "a005a1ed-c2dc-4180-9857-e95ef05ba1c8"
        },
        "_sizeMode": 2
      }
    ],
    "_prefab": {
      "__type__": "cc.PrefabInfo",
      "root": {
        "__id__": 1
      },
      "asset": {
        "__uuid__": "8fa0241f-3876-4d41-afab-629c92851ef7"
      },
      "fileId": "c9uyWhl9lCwKp8IveMdOj1"
    },
    "_contentSize": {
      "__type__": "cc.Size",
      "width": 503,
      "height": 415
    },
    "_zIndex": 0,
    "_trs": {
      "__type__": "TypedArray",
      "ctor": "Float64Array",
      "array": [
        0,
        0,
        0,
        0,
        0,
        0,
        1,
        1,
        1,
        1
      ]
    }
  },
  {
    "__type__": "cc.Node",
    "_name": "btnCose",
    "_parent": {
      "__id__": 3
    },
    "_children": [
      {
        "__id__": 5
      }
    ],
    "_level": 4,
    "_components": [
      {
        "__type__": "cc.Sprite",
        "node": {
          "__id__": 4
        },
        "_sizeMode": 0
      },
      {
        "__type__": "cc.Button",
        "node": {
          "__id__": 4
        },
        "clickEvents": [
          {
            "__type__": "cc.ClickEvent",
            "target": {
              "__id__": 1
            },
            "_componentId": "43342ZZ2IpCWL0Btd6whpdR",
            "handler": "closeClick"
          }
        ],
        "_N$transition": 3,
        "transition": 3,
        "_N$normalColor": {
          "__type__": "cc.Color",
          "r": 255,
          "g": 255,
          "b": 255
        },
        "_N$pressedColor": {
          "__type__": "cc.Color",
          "r": 255,
          "g": 255,
          "b": 255
        },
        "pressedColor": {
          "__type__": "cc.Color",
          "r": 255,
          "g": 255,
          "b": 255
        },
        "_N$disabledColor": {
          "__type__": "cc.Color",
          "r": 255,
          "g": 255,
          "b": 255
        },
        "_N$normalSprite": {
          "__uuid__": "f0048c10-f03e-4c97-b9d3-3506e1d58952"
        },
        "_N$pressedSprite": {
          "__uuid__": "e9ec654c-97a2-4787-9325-e6a10375219a"
        },
        "pressedSprite": {
          "__uuid__": "e9ec654c-97a2-4787-9325-e6a10375219a"
        },
        "_N$hoverSprite": {
          "__uuid__": "f0048c10-f03e-4c97-b9d3-3506e1d58952"
        },
        "hoverSprite": {
          "__uuid__": "f0048c10-f03e-4c97-b9d3-3506e1d58952"
        },
        "_N$disabledSprite": {
          "__uuid__": "29158224-f8dd-4661-a796-1ffab537140e"
        },
        "_N$target": {
          "__id__": 4
        }
      }
    ],
    "_prefab": {
      "__type__": "cc.PrefabInfo",
      "root": {
        "__id__": 1
      },
      "asset": {
        "__uuid__": "8fa0241f-3876-4d41-afab-629c92851ef7"
      },
      "fileId": "d7lKsWrq5PraJgtQRFMATi"
    },
    "_contentSize": {
      "__type__": "cc.Size",
      "width": 40,
      "height": 40
    },
    "_zIndex": 0,
    "_trs": {
      "__type__": "TypedArray",
      "ctor": "Float64Array",
      "array": [
        256,
        340,
        0,
        0,
        0,
        0,
        1,
        1,
        1,
        1
      ]
    }
  },
  {
    "__type__": "cc.Node",
    "_name": "btn_x",
    "_parent": {
      "__id__": 4
    },
    "_level": 5,
    "_components": [
      {
        "__type__": "cc.Sprite",
        "node": {
          "__id__": 5
        },
        "_spriteFrame": {
          "__uuid__": "8fc8d0f8-f84a-431f-b68f-ac98f9f3d236"
        },
        "_sizeMode": 2
      }
    ],
    "_prefab": {
      "__type__": "cc.PrefabInfo",
      "root": {
        "__id__": 1
      },
      "asset": {
        "__uuid__": "8fa0241f-3876-4d41-afab-629c92851ef7"
      },
      "fileId": "c2MULyefxIfo+3i5j8LhZE"
    },
    "_contentSize": {
      "__type__": "cc.Size",
      "width": 27,
      "height": 30
    },
    "_zIndex": 0,
    "_trs": {
      "__type__": "TypedArray",
      "ctor": "Float64Array",
      "array": [
        0,
        0,
        0,
        0,
        0,
        0,
        1,
        1,
        1,
        1
      ]
    }
  },
  {
    "__type__": "cc.Node",
    "_name": "lbRMB",
    "_parent": {
      "__id__": 3
    },
    "_level": 4,
    "_components": [
      {
        "__type__": "cc.Label",
        "node": {
          "__id__": 6
        },
        "_useOriginalSize": false,
        "_string": "1.00元",
        "_N$string": "1.00元",
        "_fontSize": 42,
        "_lineHeight": 42,
        "_N$horizontalAlign": 1,
        "_N$verticalAlign": 1
      }
    ],
    "_prefab": {
      "__type__": "cc.PrefabInfo",
      "root": {
        "__id__": 1
      },
      "asset": {
        "__uuid__": "8fa0241f-3876-4d41-afab-629c92851ef7"
      },
      "fileId": "73RYgnxGxN+YnRlirrmCrk"
    },
    "_color": {
      "__type__": "cc.Color",
      "r": 254,
      "g": 215,
      "b": 110
    },
    "_contentSize": {
      "__type__": "cc.Size",
      "width": 123.74,
      "height": 42
    },
    "_zIndex": 0,
    "_trs": {
      "__type__": "TypedArray",
      "ctor": "Float64Array",
      "array": [
        null,
        10,
        0,
        0,
        0,
        0,
        1,
        1,
        1,
        1
      ]
    }
  },
  {
    "__type__": "cc.Node",
    "_name": "btnShop",
    "_parent": {
      "__id__": 3
    },
    "_children": [
      {
        "__id__": 8
      }
    ],
    "_level": 4,
    "_components": [
      {
        "__type__": "cc.Sprite",
        "node": {
          "__id__": 7
        },
        "_type": 1,
        "_sizeMode": 0
      },
      {
        "__type__": "cc.Button",
        "node": {
          "__id__": 7
        },
        "clickEvents": [
          {
            "__type__": "cc.ClickEvent",
            "target": {
              "__id__": 1
            },
            "_componentId": "43342ZZ2IpCWL0Btd6whpdR",
            "handler": "shopClick"
          }
        ],
        "_N$transition": 3,
        "transition": 3,
        "_N$normalColor": {
          "__type__": "cc.Color",
          "r": 255,
          "g": 255,
          "b": 255
        },
        "_N$pressedColor": {
          "__type__": "cc.Color",
          "r": 255,
          "g": 255,
          "b": 255
        },
        "pressedColor": {
          "__type__": "cc.Color",
          "r": 255,
          "g": 255,
          "b": 255
        },
        "_N$disabledColor": {
          "__type__": "cc.Color",
          "r": 255,
          "g": 255,
          "b": 255
        },
        "_N$pressedSprite": {
          "__uuid__": "e9ec654c-97a2-4787-9325-e6a10375219a"
        },
        "pressedSprite": {
          "__uuid__": "e9ec654c-97a2-4787-9325-e6a10375219a"
        },
        "_N$hoverSprite": {
          "__uuid__": "f0048c10-f03e-4c97-b9d3-3506e1d58952"
        },
        "hoverSprite": {
          "__uuid__": "f0048c10-f03e-4c97-b9d3-3506e1d58952"
        },
        "_N$disabledSprite": {
          "__uuid__": "29158224-f8dd-4661-a796-1ffab537140e"
        },
        "_N$target": {
          "__id__": 7
        }
      }
    ],
    "_prefab": {
      "__type__": "cc.PrefabInfo",
      "root": {
        "__id__": 1
      },
      "asset": {
        "__uuid__": "8fa0241f-3876-4d41-afab-629c92851ef7"
      },
      "fileId": "72XnoeyOpN54fvgSEsXQvZ"
    },
    "_contentSize": {
      "__type__": "cc.Size",
      "width": 185,
      "height": 43
    },
    "_zIndex": 0,
    "_trs": {
      "__type__": "TypedArray",
      "ctor": "Float64Array",
      "array": [
        null,
        -107,
        0,
        0,
        0,
        0,
        1,
        1,
        1,
        1
      ]
    }
  },
  {
    "__type__": "cc.Node",
    "_name": "Label",
    "_parent": {
      "__id__": 7
    },
    "_components": [
      {
        "__type__": "cc.Label",
        "node": {
          "__id__": 8
        },
        "_useOriginalSize": false,
        "_string": "福卡商城>",
        "_N$string": "福卡商城>",
        "_fontSize": 36,
        "_lineHeight": 36,
        "_enableWrapText": false,
        "_N$horizontalAlign": 1,
        "_N$verticalAlign": 1
      }
    ],
    "_prefab": {
      "__type__": "cc.PrefabInfo",
      "root": {
        "__id__": 1
      },
      "asset": {
        "__uuid__": "8fa0241f-3876-4d41-afab-629c92851ef7"
      },
      "fileId": "59o99lF7JN/7q03+Q5wIro"
    },
    "_contentSize": {
      "__type__": "cc.Size",
      "width": 165.02,
      "height": 36
    },
    "_zIndex": 0,
    "_trs": {
      "__type__": "TypedArray",
      "ctor": "Float64Array",
      "array": [
        0,
        0,
        0,
        0,
        0,
        0,
        1,
        1,
        1,
        1
      ]
    }
  },
  {
    "__type__": "cc.Node",
    "_name": "getHbNode",
    "_parent": {
      "__id__": 1
    },
    "_children": [
      {
        "__id__": 10
      },
      {
        "__id__": 11
      },
      {
        "__id__": 12
      },
      {
        "__id__": 14
      },
      {
        "__id__": 15
      }
    ],
    "_level": 2,
    "_components": [
      {
        "__type__": "cc.Sprite",
        "node": {
          "__id__": 9
        },
        "_spriteFrame": {
          "__uuid__": "a005a1ed-c2dc-4180-9857-e95ef05ba1c8"
        },
        "_sizeMode": 2
      }
    ],
    "_prefab": {
      "__type__": "cc.PrefabInfo",
      "root": {
        "__id__": 1
      },
      "asset": {
        "__uuid__": "8fa0241f-3876-4d41-afab-629c92851ef7"
      },
      "fileId": "29zJ+8rcZI/bYidBDkyCf5"
    },
    "_contentSize": {
      "__type__": "cc.Size",
      "width": 503,
      "height": 415
    },
    "_zIndex": 0,
    "_trs": {
      "__type__": "TypedArray",
      "ctor": "Float64Array",
      "array": [
        0,
        0,
        0,
        0,
        0,
        0,
        1,
        1,
        1,
        1
      ]
    }
  },
  {
    "__type__": "cc.Node",
    "_name": "lblTips1",
    "_parent": {
      "__id__": 9
    },
    "_level": 3,
    "_components": [
      {
        "__type__": "cc.Label",
        "node": {
          "__id__": 10
        },
        "_useOriginalSize": false,
        "_string": "恭喜!",
        "_N$string": "恭喜!",
        "_fontSize": 48,
        "_lineHeight": 48,
        "_N$horizontalAlign": 1,
        "_N$verticalAlign": 1
      }
    ],
    "_prefab": {
      "__type__": "cc.PrefabInfo",
      "root": {
        "__id__": 1
      },
      "asset": {
        "__uuid__": "8fa0241f-3876-4d41-afab-629c92851ef7"
      },
      "fileId": "19L2aWj/NJ+IemQlND/8SM"
    },
    "_contentSize": {
      "__type__": "cc.Size",
      "width": 109.34,
      "height": 48
    },
    "_zIndex": 0,
    "_trs": {
      "__type__": "TypedArray",
      "ctor": "Float64Array",
      "array": [
        null,
        129,
        0,
        0,
        0,
        0,
        1,
        1,
        1,
        1
      ]
    }
  },
  {
    "__type__": "cc.Node",
    "_name": "lblTips",
    "_parent": {
      "__id__": 9
    },
    "_level": 3,
    "_components": [
      {
        "__type__": "cc.Label",
        "node": {
          "__id__": 11
        },
        "_useOriginalSize": false,
        "_string": "你获得一个福卡!",
        "_N$string": "你获得一个福卡!",
        "_fontSize": 36,
        "_lineHeight": 36,
        "_N$horizontalAlign": 1,
        "_N$verticalAlign": 1
      }
    ],
    "_prefab": {
      "__type__": "cc.PrefabInfo",
      "root": {
        "__id__": 1
      },
      "asset": {
        "__uuid__": "8fa0241f-3876-4d41-afab-629c92851ef7"
      },
      "fileId": "b6WMSxOhVHTpUE30XW3FBA"
    },
    "_color": {
      "__type__": "cc.Color",
      "r": 254,
      "g": 215,
      "b": 110
    },
    "_contentSize": {
      "__type__": "cc.Size",
      "width": 262,
      "height": 36
    },
    "_zIndex": 0,
    "_trs": {
      "__type__": "TypedArray",
      "ctor": "Float64Array",
      "array": [
        null,
        33,
        0,
        0,
        0,
        0,
        1,
        1,
        1,
        1
      ]
    }
  },
  {
    "__type__": "cc.Node",
    "_name": "btnCose",
    "_parent": {
      "__id__": 9
    },
    "_children": [
      {
        "__id__": 13
      }
    ],
    "_active": false,
    "_level": 3,
    "_components": [
      {
        "__type__": "cc.Sprite",
        "node": {
          "__id__": 12
        },
        "_sizeMode": 0
      },
      {
        "__type__": "cc.Button",
        "node": {
          "__id__": 12
        },
        "clickEvents": [
          {
            "__type__": "cc.ClickEvent",
            "target": {
              "__id__": 1
            },
            "_componentId": "43342ZZ2IpCWL0Btd6whpdR",
            "handler": "closeClick"
          }
        ],
        "_N$transition": 3,
        "transition": 3,
        "_N$normalColor": {
          "__type__": "cc.Color",
          "r": 255,
          "g": 255,
          "b": 255
        },
        "_N$pressedColor": {
          "__type__": "cc.Color",
          "r": 255,
          "g": 255,
          "b": 255
        },
        "pressedColor": {
          "__type__": "cc.Color",
          "r": 255,
          "g": 255,
          "b": 255
        },
        "_N$disabledColor": {
          "__type__": "cc.Color",
          "r": 255,
          "g": 255,
          "b": 255
        },
        "_N$normalSprite": {
          "__uuid__": "f0048c10-f03e-4c97-b9d3-3506e1d58952"
        },
        "_N$pressedSprite": {
          "__uuid__": "e9ec654c-97a2-4787-9325-e6a10375219a"
        },
        "pressedSprite": {
          "__uuid__": "e9ec654c-97a2-4787-9325-e6a10375219a"
        },
        "_N$hoverSprite": {
          "__uuid__": "f0048c10-f03e-4c97-b9d3-3506e1d58952"
        },
        "hoverSprite": {
          "__uuid__": "f0048c10-f03e-4c97-b9d3-3506e1d58952"
        },
        "_N$disabledSprite": {
          "__uuid__": "29158224-f8dd-4661-a796-1ffab537140e"
        },
        "_N$target": {
          "__id__": 12
        }
      }
    ],
    "_prefab": {
      "__type__": "cc.PrefabInfo",
      "root": {
        "__id__": 1
      },
      "asset": {
        "__uuid__": "8fa0241f-3876-4d41-afab-629c92851ef7"
      },
      "fileId": "36htrB1uVHeZSLRW4HFW9w"
    },
    "_contentSize": {
      "__type__": "cc.Size",
      "width": 40,
      "height": 40
    },
    "_zIndex": 0,
    "_trs": {
      "__type__": "TypedArray",
      "ctor": "Float64Array",
      "array": [
        250,
        340,
        0,
        0,
        0,
        0,
        1,
        1,
        1,
        1
      ]
    }
  },
  {
    "__type__": "cc.Node",
    "_name": "btn_x",
    "_parent": {
      "__id__": 12
    },
    "_level": 5,
    "_components": [
      {
        "__type__": "cc.Sprite",
        "node": {
          "__id__": 13
        },
        "_spriteFrame": {
          "__uuid__": "8fc8d0f8-f84a-431f-b68f-ac98f9f3d236"
        },
        "_sizeMode": 2
      }
    ],
    "_prefab": {
      "__type__": "cc.PrefabInfo",
      "root": {
        "__id__": 1
      },
      "asset": {
        "__uuid__": "8fa0241f-3876-4d41-afab-629c92851ef7"
      },
      "fileId": "81hZCrLplJHbKPns80L0ZL"
    },
    "_contentSize": {
      "__type__": "cc.Size",
      "width": 27,
      "height": 30
    },
    "_zIndex": 0,
    "_trs": {
      "__type__": "TypedArray",
      "ctor": "Float64Array",
      "array": [
        0,
        0,
        0,
        0,
        0,
        0,
        1,
        1,
        1,
        1
      ]
    }
  },
  {
    "__type__": "cc.Node",
    "_name": "btnOpen",
    "_parent": {
      "__id__": 9
    },
    "_level": 3,
    "_components": [
      {
        "__type__": "cc.Sprite",
        "node": {
          "__id__": 14
        },
        "_spriteFrame": {
          "__uuid__": "0bcb86d7-2b5b-4bf8-84cc-2520481681c7"
        },
        "_sizeMode": 2
      },
      {
        "__type__": "cc.Button",
        "node": {
          "__id__": 14
        },
        "clickEvents": [
          {
            "__type__": "cc.ClickEvent",
            "target": {
              "__id__": 1
            },
            "_componentId": "43342ZZ2IpCWL0Btd6whpdR",
            "handler": "openHb"
          }
        ],
        "_N$transition": 3,
        "transition": 3,
        "_N$normalColor": {
          "__type__": "cc.Color",
          "r": 255,
          "g": 255,
          "b": 255
        },
        "_N$pressedColor": {
          "__type__": "cc.Color",
          "r": 255,
          "g": 255,
          "b": 255
        },
        "pressedColor": {
          "__type__": "cc.Color",
          "r": 255,
          "g": 255,
          "b": 255
        },
        "_N$disabledColor": {
          "__type__": "cc.Color",
          "r": 255,
          "g": 255,
          "b": 255
        },
        "_N$normalSprite": {
          "__uuid__": "0bcb86d7-2b5b-4bf8-84cc-2520481681c7"
        },
        "_N$pressedSprite": {
          "__uuid__": "e9ec654c-97a2-4787-9325-e6a10375219a"
        },
        "pressedSprite": {
          "__uuid__": "e9ec654c-97a2-4787-9325-e6a10375219a"
        },
        "_N$hoverSprite": {
          "__uuid__": "f0048c10-f03e-4c97-b9d3-3506e1d58952"
        },
        "hoverSprite": {
          "__uuid__": "f0048c10-f03e-4c97-b9d3-3506e1d58952"
        },
        "_N$disabledSprite": {
          "__uuid__": "29158224-f8dd-4661-a796-1ffab537140e"
        },
        "_N$target": {
          "__id__": 14
        }
      }
    ],
    "_prefab": {
      "__type__": "cc.PrefabInfo",
      "root": {
        "__id__": 1
      },
      "asset": {
        "__uuid__": "8fa0241f-3876-4d41-afab-629c92851ef7"
      },
      "fileId": "dfhwvEHqlDS7IYC35oIQJP"
    },
    "_contentSize": {
      "__type__": "cc.Size",
      "width": 163,
      "height": 168
    },
    "_zIndex": 0,
    "_trs": {
      "__type__": "TypedArray",
      "ctor": "Float64Array",
      "array": [
        null,
        -80,
        0,
        0,
        0,
        0,
        1,
        1,
        1,
        1
      ]
    }
  },
  {
    "__type__": "cc.Node",
    "_name": "lblTips3",
    "_parent": {
      "__id__": 9
    },
    "_active": false,
    "_level": 3,
    "_components": [
      {
        "__type__": "cc.Label",
        "node": {
          "__id__": 15
        },
        "_useOriginalSize": false,
        "_string": "消除福块立即获得福券",
        "_N$string": "消除福块立即获得福券",
        "_fontSize": 24,
        "_lineHeight": 24,
        "_N$horizontalAlign": 1,
        "_N$verticalAlign": 1
      }
    ],
    "_prefab": {
      "__type__": "cc.PrefabInfo",
      "root": {
        "__id__": 1
      },
      "asset": {
        "__uuid__": "8fa0241f-3876-4d41-afab-629c92851ef7"
      },
      "fileId": "c05OX2R9BIpLVrekcMsoaK"
    },
    "_color": {
      "__type__": "cc.Color",
      "r": 224,
      "g": 224,
      "b": 224
    },
    "_contentSize": {
      "__type__": "cc.Size",
      "width": 240,
      "height": 24
    },
    "_zIndex": 0,
    "_trs": {
      "__type__": "TypedArray",
      "ctor": "Float64Array",
      "array": [
        null,
        -328,
        0,
        0,
        0,
        0,
        1,
        1,
        1,
        1
      ]
    }
  },
  {
    "__type__": "cc.Node",
    "_name": "openNode",
    "_parent": {
      "__id__": 1
    },
    "_children": [
      {
        "__id__": 17
      },
      {
        "__id__": 19
      },
      {
        "__id__": 20
      },
      {
        "__id__": 21
      }
    ],
    "_active": false,
    "_level": 2,
    "_components": [
      {
        "__type__": "cc.Sprite",
        "node": {
          "__id__": 16
        },
        "_spriteFrame": {
          "__uuid__": "a005a1ed-c2dc-4180-9857-e95ef05ba1c8"
        },
        "_sizeMode": 2
      }
    ],
    "_prefab": {
      "__type__": "cc.PrefabInfo",
      "root": {
        "__id__": 1
      },
      "asset": {
        "__uuid__": "8fa0241f-3876-4d41-afab-629c92851ef7"
      },
      "fileId": "bdEGnXyrhI3Y/FS7LFaHvW"
    },
    "_contentSize": {
      "__type__": "cc.Size",
      "width": 503,
      "height": 415
    },
    "_zIndex": 0,
    "_trs": {
      "__type__": "TypedArray",
      "ctor": "Float64Array",
      "array": [
        0,
        0,
        0,
        0,
        0,
        0,
        1,
        1,
        1,
        1
      ]
    }
  },
  {
    "__type__": "cc.Node",
    "_name": "btnCose",
    "_parent": {
      "__id__": 16
    },
    "_children": [
      {
        "__id__": 18
      }
    ],
    "_level": 3,
    "_components": [
      {
        "__type__": "cc.Sprite",
        "node": {
          "__id__": 17
        },
        "_sizeMode": 0
      },
      {
        "__type__": "cc.Button",
        "node": {
          "__id__": 17
        },
        "clickEvents": [
          {
            "__type__": "cc.ClickEvent",
            "target": {
              "__id__": 1
            },
            "_componentId": "43342ZZ2IpCWL0Btd6whpdR",
            "handler": "closeClick"
          }
        ],
        "_N$transition": 3,
        "transition": 3,
        "_N$normalColor": {
          "__type__": "cc.Color",
          "r": 255,
          "g": 255,
          "b": 255
        },
        "_N$pressedColor": {
          "__type__": "cc.Color",
          "r": 255,
          "g": 255,
          "b": 255
        },
        "pressedColor": {
          "__type__": "cc.Color",
          "r": 255,
          "g": 255,
          "b": 255
        },
        "_N$disabledColor": {
          "__type__": "cc.Color",
          "r": 255,
          "g": 255,
          "b": 255
        },
        "_N$normalSprite": {
          "__uuid__": "f0048c10-f03e-4c97-b9d3-3506e1d58952"
        },
        "_N$pressedSprite": {
          "__uuid__": "e9ec654c-97a2-4787-9325-e6a10375219a"
        },
        "pressedSprite": {
          "__uuid__": "e9ec654c-97a2-4787-9325-e6a10375219a"
        },
        "_N$hoverSprite": {
          "__uuid__": "f0048c10-f03e-4c97-b9d3-3506e1d58952"
        },
        "hoverSprite": {
          "__uuid__": "f0048c10-f03e-4c97-b9d3-3506e1d58952"
        },
        "_N$disabledSprite": {
          "__uuid__": "29158224-f8dd-4661-a796-1ffab537140e"
        },
        "_N$target": {
          "__id__": 17
        }
      }
    ],
    "_prefab": {
      "__type__": "cc.PrefabInfo",
      "root": {
        "__id__": 1
      },
      "asset": {
        "__uuid__": "8fa0241f-3876-4d41-afab-629c92851ef7"
      },
      "fileId": "e6l8ULTchIWJINWZx1KSaI"
    },
    "_contentSize": {
      "__type__": "cc.Size",
      "width": 40,
      "height": 40
    },
    "_zIndex": 0,
    "_trs": {
      "__type__": "TypedArray",
      "ctor": "Float64Array",
      "array": [
        256,
        340,
        0,
        0,
        0,
        0,
        1,
        1,
        1,
        1
      ]
    }
  },
  {
    "__type__": "cc.Node",
    "_name": "btn_x",
    "_parent": {
      "__id__": 17
    },
    "_level": 5,
    "_components": [
      {
        "__type__": "cc.Sprite",
        "node": {
          "__id__": 18
        },
        "_spriteFrame": {
          "__uuid__": "8fc8d0f8-f84a-431f-b68f-ac98f9f3d236"
        },
        "_sizeMode": 2
      }
    ],
    "_prefab": {
      "__type__": "cc.PrefabInfo",
      "root": {
        "__id__": 1
      },
      "asset": {
        "__uuid__": "8fa0241f-3876-4d41-afab-629c92851ef7"
      },
      "fileId": "83MR4y+dVNrr77ZCMa96S5"
    },
    "_contentSize": {
      "__type__": "cc.Size",
      "width": 28,
      "height": 25
    },
    "_zIndex": 0,
    "_trs": {
      "__type__": "TypedArray",
      "ctor": "Float64Array",
      "array": [
        0,
        0,
        0,
        0,
        0,
        0,
        1,
        1,
        1,
        1
      ]
    }
  },
  {
    "__type__": "cc.Node",
    "_name": "lbRMB",
    "_parent": {
      "__id__": 16
    },
    "_level": 3,
    "_components": [
      {
        "__type__": "cc.Label",
        "node": {
          "__id__": 19
        },
        "_useOriginalSize": false,
        "_string": "1.00元",
        "_N$string": "1.00元",
        "_fontSize": 36,
        "_lineHeight": 36,
        "_N$horizontalAlign": 1,
        "_N$verticalAlign": 1
      }
    ],
    "_prefab": {
      "__type__": "cc.PrefabInfo",
      "root": {
        "__id__": 1
      },
      "asset": {
        "__uuid__": "8fa0241f-3876-4d41-afab-629c92851ef7"
      },
      "fileId": "59/QQyW7RCYZcoNVI1miBC"
    },
    "_color": {
      "__type__": "cc.Color",
      "r": 254,
      "g": 215,
      "b": 110
    },
    "_contentSize": {
      "__type__": "cc.Size",
      "width": 106.07,
      "height": 36
    },
    "_zIndex": 0,
    "_trs": {
      "__type__": "TypedArray",
      "ctor": "Float64Array",
      "array": [
        null,
        43,
        0,
        0,
        0,
        0,
        1,
        1,
        1,
        1
      ]
    }
  },
  {
    "__type__": "cc.Node",
    "_name": "lbGet",
    "_parent": {
      "__id__": 16
    },
    "_level": 3,
    "_components": [
      {
        "__type__": "cc.Label",
        "node": {
          "__id__": 20
        },
        "_useOriginalSize": false,
        "_string": "1.00元",
        "_N$string": "1.00元",
        "_fontSize": 48,
        "_lineHeight": 48,
        "_N$horizontalAlign": 1,
        "_N$verticalAlign": 1
      }
    ],
    "_prefab": {
      "__type__": "cc.PrefabInfo",
      "root": {
        "__id__": 1
      },
      "asset": {
        "__uuid__": "8fa0241f-3876-4d41-afab-629c92851ef7"
      },
      "fileId": "385SsjDAhJ8ofSrylD1EUi"
    },
    "_color": {
      "__type__": "cc.Color",
      "r": 254,
      "g": 215,
      "b": 110
    },
    "_contentSize": {
      "__type__": "cc.Size",
      "width": 141.42,
      "height": 48
    },
    "_zIndex": 0,
    "_trs": {
      "__type__": "TypedArray",
      "ctor": "Float64Array",
      "array": [
        null,
        -48,
        0,
        0,
        0,
        0,
        1,
        1,
        1,
        1
      ]
    }
  },
  {
    "__type__": "cc.Node",
    "_name": "btnShop",
    "_parent": {
      "__id__": 16
    },
    "_children": [
      {
        "__id__": 22
      }
    ],
    "_level": 3,
    "_components": [
      {
        "__type__": "cc.Sprite",
        "node": {
          "__id__": 21
        },
        "_type": 1,
        "_sizeMode": 0
      },
      {
        "__type__": "cc.Button",
        "node": {
          "__id__": 21
        },
        "clickEvents": [
          {
            "__type__": "cc.ClickEvent",
            "target": {
              "__id__": 1
            },
            "_componentId": "43342ZZ2IpCWL0Btd6whpdR",
            "handler": "shopClick"
          }
        ],
        "_N$transition": 3,
        "transition": 3,
        "_N$normalColor": {
          "__type__": "cc.Color",
          "r": 255,
          "g": 255,
          "b": 255
        },
        "_N$pressedColor": {
          "__type__": "cc.Color",
          "r": 255,
          "g": 255,
          "b": 255
        },
        "pressedColor": {
          "__type__": "cc.Color",
          "r": 255,
          "g": 255,
          "b": 255
        },
        "_N$disabledColor": {
          "__type__": "cc.Color",
          "r": 255,
          "g": 255,
          "b": 255
        },
        "_N$pressedSprite": {
          "__uuid__": "e9ec654c-97a2-4787-9325-e6a10375219a"
        },
        "pressedSprite": {
          "__uuid__": "e9ec654c-97a2-4787-9325-e6a10375219a"
        },
        "_N$hoverSprite": {
          "__uuid__": "f0048c10-f03e-4c97-b9d3-3506e1d58952"
        },
        "hoverSprite": {
          "__uuid__": "f0048c10-f03e-4c97-b9d3-3506e1d58952"
        },
        "_N$disabledSprite": {
          "__uuid__": "29158224-f8dd-4661-a796-1ffab537140e"
        },
        "_N$target": {
          "__id__": 21
        }
      }
    ],
    "_prefab": {
      "__type__": "cc.PrefabInfo",
      "root": {
        "__id__": 1
      },
      "asset": {
        "__uuid__": "8fa0241f-3876-4d41-afab-629c92851ef7"
      },
      "fileId": "afbL+6FgJBdL/SYdeybeGH"
    },
    "_contentSize": {
      "__type__": "cc.Size",
      "width": 185,
      "height": 43
    },
    "_zIndex": 0,
    "_trs": {
      "__type__": "TypedArray",
      "ctor": "Float64Array",
      "array": [
        null,
        -144,
        0,
        0,
        0,
        0,
        1,
        1,
        1,
        1
      ]
    }
  },
  {
    "__type__": "cc.Node",
    "_name": "Label",
    "_parent": {
      "__id__": 21
    },
    "_components": [
      {
        "__type__": "cc.Label",
        "node": {
          "__id__": 22
        },
        "_useOriginalSize": false,
        "_string": "福卡商城>",
        "_N$string": "福卡商城>",
        "_fontSize": 36,
        "_lineHeight": 36,
        "_enableWrapText": false,
        "_N$horizontalAlign": 1,
        "_N$verticalAlign": 1
      }
    ],
    "_prefab": {
      "__type__": "cc.PrefabInfo",
      "root": {
        "__id__": 1
      },
      "asset": {
        "__uuid__": "8fa0241f-3876-4d41-afab-629c92851ef7"
      },
      "fileId": "4d2pvHKJlAuY8en9NgPdAB"
    },
    "_contentSize": {
      "__type__": "cc.Size",
      "width": 165.02,
      "height": 36
    },
    "_zIndex": 0,
    "_trs": {
      "__type__": "TypedArray",
      "ctor": "Float64Array",
      "array": [
        0,
        0,
        0,
        0,
        0,
        0,
        1,
        1,
        1,
        1
      ]
    }
  }
]