{
  "__type__": "cc.AnimationClip",
  "_name": "moreGameAni_1",
  "_duration": 2.13,
  "sample": 8,
  "wrapMode": 2,
  "curveData": {
    "props": {
      "angle": [
        {
          "frame": 0,
          "value": 0,
          "curve": "cubicOut"
        },
        {
          "frame": 0.125,
          "value": -15,
          "curve": "quartOut"
        },
        {
          "frame": 0.25,
          "value": 15,
          "curve": "quartOut"
        },
        {
          "frame": 0.375,
          "value": -15,
          "curve": "quartOut"
        },
        {
          "frame": 0.5,
          "value": 15
        },
        {
          "frame": 0.625,
          "value": 0
        },
        {
          "frame": 1.25,
          "value": 0
        },
        {
          "frame": 2.125,
          "value": 0
        }
      ]
    }
  }
}