[
  {
    "__type__": "cc.Prefab",
    "_name": "skinNode",
    "data": {
      "__id__": 1
    },
    "optimizationPolicy": 0,
    "asyncLoadAssets": false,
    "readonly": false
  },
  {
    "__type__": "cc.Node",
    "_name": "skinNode",
    "_children": [
      {
        "__id__": 2
      },
      {
        "__id__": 3
      },
      {
        "__id__": 4
      },
      {
        "__id__": 8
      },
      {
        "__id__": 9
      },
      {
        "__id__": 14
      },
      {
        "__id__": 19
      },
      {
        "__id__": 22
      },
      {
        "__id__": 25
      },
      {
        "__id__": 28
      }
    ],
    "_level": 1,
    "_components": [
      {
        "__type__": "cc.Widget",
        "node": {
          "__id__": 1
        },
        "alignMode": 0,
        "_alignFlags": 45,
        "_originalWidth": 100,
        "_originalHeight": 100
      },
      {
        "__type__": "98a08JF+4xL87Bvft6yLOn/",
        "node": {
          "__id__": 1
        },
        "itemPrefab": {
          "__uuid__": "d4565f81-5bee-48fc-a2c7-ec162de4dd60"
        },
        "layout1": {
          "__id__": 20
        },
        "layout2": {
          "__id__": 21
        },
        "scrollNode": {
          "__id__": 19
        },
        "unLockGold": {
          "__id__": 13
        },
        "goldCount": {
          "__id__": 7
        }
      },
      {
        "__type__": "cc.BlockInputEvents",
        "node": {
          "__id__": 1
        }
      }
    ],
    "_prefab": {
      "__type__": "cc.PrefabInfo",
      "root": {
        "__id__": 1
      },
      "asset": {
        "__uuid__": "0c80d545-4af5-49d3-9bde-629ab7dcee5c"
      },
      "fileId": "f4frIS5WpPkb0O/CTWr6Zs"
    },
    "_contentSize": {
      "__type__": "cc.Size",
      "width": 720,
      "height": 1280
    },
    "_zIndex": 0,
    "_trs": {
      "__type__": "TypedArray",
      "ctor": "Float64Array",
      "array": [
        360,
        640,
        0,
        0,
        0,
        0,
        1,
        1,
        1,
        1
      ]
    }
  },
  {
    "__type__": "cc.Node",
    "_name": "bgColor",
    "_parent": {
      "__id__": 1
    },
    "_components": [
      {
        "__type__": "cc.Sprite",
        "node": {
          "__id__": 2
        },
        "_spriteFrame": {
          "__uuid__": "a23235d1-15db-4b95-8439-a2e005bfff91"
        },
        "_sizeMode": 0
      },
      {
        "__type__": "cc.Widget",
        "node": {
          "__id__": 2
        },
        "alignMode": 0,
        "_alignFlags": 45,
        "_originalWidth": 100,
        "_originalHeight": 100
      }
    ],
    "_prefab": {
      "__type__": "cc.PrefabInfo",
      "root": {
        "__id__": 1
      },
      "asset": {
        "__uuid__": "0c80d545-4af5-49d3-9bde-629ab7dcee5c"
      },
      "fileId": "8dXogcqpZK077KVGrwV2AB"
    },
    "_color": {
      "__type__": "cc.Color",
      "r": 47,
      "g": 47,
      "b": 47
    },
    "_contentSize": {
      "__type__": "cc.Size",
      "width": 720,
      "height": 1280
    },
    "_zIndex": 0,
    "_trs": {
      "__type__": "TypedArray",
      "ctor": "Float64Array",
      "array": [
        0,
        0,
        0,
        0,
        0,
        0,
        1,
        1,
        1,
        1
      ]
    }
  },
  {
    "__type__": "cc.Node",
    "_name": "title",
    "_parent": {
      "__id__": 1
    },
    "_components": [
      {
        "__type__": "cc.Label",
        "node": {
          "__id__": 3
        },
        "_useOriginalSize": false,
        "_string": "皮肤",
        "_N$string": "皮肤",
        "_fontSize": 54,
        "_lineHeight": 120,
        "_N$file": {
          "__uuid__": "7fb48414-e05d-4345-9536-9aad7cbd6ff4"
        },
        "_isSystemFontUsed": false,
        "_N$horizontalAlign": 1,
        "_N$verticalAlign": 1
      },
      {
        "__type__": "cc.Widget",
        "node": {
          "__id__": 3
        },
        "alignMode": 0,
        "_alignFlags": 17,
        "_top": 91
      }
    ],
    "_prefab": {
      "__type__": "cc.PrefabInfo",
      "root": {
        "__id__": 1
      },
      "asset": {
        "__uuid__": "0c80d545-4af5-49d3-9bde-629ab7dcee5c"
      },
      "fileId": "c3bSd4KtJDT5yK+KVdJG35"
    },
    "_contentSize": {
      "__type__": "cc.Size",
      "width": 95.4,
      "height": 54
    },
    "_zIndex": 0,
    "_trs": {
      "__type__": "TypedArray",
      "ctor": "Float64Array",
      "array": [
        null,
        522,
        0,
        0,
        0,
        0,
        1,
        1,
        1,
        1
      ]
    }
  },
  {
    "__type__": "cc.Node",
    "_name": "goldBg",
    "_parent": {
      "__id__": 1
    },
    "_children": [
      {
        "__id__": 5
      },
      {
        "__id__": 6
      }
    ],
    "_components": [
      {
        "__type__": "cc.Sprite",
        "node": {
          "__id__": 4
        },
        "_spriteFrame": {
          "__uuid__": "47827bdc-3933-409b-976d-221e8a199309"
        }
      },
      {
        "__type__": "cc.Widget",
        "node": {
          "__id__": 4
        },
        "alignMode": 0,
        "_alignFlags": 9,
        "_left": 57.5,
        "_top": 90
      }
    ],
    "_prefab": {
      "__type__": "cc.PrefabInfo",
      "root": {
        "__id__": 1
      },
      "asset": {
        "__uuid__": "0c80d545-4af5-49d3-9bde-629ab7dcee5c"
      },
      "fileId": "e8YjaJt+xLm6SxBZ1MjHDE"
    },
    "_contentSize": {
      "__type__": "cc.Size",
      "width": 133,
      "height": 56
    },
    "_zIndex": 0,
    "_trs": {
      "__type__": "TypedArray",
      "ctor": "Float64Array",
      "array": [
        -236,
        522,
        0,
        0,
        0,
        0,
        1,
        1,
        1,
        1
      ]
    }
  },
  {
    "__type__": "cc.Node",
    "_name": "icon",
    "_parent": {
      "__id__": 4
    },
    "_components": [
      {
        "__type__": "cc.Sprite",
        "node": {
          "__id__": 5
        },
        "_spriteFrame": {
          "__uuid__": "9b293c7e-33da-49ae-ad1b-d22604ddf83e"
        }
      },
      {
        "__type__": "cc.Widget",
        "node": {
          "__id__": 5
        },
        "alignMode": 0,
        "_alignFlags": 10,
        "_left": -19
      }
    ],
    "_prefab": {
      "__type__": "cc.PrefabInfo",
      "root": {
        "__id__": 1
      },
      "asset": {
        "__uuid__": "0c80d545-4af5-49d3-9bde-629ab7dcee5c"
      },
      "fileId": "41yxO2ln9FK6jnPGB8I1q8"
    },
    "_contentSize": {
      "__type__": "cc.Size",
      "width": 59,
      "height": 63
    },
    "_zIndex": 0,
    "_trs": {
      "__type__": "TypedArray",
      "ctor": "Float64Array",
      "array": [
        -56,
        null,
        0,
        0,
        0,
        0,
        1,
        1,
        1,
        1
      ]
    }
  },
  {
    "__type__": "cc.Node",
    "_name": "count",
    "_parent": {
      "__id__": 4
    },
    "_components": [
      {
        "__id__": 7
      },
      {
        "__type__": "cc.Widget",
        "node": {
          "__id__": 6
        },
        "alignMode": 0,
        "_alignFlags": 2,
        "_verticalCenter": -2
      }
    ],
    "_prefab": {
      "__type__": "cc.PrefabInfo",
      "root": {
        "__id__": 1
      },
      "asset": {
        "__uuid__": "0c80d545-4af5-49d3-9bde-629ab7dcee5c"
      },
      "fileId": "0e/Dxe0JFMHoUvEokmBv0+"
    },
    "_contentSize": {
      "__type__": "cc.Size",
      "width": 81.9,
      "height": 40
    },
    "_zIndex": 0,
    "_trs": {
      "__type__": "TypedArray",
      "ctor": "Float64Array",
      "array": [
        15,
        -2,
        0,
        0,
        0,
        0,
        1,
        1,
        1,
        1
      ]
    }
  },
  {
    "__type__": "cc.Label",
    "node": {
      "__id__": 6
    },
    "_useOriginalSize": false,
    "_string": "0",
    "_N$string": "0",
    "_lineHeight": 120,
    "_N$file": {
      "__uuid__": "7fb48414-e05d-4345-9536-9aad7cbd6ff4"
    },
    "_isSystemFontUsed": false,
    "_N$horizontalAlign": 1,
    "_N$verticalAlign": 1,
    "_N$overflow": 2
  },
  {
    "__type__": "cc.Node",
    "_name": "btnBack",
    "_parent": {
      "__id__": 1
    },
    "_components": [
      {
        "__type__": "cc.Sprite",
        "node": {
          "__id__": 8
        },
        "_spriteFrame": {
          "__uuid__": "a0cf8960-a669-4ef4-b26f-5aa8c1e93f5f"
        },
        "_sizeMode": 2
      },
      {
        "__type__": "cc.Button",
        "node": {
          "__id__": 8
        },
        "clickEvents": [
          {
            "__type__": "cc.ClickEvent",
            "target": {
              "__id__": 1
            },
            "component": "skinNode",
            "handler": "backClick"
          }
        ],
        "_N$transition": 3,
        "transition": 3,
        "_N$normalColor": {
          "__type__": "cc.Color",
          "r": 255,
          "g": 255,
          "b": 255
        },
        "_N$pressedColor": {
          "__type__": "cc.Color",
          "r": 255,
          "g": 255,
          "b": 255
        },
        "pressedColor": {
          "__type__": "cc.Color",
          "r": 255,
          "g": 255,
          "b": 255
        },
        "_N$disabledColor": {
          "__type__": "cc.Color",
          "r": 255,
          "g": 255,
          "b": 255
        },
        "_N$normalSprite": {
          "__uuid__": "f0048c10-f03e-4c97-b9d3-3506e1d58952"
        },
        "_N$pressedSprite": {
          "__uuid__": "e9ec654c-97a2-4787-9325-e6a10375219a"
        },
        "pressedSprite": {
          "__uuid__": "e9ec654c-97a2-4787-9325-e6a10375219a"
        },
        "_N$hoverSprite": {
          "__uuid__": "e9ec654c-97a2-4787-9325-e6a10375219a"
        },
        "hoverSprite": {
          "__uuid__": "e9ec654c-97a2-4787-9325-e6a10375219a"
        },
        "_N$disabledSprite": {
          "__uuid__": "29158224-f8dd-4661-a796-1ffab537140e"
        },
        "_N$target": {
          "__id__": 8
        }
      },
      {
        "__type__": "cc.Widget",
        "node": {
          "__id__": 8
        },
        "alignMode": 0,
        "_alignFlags": 12,
        "_left": 64,
        "_bottom": 106,
        "_verticalCenter": -506
      }
    ],
    "_prefab": {
      "__type__": "cc.PrefabInfo",
      "root": {
        "__id__": 1
      },
      "asset": {
        "__uuid__": "0c80d545-4af5-49d3-9bde-629ab7dcee5c"
      },
      "fileId": "25eH2bc19DhZERlcdfsHRH"
    },
    "_contentSize": {
      "__type__": "cc.Size",
      "width": 45,
      "height": 74
    },
    "_zIndex": 0,
    "_trs": {
      "__type__": "TypedArray",
      "ctor": "Float64Array",
      "array": [
        -273.5,
        -497,
        0,
        0,
        0,
        0,
        1,
        1,
        1,
        1
      ]
    }
  },
  {
    "__type__": "cc.Node",
    "_name": "btnUnLock",
    "_parent": {
      "__id__": 1
    },
    "_children": [
      {
        "__id__": 10
      }
    ],
    "_components": [
      {
        "__type__": "cc.Sprite",
        "node": {
          "__id__": 9
        },
        "_spriteFrame": {
          "__uuid__": "008cf418-aa3a-4959-a45d-4b3688d7891a"
        },
        "_sizeMode": 2
      },
      {
        "__type__": "cc.Button",
        "node": {
          "__id__": 9
        },
        "clickEvents": [
          {
            "__type__": "cc.ClickEvent",
            "target": {
              "__id__": 1
            },
            "component": "skinNode",
            "handler": "unLockSkinClick"
          }
        ],
        "_N$enableAutoGrayEffect": true,
        "_N$transition": 3,
        "transition": 3,
        "_N$normalColor": {
          "__type__": "cc.Color",
          "r": 255,
          "g": 255,
          "b": 255
        },
        "_N$pressedColor": {
          "__type__": "cc.Color",
          "r": 255,
          "g": 255,
          "b": 255
        },
        "pressedColor": {
          "__type__": "cc.Color",
          "r": 255,
          "g": 255,
          "b": 255
        },
        "_N$disabledColor": {
          "__type__": "cc.Color",
          "r": 255,
          "g": 255,
          "b": 255
        },
        "_N$pressedSprite": {
          "__uuid__": "e9ec654c-97a2-4787-9325-e6a10375219a"
        },
        "pressedSprite": {
          "__uuid__": "e9ec654c-97a2-4787-9325-e6a10375219a"
        },
        "_N$hoverSprite": {
          "__uuid__": "e9ec654c-97a2-4787-9325-e6a10375219a"
        },
        "hoverSprite": {
          "__uuid__": "e9ec654c-97a2-4787-9325-e6a10375219a"
        },
        "_N$disabledSprite": {
          "__uuid__": "29158224-f8dd-4661-a796-1ffab537140e"
        },
        "_N$target": {
          "__id__": 9
        }
      },
      {
        "__type__": "cc.Widget",
        "node": {
          "__id__": 9
        },
        "alignMode": 0,
        "_alignFlags": 4,
        "_bottom": 87.5,
        "_horizontalCenter": -16
      }
    ],
    "_prefab": {
      "__type__": "cc.PrefabInfo",
      "root": {
        "__id__": 1
      },
      "asset": {
        "__uuid__": "0c80d545-4af5-49d3-9bde-629ab7dcee5c"
      },
      "fileId": "117sXW34dPc7lhiq7+WFEJ"
    },
    "_contentSize": {
      "__type__": "cc.Size",
      "width": 300,
      "height": 111
    },
    "_zIndex": 0,
    "_trs": {
      "__type__": "TypedArray",
      "ctor": "Float64Array",
      "array": [
        -33,
        -497,
        0,
        0,
        0,
        0,
        1,
        1,
        1,
        1
      ]
    }
  },
  {
    "__type__": "cc.Node",
    "_name": "goldBg",
    "_parent": {
      "__id__": 9
    },
    "_children": [
      {
        "__id__": 11
      },
      {
        "__id__": 12
      }
    ],
    "_components": [
      {
        "__type__": "cc.Sprite",
        "node": {
          "__id__": 10
        },
        "_spriteFrame": {
          "__uuid__": "47827bdc-3933-409b-976d-221e8a199309"
        }
      },
      {
        "__type__": "cc.Widget",
        "node": {
          "__id__": 10
        },
        "alignMode": 0,
        "_alignFlags": 16,
        "_left": 94.5,
        "_top": 59.5
      }
    ],
    "_prefab": {
      "__type__": "cc.PrefabInfo",
      "root": {
        "__id__": 1
      },
      "asset": {
        "__uuid__": "0c80d545-4af5-49d3-9bde-629ab7dcee5c"
      },
      "fileId": "30eeMJj0FCQJZQv9Nbnmis"
    },
    "_contentSize": {
      "__type__": "cc.Size",
      "width": 133,
      "height": 56
    },
    "_zIndex": 0,
    "_trs": {
      "__type__": "TypedArray",
      "ctor": "Float64Array",
      "array": [
        null,
        -27,
        0,
        0,
        0,
        0,
        1,
        0.7,
        0.7,
        1
      ]
    }
  },
  {
    "__type__": "cc.Node",
    "_name": "icon",
    "_parent": {
      "__id__": 10
    },
    "_components": [
      {
        "__type__": "cc.Sprite",
        "node": {
          "__id__": 11
        },
        "_spriteFrame": {
          "__uuid__": "9b293c7e-33da-49ae-ad1b-d22604ddf83e"
        }
      },
      {
        "__type__": "cc.Widget",
        "node": {
          "__id__": 11
        },
        "alignMode": 0,
        "_alignFlags": 10,
        "_left": -19
      }
    ],
    "_prefab": {
      "__type__": "cc.PrefabInfo",
      "root": {
        "__id__": 1
      },
      "asset": {
        "__uuid__": "0c80d545-4af5-49d3-9bde-629ab7dcee5c"
      },
      "fileId": "81Z8YLUk5Pn6hOs4XOuEcq"
    },
    "_contentSize": {
      "__type__": "cc.Size",
      "width": 59,
      "height": 63
    },
    "_zIndex": 0,
    "_trs": {
      "__type__": "TypedArray",
      "ctor": "Float64Array",
      "array": [
        -56,
        null,
        0,
        0,
        0,
        0,
        1,
        1,
        1,
        1
      ]
    }
  },
  {
    "__type__": "cc.Node",
    "_name": "count",
    "_parent": {
      "__id__": 10
    },
    "_components": [
      {
        "__id__": 13
      },
      {
        "__type__": "cc.Widget",
        "node": {
          "__id__": 12
        },
        "alignMode": 0,
        "_alignFlags": 2
      }
    ],
    "_prefab": {
      "__type__": "cc.PrefabInfo",
      "root": {
        "__id__": 1
      },
      "asset": {
        "__uuid__": "0c80d545-4af5-49d3-9bde-629ab7dcee5c"
      },
      "fileId": "23+FKzrSBKrLzkMwmEpwAz"
    },
    "_contentSize": {
      "__type__": "cc.Size",
      "width": 77.3,
      "height": 50
    },
    "_zIndex": 0,
    "_trs": {
      "__type__": "TypedArray",
      "ctor": "Float64Array",
      "array": [
        17.3,
        null,
        0,
        0,
        0,
        0,
        1,
        1,
        1,
        1
      ]
    }
  },
  {
    "__type__": "cc.Label",
    "node": {
      "__id__": 12
    },
    "_useOriginalSize": false,
    "_string": "200",
    "_N$string": "200",
    "_lineHeight": 120,
    "_N$file": {
      "__uuid__": "7fb48414-e05d-4345-9536-9aad7cbd6ff4"
    },
    "_isSystemFontUsed": false,
    "_N$verticalAlign": 1,
    "_N$overflow": 2
  },
  {
    "__type__": "cc.Node",
    "_name": "btnHelp",
    "_parent": {
      "__id__": 1
    },
    "_children": [
      {
        "__id__": 15
      },
      {
        "__id__": 16
      }
    ],
    "_components": [
      {
        "__type__": "cc.Sprite",
        "node": {
          "__id__": 14
        },
        "_spriteFrame": {
          "__uuid__": "f2e47b92-e592-4e6a-9543-3a56edb3e1c6"
        },
        "_sizeMode": 2
      },
      {
        "__type__": "cc.Button",
        "node": {
          "__id__": 14
        },
        "clickEvents": [
          {
            "__type__": "cc.ClickEvent",
            "target": {
              "__id__": 1
            },
            "component": "skinNode",
            "handler": "helpClick"
          }
        ],
        "_N$transition": 3,
        "transition": 3,
        "_N$normalColor": {
          "__type__": "cc.Color",
          "r": 255,
          "g": 255,
          "b": 255
        },
        "_N$pressedColor": {
          "__type__": "cc.Color",
          "r": 255,
          "g": 255,
          "b": 255
        },
        "pressedColor": {
          "__type__": "cc.Color",
          "r": 255,
          "g": 255,
          "b": 255
        },
        "_N$disabledColor": {
          "__type__": "cc.Color",
          "r": 255,
          "g": 255,
          "b": 255
        },
        "_N$normalSprite": {
          "__uuid__": "f2e47b92-e592-4e6a-9543-3a56edb3e1c6"
        },
        "_N$pressedSprite": {
          "__uuid__": "e9ec654c-97a2-4787-9325-e6a10375219a"
        },
        "pressedSprite": {
          "__uuid__": "e9ec654c-97a2-4787-9325-e6a10375219a"
        },
        "_N$hoverSprite": {
          "__uuid__": "e9ec654c-97a2-4787-9325-e6a10375219a"
        },
        "hoverSprite": {
          "__uuid__": "e9ec654c-97a2-4787-9325-e6a10375219a"
        },
        "_N$disabledSprite": {
          "__uuid__": "29158224-f8dd-4661-a796-1ffab537140e"
        },
        "_N$target": {
          "__id__": 14
        }
      },
      {
        "__type__": "cc.Widget",
        "node": {
          "__id__": 14
        },
        "alignMode": 0,
        "_alignFlags": 36,
        "_right": 64,
        "_bottom": 87.5,
        "_verticalCenter": -506
      }
    ],
    "_prefab": {
      "__type__": "cc.PrefabInfo",
      "root": {
        "__id__": 1
      },
      "asset": {
        "__uuid__": "0c80d545-4af5-49d3-9bde-629ab7dcee5c"
      },
      "fileId": "d6v7dNo5tGQ50dmaySwsx1"
    },
    "_contentSize": {
      "__type__": "cc.Size",
      "width": 111,
      "height": 111
    },
    "_zIndex": 0,
    "_trs": {
      "__type__": "TypedArray",
      "ctor": "Float64Array",
      "array": [
        240.5,
        -497,
        0,
        0,
        0,
        0,
        1,
        1,
        1,
        1
      ]
    }
  },
  {
    "__type__": "cc.Node",
    "_name": "help",
    "_parent": {
      "__id__": 14
    },
    "_level": 1,
    "_components": [
      {
        "__type__": "cc.Sprite",
        "node": {
          "__id__": 15
        },
        "_spriteFrame": {
          "__uuid__": "2ce797dd-7055-44b5-a019-254ec1023ffd"
        }
      }
    ],
    "_prefab": {
      "__type__": "cc.PrefabInfo",
      "root": {
        "__id__": 1
      },
      "asset": {
        "__uuid__": "0c80d545-4af5-49d3-9bde-629ab7dcee5c"
      },
      "fileId": "70pgfZwXFFrbS1Xv41lO4U"
    },
    "_contentSize": {
      "__type__": "cc.Size",
      "width": 111,
      "height": 111
    },
    "_zIndex": 0,
    "_trs": {
      "__type__": "TypedArray",
      "ctor": "Float64Array",
      "array": [
        0,
        0,
        0,
        0,
        0,
        0,
        1,
        1,
        1,
        1
      ]
    }
  },
  {
    "__type__": "cc.Node",
    "_name": "goldBg",
    "_parent": {
      "__id__": 14
    },
    "_children": [
      {
        "__id__": 17
      },
      {
        "__id__": 18
      }
    ],
    "_level": 1,
    "_components": [
      {
        "__type__": "cc.Sprite",
        "node": {
          "__id__": 16
        },
        "_spriteFrame": {
          "__uuid__": "47827bdc-3933-409b-976d-221e8a199309"
        }
      },
      {
        "__type__": "cc.Widget",
        "node": {
          "__id__": 16
        },
        "alignMode": 0,
        "_alignFlags": 16,
        "_left": 94.5,
        "_top": 59.5,
        "_horizontalCenter": 5.8
      }
    ],
    "_prefab": {
      "__type__": "cc.PrefabInfo",
      "root": {
        "__id__": 1
      },
      "asset": {
        "__uuid__": "0c80d545-4af5-49d3-9bde-629ab7dcee5c"
      },
      "fileId": "32Ls6duh9EpYgFT1hpY5OZ"
    },
    "_contentSize": {
      "__type__": "cc.Size",
      "width": 133,
      "height": 56
    },
    "_zIndex": 0,
    "_trs": {
      "__type__": "TypedArray",
      "ctor": "Float64Array",
      "array": [
        5.8,
        -21.2,
        0,
        0,
        0,
        0,
        1,
        0.5,
        0.5,
        1
      ]
    }
  },
  {
    "__type__": "cc.Node",
    "_name": "icon",
    "_parent": {
      "__id__": 16
    },
    "_components": [
      {
        "__type__": "cc.Sprite",
        "node": {
          "__id__": 17
        },
        "_spriteFrame": {
          "__uuid__": "9b293c7e-33da-49ae-ad1b-d22604ddf83e"
        }
      },
      {
        "__type__": "cc.Widget",
        "node": {
          "__id__": 17
        },
        "alignMode": 0,
        "_alignFlags": 10,
        "_left": -19
      }
    ],
    "_prefab": {
      "__type__": "cc.PrefabInfo",
      "root": {
        "__id__": 1
      },
      "asset": {
        "__uuid__": "0c80d545-4af5-49d3-9bde-629ab7dcee5c"
      },
      "fileId": "0d7iuY4qBMb6NMT5j+IZWJ"
    },
    "_contentSize": {
      "__type__": "cc.Size",
      "width": 59,
      "height": 63
    },
    "_zIndex": 0,
    "_trs": {
      "__type__": "TypedArray",
      "ctor": "Float64Array",
      "array": [
        -56,
        null,
        0,
        0,
        0,
        0,
        1,
        1,
        1,
        1
      ]
    }
  },
  {
    "__type__": "cc.Node",
    "_name": "count",
    "_parent": {
      "__id__": 16
    },
    "_components": [
      {
        "__type__": "cc.Label",
        "node": {
          "__id__": 18
        },
        "_useOriginalSize": false,
        "_string": "+25",
        "_N$string": "+25",
        "_fontSize": 50,
        "_lineHeight": 120,
        "_N$file": {
          "__uuid__": "7fb48414-e05d-4345-9536-9aad7cbd6ff4"
        },
        "_isSystemFontUsed": false,
        "_N$verticalAlign": 1,
        "_N$overflow": 2
      },
      {
        "__type__": "cc.Widget",
        "node": {
          "__id__": 18
        },
        "alignMode": 0,
        "_alignFlags": 2
      }
    ],
    "_prefab": {
      "__type__": "cc.PrefabInfo",
      "root": {
        "__id__": 1
      },
      "asset": {
        "__uuid__": "0c80d545-4af5-49d3-9bde-629ab7dcee5c"
      },
      "fileId": "2aSwsFksdKK7Fp6W+rVROU"
    },
    "_contentSize": {
      "__type__": "cc.Size",
      "width": 77.3,
      "height": 50
    },
    "_zIndex": 0,
    "_trs": {
      "__type__": "TypedArray",
      "ctor": "Float64Array",
      "array": [
        17.3,
        null,
        0,
        0,
        0,
        0,
        1,
        1,
        1,
        1
      ]
    }
  },
  {
    "__type__": "cc.Node",
    "_name": "scrollNode",
    "_parent": {
      "__id__": 1
    },
    "_children": [
      {
        "__id__": 20
      },
      {
        "__id__": 21
      }
    ],
    "_components": [
      {
        "__type__": "cc.Layout",
        "node": {
          "__id__": 19
        },
        "_layoutSize": {
          "__type__": "cc.Size",
          "width": 1440,
          "height": 200
        },
        "_resize": 1,
        "_N$layoutType": 1
      },
      {
        "__type__": "cc.Widget",
        "node": {
          "__id__": 19
        },
        "alignMode": 0,
        "_alignFlags": 2
      }
    ],
    "_prefab": {
      "__type__": "cc.PrefabInfo",
      "root": {
        "__id__": 1
      },
      "asset": {
        "__uuid__": "0c80d545-4af5-49d3-9bde-629ab7dcee5c"
      },
      "fileId": "c8Is0J+5JD8bHdRXSLYfR0"
    },
    "_contentSize": {
      "__type__": "cc.Size",
      "width": 1440,
      "height": 200
    },
    "_anchorPoint": {
      "__type__": "cc.Vec2",
      "y": 0.5
    },
    "_zIndex": 0,
    "_trs": {
      "__type__": "TypedArray",
      "ctor": "Float64Array",
      "array": [
        -360,
        null,
        0,
        0,
        0,
        0,
        1,
        1,
        1,
        1
      ]
    }
  },
  {
    "__type__": "cc.Node",
    "_name": "ItemLayout1",
    "_parent": {
      "__id__": 19
    },
    "_components": [
      {
        "__type__": "cc.Sprite",
        "node": {
          "__id__": 20
        },
        "_type": 1,
        "_sizeMode": 0
      },
      {
        "__type__": "cc.Layout",
        "node": {
          "__id__": 20
        },
        "_layoutSize": {
          "__type__": "cc.Size",
          "width": 720,
          "height": 680
        },
        "_N$layoutType": 3,
        "_N$paddingLeft": 33,
        "_N$paddingRight": 33,
        "_N$paddingTop": 10,
        "_N$paddingBottom": 10,
        "_N$spacingX": 33,
        "_N$spacingY": 33
      }
    ],
    "_prefab": {
      "__type__": "cc.PrefabInfo",
      "root": {
        "__id__": 1
      },
      "asset": {
        "__uuid__": "0c80d545-4af5-49d3-9bde-629ab7dcee5c"
      },
      "fileId": "b7gPyJW0NGmqzvB4oiEXby"
    },
    "_color": {
      "__type__": "cc.Color",
      "r": 167,
      "g": 167,
      "b": 167
    },
    "_contentSize": {
      "__type__": "cc.Size",
      "width": 720,
      "height": 680
    },
    "_zIndex": 0,
    "_trs": {
      "__type__": "TypedArray",
      "ctor": "Float64Array",
      "array": [
        360,
        null,
        0,
        0,
        0,
        0,
        1,
        1,
        1,
        1
      ]
    }
  },
  {
    "__type__": "cc.Node",
    "_name": "ItemLayout2",
    "_parent": {
      "__id__": 19
    },
    "_components": [
      {
        "__type__": "cc.Sprite",
        "node": {
          "__id__": 21
        },
        "_type": 1,
        "_sizeMode": 0
      },
      {
        "__type__": "cc.Layout",
        "node": {
          "__id__": 21
        },
        "_layoutSize": {
          "__type__": "cc.Size",
          "width": 720,
          "height": 680
        },
        "_N$layoutType": 3,
        "_N$paddingLeft": 33,
        "_N$paddingRight": 33,
        "_N$paddingTop": 10,
        "_N$paddingBottom": 10,
        "_N$spacingX": 33,
        "_N$spacingY": 33
      }
    ],
    "_prefab": {
      "__type__": "cc.PrefabInfo",
      "root": {
        "__id__": 1
      },
      "asset": {
        "__uuid__": "0c80d545-4af5-49d3-9bde-629ab7dcee5c"
      },
      "fileId": "f5aW8guc1JUqprPFiLeBhB"
    },
    "_color": {
      "__type__": "cc.Color",
      "r": 167,
      "g": 167,
      "b": 167
    },
    "_contentSize": {
      "__type__": "cc.Size",
      "width": 720,
      "height": 680
    },
    "_zIndex": 0,
    "_trs": {
      "__type__": "TypedArray",
      "ctor": "Float64Array",
      "array": [
        1080,
        null,
        0,
        0,
        0,
        0,
        1,
        1,
        1,
        1
      ]
    }
  },
  {
    "__type__": "cc.Node",
    "_name": "btnLayout1",
    "_parent": {
      "__id__": 1
    },
    "_children": [
      {
        "__id__": 23
      },
      {
        "__id__": 24
      }
    ],
    "_components": [
      {
        "__type__": "cc.Widget",
        "node": {
          "__id__": 22
        },
        "alignMode": 0,
        "_alignFlags": 10,
        "_left": 290,
        "_verticalCenter": -388,
        "_horizontalCenter": -79
      }
    ],
    "_prefab": {
      "__type__": "cc.PrefabInfo",
      "root": {
        "__id__": 1
      },
      "asset": {
        "__uuid__": "0c80d545-4af5-49d3-9bde-629ab7dcee5c"
      },
      "fileId": "08aTxdMhtHZpcKKHqgQCMf"
    },
    "_contentSize": {
      "__type__": "cc.Size",
      "width": 70,
      "height": 40
    },
    "_zIndex": 0,
    "_trs": {
      "__type__": "TypedArray",
      "ctor": "Float64Array",
      "array": [
        -35,
        -388,
        0,
        0,
        0,
        0,
        1,
        1,
        1,
        1
      ]
    }
  },
  {
    "__type__": "cc.Node",
    "_name": "pageSelect",
    "_parent": {
      "__id__": 22
    },
    "_components": [
      {
        "__type__": "cc.Sprite",
        "node": {
          "__id__": 23
        },
        "_spriteFrame": {
          "__uuid__": "499c258f-dc51-4041-a694-bfa0d835a32c"
        }
      }
    ],
    "_prefab": {
      "__type__": "cc.PrefabInfo",
      "root": {
        "__id__": 1
      },
      "asset": {
        "__uuid__": "0c80d545-4af5-49d3-9bde-629ab7dcee5c"
      },
      "fileId": "48+MOTsVpD6Lg2SZEEYL5w"
    },
    "_contentSize": {
      "__type__": "cc.Size",
      "width": 40,
      "height": 11
    },
    "_zIndex": 0,
    "_trs": {
      "__type__": "TypedArray",
      "ctor": "Float64Array",
      "array": [
        0,
        0,
        0,
        0,
        0,
        0,
        1,
        1,
        1,
        1
      ]
    }
  },
  {
    "__type__": "cc.Node",
    "_name": "pageUnSelect",
    "_parent": {
      "__id__": 22
    },
    "_active": false,
    "_components": [
      {
        "__type__": "cc.Sprite",
        "node": {
          "__id__": 24
        },
        "_spriteFrame": {
          "__uuid__": "837b759d-c47c-4bef-80a3-2c81886c8ac5"
        }
      }
    ],
    "_prefab": {
      "__type__": "cc.PrefabInfo",
      "root": {
        "__id__": 1
      },
      "asset": {
        "__uuid__": "0c80d545-4af5-49d3-9bde-629ab7dcee5c"
      },
      "fileId": "2b8n/eaMFFjJwBJj/+oiDJ"
    },
    "_contentSize": {
      "__type__": "cc.Size",
      "width": 40,
      "height": 11
    },
    "_zIndex": 0,
    "_trs": {
      "__type__": "TypedArray",
      "ctor": "Float64Array",
      "array": [
        0,
        0,
        0,
        0,
        0,
        0,
        1,
        1,
        1,
        1
      ]
    }
  },
  {
    "__type__": "cc.Node",
    "_name": "btnLayout2",
    "_parent": {
      "__id__": 1
    },
    "_children": [
      {
        "__id__": 26
      },
      {
        "__id__": 27
      }
    ],
    "_components": [
      {
        "__type__": "cc.Widget",
        "node": {
          "__id__": 25
        },
        "alignMode": 0,
        "_alignFlags": 34,
        "_right": 290,
        "_verticalCenter": -388
      }
    ],
    "_prefab": {
      "__type__": "cc.PrefabInfo",
      "root": {
        "__id__": 1
      },
      "asset": {
        "__uuid__": "0c80d545-4af5-49d3-9bde-629ab7dcee5c"
      },
      "fileId": "53k4jSwLFIoIrXWndWuZFr"
    },
    "_contentSize": {
      "__type__": "cc.Size",
      "width": 70,
      "height": 40
    },
    "_zIndex": 0,
    "_trs": {
      "__type__": "TypedArray",
      "ctor": "Float64Array",
      "array": [
        35,
        -388,
        0,
        0,
        0,
        0,
        1,
        1,
        1,
        1
      ]
    }
  },
  {
    "__type__": "cc.Node",
    "_name": "pageSelect",
    "_parent": {
      "__id__": 25
    },
    "_active": false,
    "_components": [
      {
        "__type__": "cc.Sprite",
        "node": {
          "__id__": 26
        },
        "_spriteFrame": {
          "__uuid__": "499c258f-dc51-4041-a694-bfa0d835a32c"
        }
      }
    ],
    "_prefab": {
      "__type__": "cc.PrefabInfo",
      "root": {
        "__id__": 1
      },
      "asset": {
        "__uuid__": "0c80d545-4af5-49d3-9bde-629ab7dcee5c"
      },
      "fileId": "cayuvCqPxDnrxZfHhVRC4l"
    },
    "_contentSize": {
      "__type__": "cc.Size",
      "width": 40,
      "height": 11
    },
    "_zIndex": 0,
    "_trs": {
      "__type__": "TypedArray",
      "ctor": "Float64Array",
      "array": [
        0,
        0,
        0,
        0,
        0,
        0,
        1,
        1,
        1,
        1
      ]
    }
  },
  {
    "__type__": "cc.Node",
    "_name": "pageUnSelect",
    "_parent": {
      "__id__": 25
    },
    "_components": [
      {
        "__type__": "cc.Sprite",
        "node": {
          "__id__": 27
        },
        "_spriteFrame": {
          "__uuid__": "837b759d-c47c-4bef-80a3-2c81886c8ac5"
        }
      }
    ],
    "_prefab": {
      "__type__": "cc.PrefabInfo",
      "root": {
        "__id__": 1
      },
      "asset": {
        "__uuid__": "0c80d545-4af5-49d3-9bde-629ab7dcee5c"
      },
      "fileId": "e1g+oycolHXL504oWjKAuU"
    },
    "_contentSize": {
      "__type__": "cc.Size",
      "width": 40,
      "height": 11
    },
    "_zIndex": 0,
    "_trs": {
      "__type__": "TypedArray",
      "ctor": "Float64Array",
      "array": [
        0,
        0,
        0,
        0,
        0,
        0,
        1,
        1,
        1,
        1
      ]
    }
  },
  {
    "__type__": "cc.Node",
    "_name": "moveEventNode",
    "_parent": {
      "__id__": 1
    },
    "_components": [
      {
        "__type__": "cc.Widget",
        "node": {
          "__id__": 28
        },
        "alignMode": 0,
        "_alignFlags": 40,
        "_left": 8,
        "_right": -8,
        "_originalWidth": 100
      }
    ],
    "_prefab": {
      "__type__": "cc.PrefabInfo",
      "root": {
        "__id__": 1
      },
      "asset": {
        "__uuid__": "0c80d545-4af5-49d3-9bde-629ab7dcee5c"
      },
      "fileId": "cc1V0N9j5PtY8cPC+wMC/H"
    },
    "_opacity": 0,
    "_contentSize": {
      "__type__": "cc.Size",
      "width": 720,
      "height": 800
    },
    "_zIndex": 0,
    "_trs": {
      "__type__": "TypedArray",
      "ctor": "Float64Array",
      "array": [
        8,
        -212,
        0,
        0,
        0,
        0,
        1,
        1,
        1,
        1
      ]
    }
  }
]