[
  {
    "__type__": "cc.Prefab",
    "_name": "bodyParticle",
    "data": {
      "__id__": 1
    },
    "optimizationPolicy": 0,
    "asyncLoadAssets": false,
    "readonly": false
  },
  {
    "__type__": "cc.Node",
    "_name": "bodyParticle",
    "_level": 1,
    "_components": [
      {
        "__type__": "cc.ParticleSystem",
        "node": {
          "__id__": 1
        },
        "_custom": true,
        "_file": {
          "__uuid__": "d96136cc-9d08-49d6-b54e-f0ba56df7ba1"
        },
        "_spriteFrame": {
          "__uuid__": "3d864419-3dce-4c06-be57-93bcaed5d5a9"
        },
        "_srcBlendFactor": 1,
        "totalParticles": 30,
        "duration": 0.1,
        "emissionRate": 100,
        "life": 0.2,
        "lifeVar": 0.3,
        "_startColor": {
          "__type__": "cc.Color",
          "r": 254,
          "g": 212,
          "a": 172
        },
        "_startColorVar": {
          "__type__": "cc.Color",
          "a": 0
        },
        "_endColor": {
          "__type__": "cc.Color",
          "r": 254,
          "g": 212,
          "a": 0
        },
        "_endColorVar": {
          "__type__": "cc.Color",
          "a": 0
        },
        "angle": -90,
        "angleVar": 134,
        "startSize": 15,
        "endSize": 2,
        "speed": 400,
        "speedVar": 157,
        "tangentialAccel": 0
      },
      {
        "__type__": "3ca45z+tXRCFJw00WfQpy9s",
        "node": {
          "__id__": 1
        }
      }
    ],
    "_prefab": {
      "__type__": "cc.PrefabInfo",
      "root": {
        "__id__": 1
      },
      "asset": {
        "__uuid__": "a2ed2627-fb37-4349-943b-22377e0e0c52"
      },
      "fileId": "17MtVAVk1EwIZKWMeWaH7x"
    },
    "_zIndex": 0,
    "_trs": {
      "__type__": "TypedArray",
      "ctor": "Float64Array",
      "array": [
        272,
        580,
        0,
        0,
        0,
        0,
        1,
        1,
        1,
        1
      ]
    }
  }
]