[
  {
    "__type__": "cc.Prefab",
    "_name": "loopDock",
    "data": {
      "__id__": 1
    },
    "optimizationPolicy": 0,
    "asyncLoadAssets": false,
    "readonly": false
  },
  {
    "__type__": "cc.Node",
    "_name": "loopDock",
    "_children": [
      {
        "__id__": 2
      },
      {
        "__id__": 7
      }
    ],
    "_level": 1,
    "_components": [
      {
        "__type__": "cc.Sprite",
        "node": {
          "__id__": 1
        },
        "_spriteFrame": {
          "__uuid__": "dd4452aa-846b-4059-877b-103c25499c55"
        },
        "_sizeMode": 0
      },
      {
        "__type__": "4c0deqxQ8lNWbUCJrmc9mY9",
        "node": {
          "__id__": 1
        }
      }
    ],
    "_prefab": {
      "__type__": "cc.PrefabInfo",
      "root": {
        "__id__": 1
      },
      "asset": {
        "__uuid__": "bf84526a-36c0-43ad-afd5-8905a5dc1250"
      },
      "fileId": "95TT3TlsdM9qc4jzG0wOJ5"
    },
    "_contentSize": {
      "__type__": "cc.Size",
      "width": 720,
      "height": 162
    },
    "_zIndex": 0,
    "_trs": {
      "__type__": "TypedArray",
      "ctor": "Float64Array",
      "array": [
        0,
        0,
        0,
        0,
        0,
        0,
        1,
        1,
        1,
        1
      ]
    }
  },
  {
    "__type__": "cc.Node",
    "_name": "dockNode",
    "_parent": {
      "__id__": 1
    },
    "_children": [
      {
        "__id__": 3
      }
    ],
    "_level": 3,
    "_components": [
      {
        "__type__": "cc.Widget",
        "node": {
          "__id__": 2
        },
        "_alignFlags": 45
      }
    ],
    "_prefab": {
      "__type__": "cc.PrefabInfo",
      "root": {
        "__id__": 1
      },
      "asset": {
        "__uuid__": "bf84526a-36c0-43ad-afd5-8905a5dc1250"
      },
      "fileId": "bcKxsMmhBMqJPUnpYZHNzz"
    },
    "_contentSize": {
      "__type__": "cc.Size",
      "width": 720,
      "height": 162
    },
    "_zIndex": 0,
    "_trs": {
      "__type__": "TypedArray",
      "ctor": "Float64Array",
      "array": [
        0,
        0,
        0,
        0,
        0,
        0,
        1,
        1,
        1,
        1
      ]
    }
  },
  {
    "__type__": "cc.Node",
    "_name": "group",
    "_parent": {
      "__id__": 2
    },
    "_children": [
      {
        "__id__": 4
      },
      {
        "__id__": 5
      },
      {
        "__id__": 6
      }
    ],
    "_level": 4,
    "_components": [
      {
        "__type__": "94db3djyBtP57uEoyNkpnyb",
        "node": {
          "__id__": 3
        }
      },
      {
        "__type__": "cc.Button",
        "node": {
          "__id__": 3
        },
        "clickEvents": [
          {
            "__type__": "cc.ClickEvent",
            "target": {
              "__id__": 3
            },
            "_componentId": "94db3djyBtP57uEoyNkpnyb",
            "handler": "moreGame"
          }
        ],
        "_N$transition": 3,
        "transition": 3
      }
    ],
    "_prefab": {
      "__type__": "cc.PrefabInfo",
      "root": {
        "__id__": 1
      },
      "asset": {
        "__uuid__": "bf84526a-36c0-43ad-afd5-8905a5dc1250"
      },
      "fileId": "85p/7DXi5L/Lx8hhLLs8Bn"
    },
    "_contentSize": {
      "__type__": "cc.Size",
      "width": 134,
      "height": 134
    },
    "_zIndex": 0,
    "_trs": {
      "__type__": "TypedArray",
      "ctor": "Float64Array",
      "array": [
        -425,
        null,
        0,
        0,
        0,
        0,
        1,
        1,
        1,
        1
      ]
    }
  },
  {
    "__type__": "cc.Node",
    "_name": "float",
    "_parent": {
      "__id__": 3
    },
    "_level": 5,
    "_components": [
      {
        "__type__": "cc.Sprite",
        "node": {
          "__id__": 4
        },
        "_spriteFrame": {
          "__uuid__": "37657924-7ff2-4594-b02d-b213cef0c2d8"
        },
        "_sizeMode": 0
      },
      {
        "__type__": "cc.Widget",
        "node": {
          "__id__": 4
        },
        "_alignFlags": 45,
        "_originalWidth": 134,
        "_originalHeight": 134
      }
    ],
    "_prefab": {
      "__type__": "cc.PrefabInfo",
      "root": {
        "__id__": 1
      },
      "asset": {
        "__uuid__": "bf84526a-36c0-43ad-afd5-8905a5dc1250"
      },
      "fileId": "1e8PVSywxIYafKnArqq4bW"
    },
    "_contentSize": {
      "__type__": "cc.Size",
      "width": 134,
      "height": 134
    },
    "_zIndex": 0,
    "_trs": {
      "__type__": "TypedArray",
      "ctor": "Float64Array",
      "array": [
        0,
        0,
        0,
        0,
        0,
        0,
        1,
        1,
        1,
        1
      ]
    }
  },
  {
    "__type__": "cc.Node",
    "_name": "frame",
    "_parent": {
      "__id__": 3
    },
    "_level": 5,
    "_components": [
      {
        "__type__": "cc.Sprite",
        "node": {
          "__id__": 5
        },
        "_sizeMode": 0
      },
      {
        "__type__": "cc.Widget",
        "node": {
          "__id__": 5
        },
        "_alignFlags": 45,
        "_left": 2,
        "_right": 2,
        "_top": 2,
        "_bottom": 2,
        "_originalWidth": 130,
        "_originalHeight": 130
      }
    ],
    "_prefab": {
      "__type__": "cc.PrefabInfo",
      "root": {
        "__id__": 1
      },
      "asset": {
        "__uuid__": "bf84526a-36c0-43ad-afd5-8905a5dc1250"
      },
      "fileId": "39pg68HGVHpIlmXxB/13AS"
    },
    "_contentSize": {
      "__type__": "cc.Size",
      "width": 130,
      "height": 130
    },
    "_zIndex": 0,
    "_trs": {
      "__type__": "TypedArray",
      "ctor": "Float64Array",
      "array": [
        0,
        0,
        0,
        0,
        0,
        0,
        1,
        1,
        1,
        1
      ]
    }
  },
  {
    "__type__": "cc.Node",
    "_name": "lblname",
    "_parent": {
      "__id__": 3
    },
    "_active": false,
    "_level": 5,
    "_components": [
      {
        "__type__": "cc.Label",
        "node": {
          "__id__": 6
        },
        "_useOriginalSize": false,
        "_fontSize": 19,
        "_lineHeight": 22,
        "_enableWrapText": false,
        "_N$horizontalAlign": 1,
        "_N$verticalAlign": 1,
        "_N$overflow": 1
      }
    ],
    "_prefab": {
      "__type__": "cc.PrefabInfo",
      "root": {
        "__id__": 1
      },
      "asset": {
        "__uuid__": "bf84526a-36c0-43ad-afd5-8905a5dc1250"
      },
      "fileId": "2bm+GmvTRPaYxPBJjrcPv6"
    },
    "_color": {
      "__type__": "cc.Color",
      "r": 235,
      "g": 40
    },
    "_contentSize": {
      "__type__": "cc.Size",
      "width": 115,
      "height": 22
    },
    "_zIndex": 0,
    "_trs": {
      "__type__": "TypedArray",
      "ctor": "Float64Array",
      "array": [
        null,
        -58,
        0,
        0,
        0,
        0,
        1,
        1,
        1,
        1
      ]
    }
  },
  {
    "__type__": "cc.Node",
    "_name": "moveNode",
    "_parent": {
      "__id__": 1
    },
    "_level": 2,
    "_components": [
      {
        "__type__": "cc.Widget",
        "node": {
          "__id__": 7
        },
        "_alignFlags": 45
      }
    ],
    "_prefab": {
      "__type__": "cc.PrefabInfo",
      "root": {
        "__id__": 1
      },
      "asset": {
        "__uuid__": "bf84526a-36c0-43ad-afd5-8905a5dc1250"
      },
      "fileId": "e5Uh35ETBHQ793uxPkJDMW"
    },
    "_contentSize": {
      "__type__": "cc.Size",
      "width": 720,
      "height": 162
    },
    "_zIndex": 0,
    "_trs": {
      "__type__": "TypedArray",
      "ctor": "Float64Array",
      "array": [
        0,
        0,
        0,
        0,
        0,
        0,
        1,
        1,
        1,
        1
      ]
    }
  }
]