[
  {
    "__type__": "cc.Prefab",
    "_name": "boutiqueAdFab",
    "data": {
      "__id__": 1
    },
    "optimizationPolicy": 0,
    "asyncLoadAssets": false,
    "readonly": false
  },
  {
    "__type__": "cc.Node",
    "_name": "boutiqueAdFab",
    "_children": [
      {
        "__id__": 2
      },
      {
        "__id__": 3
      },
      {
        "__id__": 4
      }
    ],
    "_level": 1,
    "_components": [
      {
        "__type__": "cc.Button",
        "node": {
          "__id__": 1
        },
        "zoomScale": 0.9,
        "clickEvents": [
          {
            "__type__": "cc.ClickEvent",
            "target": {
              "__id__": 1
            },
            "_componentId": "c74e8mPBehMuaJeJAMVCnt3",
            "handler": "moreGame"
          }
        ],
        "_N$transition": 3,
        "transition": 3,
        "_N$target": {
          "__id__": 1
        }
      },
      {
        "__type__": "c74e8mPBehMuaJeJAMVCnt3",
        "node": {
          "__id__": 1
        }
      }
    ],
    "_prefab": {
      "__type__": "cc.PrefabInfo",
      "root": {
        "__id__": 1
      },
      "asset": {
        "__uuid__": "c0e73a13-3969-4880-ab3c-99667d36ed8e"
      },
      "fileId": "3b/y6j2dNKZ5mfUHvQ4NKl"
    },
    "_contentSize": {
      "__type__": "cc.Size",
      "width": 120,
      "height": 150
    },
    "_zIndex": 0,
    "_trs": {
      "__type__": "TypedArray",
      "ctor": "Float64Array",
      "array": [
        0,
        0,
        0,
        0,
        0,
        0,
        1,
        1,
        1,
        1
      ]
    }
  },
  {
    "__type__": "cc.Node",
    "_name": "lblname",
    "_parent": {
      "__id__": 1
    },
    "_components": [
      {
        "__type__": "cc.Label",
        "node": {
          "__id__": 2
        },
        "_useOriginalSize": false,
        "_fontSize": 15,
        "_lineHeight": 22,
        "_enableWrapText": false,
        "_N$horizontalAlign": 1,
        "_N$verticalAlign": 1,
        "_N$overflow": 1
      }
    ],
    "_prefab": {
      "__type__": "cc.PrefabInfo",
      "root": {
        "__id__": 1
      },
      "asset": {
        "__uuid__": "c0e73a13-3969-4880-ab3c-99667d36ed8e"
      },
      "fileId": "05fZWZkwREuoyXIEJ17g4v"
    },
    "_color": {
      "__type__": "cc.Color",
      "r": 37,
      "g": 84,
      "b": 126
    },
    "_contentSize": {
      "__type__": "cc.Size",
      "width": 120,
      "height": 22
    },
    "_zIndex": 0,
    "_trs": {
      "__type__": "TypedArray",
      "ctor": "Float64Array",
      "array": [
        null,
        -63,
        0,
        0,
        0,
        0,
        1,
        1,
        1,
        1
      ]
    }
  },
  {
    "__type__": "cc.Node",
    "_name": "frame",
    "_parent": {
      "__id__": 1
    },
    "_components": [
      {
        "__type__": "cc.Sprite",
        "node": {
          "__id__": 3
        },
        "_sizeMode": 0
      }
    ],
    "_prefab": {
      "__type__": "cc.PrefabInfo",
      "root": {
        "__id__": 1
      },
      "asset": {
        "__uuid__": "c0e73a13-3969-4880-ab3c-99667d36ed8e"
      },
      "fileId": "37hH+v6QdDRptCuvkwotrr"
    },
    "_contentSize": {
      "__type__": "cc.Size",
      "width": 120,
      "height": 117
    },
    "_zIndex": 0,
    "_trs": {
      "__type__": "TypedArray",
      "ctor": "Float64Array",
      "array": [
        null,
        16,
        0,
        0,
        0,
        0,
        1,
        1,
        1,
        1
      ]
    }
  },
  {
    "__type__": "cc.Node",
    "_name": "float",
    "_parent": {
      "__id__": 1
    },
    "_components": [
      {
        "__type__": "cc.Sprite",
        "node": {
          "__id__": 4
        },
        "_spriteFrame": {
          "__uuid__": "f6f0982d-548a-49ad-8fd1-7aee852a4e06"
        },
        "_sizeMode": 0
      }
    ],
    "_prefab": {
      "__type__": "cc.PrefabInfo",
      "root": {
        "__id__": 1
      },
      "asset": {
        "__uuid__": "c0e73a13-3969-4880-ab3c-99667d36ed8e"
      },
      "fileId": "b7tZ6AvAdEd7hCnHnDp/S2"
    },
    "_contentSize": {
      "__type__": "cc.Size",
      "width": 120,
      "height": 117
    },
    "_zIndex": 0,
    "_trs": {
      "__type__": "TypedArray",
      "ctor": "Float64Array",
      "array": [
        null,
        16,
        0,
        0,
        0,
        0,
        1,
        1,
        1,
        1
      ]
    }
  }
]