[
  {
    "__type__": "cc.Prefab",
    "_name": "skinItem",
    "data": {
      "__id__": 1
    },
    "optimizationPolicy": 0,
    "asyncLoadAssets": false,
    "readonly": false
  },
  {
    "__type__": "cc.Node",
    "_name": "skinItem",
    "_children": [
      {
        "__id__": 2
      },
      {
        "__id__": 3
      }
    ],
    "_level": 1,
    "_components": [
      {
        "__type__": "cc.Sprite",
        "node": {
          "__id__": 1
        },
        "_sizeMode": 2
      },
      {
        "__type__": "cc.Button",
        "node": {
          "__id__": 1
        },
        "_enabled": false,
        "clickEvents": [
          {
            "__type__": "cc.ClickEvent",
            "target": {
              "__id__": 1
            },
            "component": "skinItem",
            "handler": "selectClick"
          }
        ],
        "_N$normalColor": {
          "__type__": "cc.Color",
          "r": 255,
          "g": 255,
          "b": 255
        },
        "_N$pressedColor": {
          "__type__": "cc.Color",
          "r": 255,
          "g": 255,
          "b": 255
        },
        "pressedColor": {
          "__type__": "cc.Color",
          "r": 255,
          "g": 255,
          "b": 255
        },
        "_N$disabledColor": {
          "__type__": "cc.Color",
          "r": 255,
          "g": 255,
          "b": 255
        },
        "_N$normalSprite": {
          "__uuid__": "f0048c10-f03e-4c97-b9d3-3506e1d58952"
        },
        "_N$pressedSprite": {
          "__uuid__": "e9ec654c-97a2-4787-9325-e6a10375219a"
        },
        "pressedSprite": {
          "__uuid__": "e9ec654c-97a2-4787-9325-e6a10375219a"
        },
        "_N$hoverSprite": {
          "__uuid__": "e9ec654c-97a2-4787-9325-e6a10375219a"
        },
        "hoverSprite": {
          "__uuid__": "e9ec654c-97a2-4787-9325-e6a10375219a"
        },
        "_N$disabledSprite": {
          "__uuid__": "29158224-f8dd-4661-a796-1ffab537140e"
        },
        "_N$target": {
          "__id__": 1
        }
      },
      {
        "__type__": "b7933W+45pCbJn5s2maUD6Y",
        "node": {
          "__id__": 1
        }
      }
    ],
    "_prefab": {
      "__type__": "cc.PrefabInfo",
      "root": {
        "__id__": 1
      },
      "asset": {
        "__uuid__": "d4565f81-5bee-48fc-a2c7-ec162de4dd60"
      },
      "fileId": "1axDpDMQtFCpCrjstK7iHN"
    },
    "_contentSize": {
      "__type__": "cc.Size",
      "width": 70,
      "height": 198
    },
    "_zIndex": 0,
    "_trs": {
      "__type__": "TypedArray",
      "ctor": "Float64Array",
      "array": [
        160,
        883,
        0,
        0,
        0,
        0,
        1,
        1,
        1,
        1
      ]
    }
  },
  {
    "__type__": "cc.Node",
    "_name": "head",
    "_parent": {
      "__id__": 1
    },
    "_level": 2,
    "_components": [
      {
        "__type__": "cc.Sprite",
        "node": {
          "__id__": 2
        },
        "_sizeMode": 2
      }
    ],
    "_prefab": {
      "__type__": "cc.PrefabInfo",
      "root": {
        "__id__": 1
      },
      "asset": {
        "__uuid__": "d4565f81-5bee-48fc-a2c7-ec162de4dd60"
      },
      "fileId": "52pHmmuMdAXJSynmMkMCyp"
    },
    "_contentSize": {
      "__type__": "cc.Size",
      "width": 40,
      "height": 40
    },
    "_zIndex": 0,
    "_trs": {
      "__type__": "TypedArray",
      "ctor": "Float64Array",
      "array": [
        null,
        76,
        0,
        0,
        0,
        0,
        1,
        1,
        1,
        1
      ]
    }
  },
  {
    "__type__": "cc.Node",
    "_name": "bodyLayout",
    "_parent": {
      "__id__": 1
    },
    "_level": 2,
    "_components": [
      {
        "__type__": "cc.Sprite",
        "node": {
          "__id__": 3
        },
        "_type": 1,
        "_sizeMode": 0
      },
      {
        "__type__": "cc.Layout",
        "node": {
          "__id__": 3
        },
        "_layoutSize": {
          "__type__": "cc.Size",
          "width": 200,
          "height": 150
        },
        "_resize": 1,
        "_N$layoutType": 2
      }
    ],
    "_prefab": {
      "__type__": "cc.PrefabInfo",
      "root": {
        "__id__": 1
      },
      "asset": {
        "__uuid__": "d4565f81-5bee-48fc-a2c7-ec162de4dd60"
      },
      "fileId": "faK9msmsZOwr68iLqX0o+x"
    },
    "_contentSize": {
      "__type__": "cc.Size",
      "width": 200,
      "height": 150
    },
    "_zIndex": 0,
    "_trs": {
      "__type__": "TypedArray",
      "ctor": "Float64Array",
      "array": [
        0,
        0,
        0,
        0,
        0,
        0,
        1,
        1,
        1,
        1
      ]
    }
  }
]