[
  {
    "__type__": "cc.Prefab",
    "_name": "btn_xcx",
    "data": {
      "__id__": 1
    },
    "optimizationPolicy": 0,
    "asyncLoadAssets": false,
    "readonly": false
  },
  {
    "__type__": "cc.Node",
    "_name": "btn_xcx",
    "_level": 1,
    "_components": [
      {
        "__type__": "cc.Sprite",
        "node": {
          "__id__": 1
        },
        "_spriteFrame": {
          "__uuid__": "22cd88c8-dede-4603-a7db-eaee821017a4"
        }
      },
      {
        "__type__": "cc.Widget",
        "node": {
          "__id__": 1
        },
        "_alignFlags": 1,
        "_top": 0.06757812499999999,
        "_verticalCenter": 553,
        "_isAbsTop": false
      },
      {
        "__type__": "cc.Animation",
        "node": {
          "__id__": 1
        },
        "_defaultClip": {
          "__uuid__": "c65b8e14-b8a5-4e10-917e-613c7b0fde0e"
        },
        "_clips": [
          {
            "__uuid__": "c65b8e14-b8a5-4e10-917e-613c7b0fde0e"
          }
        ],
        "playOnLoad": true
      }
    ],
    "_prefab": {
      "__type__": "cc.PrefabInfo",
      "root": {
        "__id__": 1
      },
      "asset": {
        "__uuid__": "2c4066d0-9552-4c73-8c05-37bfa58a1dc4"
      },
      "fileId": "aeGu7yvrxNkrz2dtUR00RZ"
    },
    "_contentSize": {
      "__type__": "cc.Size",
      "width": 275,
      "height": 57
    },
    "_zIndex": 0,
    "_trs": {
      "__type__": "TypedArray",
      "ctor": "Float64Array",
      "array": [
        null,
        1165,
        0,
        0,
        0,
        0,
        1,
        1,
        1,
        1
      ]
    }
  }
]