[
  {
    "__type__": "cc.Prefab",
    "_name": "bgItem",
    "data": {
      "__id__": 1
    },
    "optimizationPolicy": 0,
    "asyncLoadAssets": false,
    "readonly": false
  },
  {
    "__type__": "cc.Node",
    "_name": "bgItem",
    "_children": [
      {
        "__id__": 2
      },
      {
        "__id__": 3
      },
      {
        "__id__": 4
      }
    ],
    "_level": 1,
    "_components": [
      {
        "__type__": "cc.Sprite",
        "node": {
          "__id__": 1
        }
      },
      {
        "__type__": "3bb6dlNeHlA37B6+k1FSUrX",
        "node": {
          "__id__": 1
        },
        "lock": {
          "__id__": 4
        },
        "select": {
          "__id__": 2
        },
        "unLockSelect": {
          "__id__": 3
        }
      },
      {
        "__type__": "cc.Button",
        "node": {
          "__id__": 1
        },
        "zoomScale": 1.1,
        "clickEvents": [
          {
            "__type__": "cc.ClickEvent",
            "target": {
              "__id__": 1
            },
            "component": "bgItem",
            "handler": "selectItemClick"
          }
        ],
        "_N$target": {
          "__id__": 1
        }
      }
    ],
    "_prefab": {
      "__type__": "cc.PrefabInfo",
      "root": {
        "__id__": 1
      },
      "asset": {
        "__uuid__": "2c8e5e59-edbb-49d5-aada-9c2786362c31"
      },
      "fileId": "6d2EXuDChPfLVACGrHUhGl"
    },
    "_contentSize": {
      "__type__": "cc.Size",
      "width": 645,
      "height": 198
    },
    "_zIndex": 0,
    "_trs": {
      "__type__": "TypedArray",
      "ctor": "Float64Array",
      "array": [
        -4.5,
        316,
        0,
        0,
        0,
        0,
        1,
        1,
        1,
        1
      ]
    }
  },
  {
    "__type__": "cc.Node",
    "_name": "select",
    "_parent": {
      "__id__": 1
    },
    "_active": false,
    "_components": [
      {
        "__type__": "cc.Sprite",
        "node": {
          "__id__": 2
        },
        "_spriteFrame": {
          "__uuid__": "2b207827-66d7-4bed-98b6-70cf80b6425a"
        }
      },
      {
        "__type__": "cc.Widget",
        "node": {
          "__id__": 2
        },
        "_wasAlignOnce": {},
        "isAlignOnce": {},
        "_alignFlags": 36
      }
    ],
    "_prefab": {
      "__type__": "cc.PrefabInfo",
      "root": {
        "__id__": 1
      },
      "asset": {
        "__uuid__": "2c8e5e59-edbb-49d5-aada-9c2786362c31"
      },
      "fileId": "ff0bhp6zNO+KdOwDYtnBEe"
    },
    "_contentSize": {
      "__type__": "cc.Size",
      "width": 70,
      "height": 69
    },
    "_zIndex": 0,
    "_trs": {
      "__type__": "TypedArray",
      "ctor": "Float64Array",
      "array": [
        287.5,
        -64.5,
        0,
        0,
        0,
        0,
        1,
        1,
        1,
        1
      ]
    }
  },
  {
    "__type__": "cc.Node",
    "_name": "unLockSelect",
    "_parent": {
      "__id__": 1
    },
    "_active": false,
    "_components": [
      {
        "__type__": "cc.Sprite",
        "node": {
          "__id__": 3
        },
        "_spriteFrame": {
          "__uuid__": "9d2d5181-2d0a-475c-b768-31fc9f76ba75"
        }
      }
    ],
    "_prefab": {
      "__type__": "cc.PrefabInfo",
      "root": {
        "__id__": 1
      },
      "asset": {
        "__uuid__": "2c8e5e59-edbb-49d5-aada-9c2786362c31"
      },
      "fileId": "6c/QIcoFZKqJbB96wr1RCy"
    },
    "_contentSize": {
      "__type__": "cc.Size",
      "width": 645,
      "height": 198
    },
    "_zIndex": 0,
    "_trs": {
      "__type__": "TypedArray",
      "ctor": "Float64Array",
      "array": [
        0,
        0,
        0,
        0,
        0,
        0,
        1,
        1,
        1,
        1
      ]
    }
  },
  {
    "__type__": "cc.Node",
    "_name": "bgLock",
    "_parent": {
      "__id__": 1
    },
    "_components": [
      {
        "__type__": "cc.Sprite",
        "node": {
          "__id__": 4
        },
        "_spriteFrame": {
          "__uuid__": "c8df3c17-83f6-4ae4-a701-684f05ae052a"
        }
      }
    ],
    "_prefab": {
      "__type__": "cc.PrefabInfo",
      "root": {
        "__id__": 1
      },
      "asset": {
        "__uuid__": "2c8e5e59-edbb-49d5-aada-9c2786362c31"
      },
      "fileId": "c3wmsxl/hFOpbL/yomZPPi"
    },
    "_opacity": 150,
    "_contentSize": {
      "__type__": "cc.Size",
      "width": 645,
      "height": 198
    },
    "_zIndex": 0,
    "_trs": {
      "__type__": "TypedArray",
      "ctor": "Float64Array",
      "array": [
        0,
        0,
        0,
        0,
        0,
        0,
        1,
        1,
        1,
        1
      ]
    }
  }
]