[
  {
    "__type__": "cc.Prefab",
    "_name": "boutiqueDockAD",
    "data": {
      "__id__": 1
    },
    "optimizationPolicy": 0,
    "asyncLoadAssets": false,
    "readonly": false
  },
  {
    "__type__": "cc.Node",
    "_name": "boutiqueDockAD",
    "_children": [
      {
        "__id__": 2
      },
      {
        "__id__": 4
      }
    ],
    "_level": 1,
    "_components": [
      {
        "__type__": "cc.Widget",
        "node": {
          "__id__": 1
        },
        "alignMode": 0,
        "_alignFlags": 4,
        "_bottom": 640
      },
      {
        "__type__": "42196/AxTtHIKZ7nF2sHvJ2",
        "node": {
          "__id__": 1
        },
        "dockDyn": {
          "__uuid__": "c0e73a13-3969-4880-ab3c-99667d36ed8e"
        },
        "container": {
          "__id__": 2
        },
        "backBtn": {
          "__id__": 3
        },
        "showBtn": {
          "__id__": 4
        }
      }
    ],
    "_prefab": {
      "__type__": "cc.PrefabInfo",
      "root": {
        "__id__": 1
      },
      "asset": {
        "__uuid__": "b70bcdb6-1040-4a7e-8b21-f3f483aeb6c8"
      },
      "fileId": "21GbeBeBFL57ur4B2tueOm"
    },
    "_zIndex": 0,
    "_trs": {
      "__type__": "TypedArray",
      "ctor": "Float64Array",
      "array": [
        null,
        640,
        0,
        0,
        0,
        0,
        1,
        1,
        1,
        1
      ]
    }
  },
  {
    "__type__": "cc.Node",
    "_name": "container",
    "_parent": {
      "__id__": 1
    },
    "_children": [
      {
        "__id__": 3
      }
    ],
    "_components": [
      {
        "__type__": "cc.Sprite",
        "node": {
          "__id__": 2
        },
        "_spriteFrame": {
          "__uuid__": "43d7f519-dd0a-4516-903b-a1ed507b3b86"
        },
        "_sizeMode": 0
      }
    ],
    "_prefab": {
      "__type__": "cc.PrefabInfo",
      "root": {
        "__id__": 1
      },
      "asset": {
        "__uuid__": "b70bcdb6-1040-4a7e-8b21-f3f483aeb6c8"
      },
      "fileId": "33bCNIk6RBJImnzXwtnZ7b"
    },
    "_contentSize": {
      "__type__": "cc.Size",
      "width": 547,
      "height": 676
    },
    "_zIndex": 0,
    "_trs": {
      "__type__": "TypedArray",
      "ctor": "Float64Array",
      "array": [
        -720,
        85,
        0,
        0,
        0,
        0,
        1,
        1,
        1,
        1
      ]
    }
  },
  {
    "__type__": "cc.Node",
    "_name": "back",
    "_parent": {
      "__id__": 2
    },
    "_components": [
      {
        "__type__": "cc.Sprite",
        "node": {
          "__id__": 3
        },
        "_spriteFrame": {
          "__uuid__": "52cf3300-b402-427e-8d46-4eac0b816d66"
        },
        "_type": 1,
        "_sizeMode": 0
      },
      {
        "__type__": "cc.Button",
        "node": {
          "__id__": 3
        },
        "clickEvents": [
          {
            "__type__": "cc.ClickEvent",
            "target": {
              "__id__": 1
            },
            "component": "BoutiqueDockAD",
            "handler": "clickBack"
          }
        ],
        "_N$transition": 3,
        "transition": 3,
        "_N$normalColor": {
          "__type__": "cc.Color",
          "r": 255,
          "g": 255,
          "b": 255
        },
        "_N$pressedColor": {
          "__type__": "cc.Color",
          "r": 255,
          "g": 255,
          "b": 255
        },
        "pressedColor": {
          "__type__": "cc.Color",
          "r": 255,
          "g": 255,
          "b": 255
        },
        "_N$disabledColor": {
          "__type__": "cc.Color",
          "r": 255,
          "g": 255,
          "b": 255
        },
        "_N$normalSprite": {
          "__uuid__": "f0048c10-f03e-4c97-b9d3-3506e1d58952"
        },
        "_N$pressedSprite": {
          "__uuid__": "e9ec654c-97a2-4787-9325-e6a10375219a"
        },
        "pressedSprite": {
          "__uuid__": "e9ec654c-97a2-4787-9325-e6a10375219a"
        },
        "_N$hoverSprite": {
          "__uuid__": "e9ec654c-97a2-4787-9325-e6a10375219a"
        },
        "hoverSprite": {
          "__uuid__": "e9ec654c-97a2-4787-9325-e6a10375219a"
        },
        "_N$disabledSprite": {
          "__uuid__": "29158224-f8dd-4661-a796-1ffab537140e"
        },
        "_N$target": {
          "__id__": 3
        }
      }
    ],
    "_prefab": {
      "__type__": "cc.PrefabInfo",
      "root": {
        "__id__": 1
      },
      "asset": {
        "__uuid__": "b70bcdb6-1040-4a7e-8b21-f3f483aeb6c8"
      },
      "fileId": "26YhTfZgpF/5GAMyih64R7"
    },
    "_contentSize": {
      "__type__": "cc.Size",
      "width": 71,
      "height": 80
    },
    "_zIndex": 0,
    "_trs": {
      "__type__": "TypedArray",
      "ctor": "Float64Array",
      "array": [
        308,
        null,
        0,
        0,
        0,
        0,
        1,
        1,
        1,
        1
      ]
    }
  },
  {
    "__type__": "cc.Node",
    "_name": "showBtn",
    "_parent": {
      "__id__": 1
    },
    "_children": [
      {
        "__id__": 5
      }
    ],
    "_components": [
      {
        "__type__": "cc.Sprite",
        "node": {
          "__id__": 4
        },
        "_spriteFrame": {
          "__uuid__": "ede63cc1-682f-4d36-a879-954ea1e845fc"
        },
        "_type": 1,
        "_sizeMode": 0
      },
      {
        "__type__": "cc.Button",
        "node": {
          "__id__": 4
        },
        "clickEvents": [
          {
            "__type__": "cc.ClickEvent",
            "target": {
              "__id__": 1
            },
            "_componentId": "42196/AxTtHIKZ7nF2sHvJ2",
            "handler": "clickShow"
          }
        ],
        "_N$transition": 3,
        "transition": 3,
        "_N$normalColor": {
          "__type__": "cc.Color",
          "r": 255,
          "g": 255,
          "b": 255
        },
        "_N$pressedColor": {
          "__type__": "cc.Color",
          "r": 255,
          "g": 255,
          "b": 255
        },
        "pressedColor": {
          "__type__": "cc.Color",
          "r": 255,
          "g": 255,
          "b": 255
        },
        "_N$disabledColor": {
          "__type__": "cc.Color",
          "r": 255,
          "g": 255,
          "b": 255
        },
        "_N$normalSprite": {
          "__uuid__": "f0048c10-f03e-4c97-b9d3-3506e1d58952"
        },
        "_N$pressedSprite": {
          "__uuid__": "e9ec654c-97a2-4787-9325-e6a10375219a"
        },
        "pressedSprite": {
          "__uuid__": "e9ec654c-97a2-4787-9325-e6a10375219a"
        },
        "_N$hoverSprite": {
          "__uuid__": "e9ec654c-97a2-4787-9325-e6a10375219a"
        },
        "hoverSprite": {
          "__uuid__": "e9ec654c-97a2-4787-9325-e6a10375219a"
        },
        "_N$disabledSprite": {
          "__uuid__": "29158224-f8dd-4661-a796-1ffab537140e"
        },
        "_N$target": {
          "__id__": 4
        }
      }
    ],
    "_prefab": {
      "__type__": "cc.PrefabInfo",
      "root": {
        "__id__": 1
      },
      "asset": {
        "__uuid__": "b70bcdb6-1040-4a7e-8b21-f3f483aeb6c8"
      },
      "fileId": "25cEaDuhpAZb9fHPBPg2Ko"
    },
    "_contentSize": {
      "__type__": "cc.Size",
      "width": 70,
      "height": 79
    },
    "_zIndex": 0,
    "_trs": {
      "__type__": "TypedArray",
      "ctor": "Float64Array",
      "array": [
        -324,
        459,
        0,
        0,
        0,
        0,
        1,
        1,
        1,
        1
      ]
    }
  },
  {
    "__type__": "cc.Node",
    "_name": "boutiqueDot",
    "_parent": {
      "__id__": 4
    },
    "_components": [
      {
        "__type__": "cc.Sprite",
        "node": {
          "__id__": 5
        },
        "_spriteFrame": {
          "__uuid__": "cbd6ca81-97d0-49a2-8409-766b4aa049c7"
        }
      }
    ],
    "_prefab": {
      "__type__": "cc.PrefabInfo",
      "root": {
        "__id__": 1
      },
      "asset": {
        "__uuid__": "b70bcdb6-1040-4a7e-8b21-f3f483aeb6c8"
      },
      "fileId": "b1Q3z3qZxNkq9sqtxUZFZv"
    },
    "_contentSize": {
      "__type__": "cc.Size",
      "width": 20,
      "height": 20
    },
    "_zIndex": 0,
    "_trs": {
      "__type__": "TypedArray",
      "ctor": "Float64Array",
      "array": [
        24,
        27,
        0,
        0,
        0,
        0,
        1,
        1,
        1,
        1
      ]
    }
  }
]