[
  {
    "__type__": "cc.Prefab",
    "_name": "dynamicImage",
    "data": {
      "__id__": 1
    },
    "optimizationPolicy": 0,
    "asyncLoadAssets": false,
    "readonly": false
  },
  {
    "__type__": "cc.Node",
    "_name": "dynamicImage",
    "_children": [
      {
        "__id__": 2
      },
      {
        "__id__": 3
      },
      {
        "__id__": 4
      }
    ],
    "_level": 1,
    "_components": [
      {
        "__type__": "23e59Y56NRE4JBZwbmXmoES",
        "node": {
          "__id__": 1
        }
      },
      {
        "__type__": "cc.Button",
        "node": {
          "__id__": 1
        },
        "zoomScale": 0.9,
        "clickEvents": [
          {
            "__type__": "cc.ClickEvent",
            "target": {
              "__id__": 1
            },
            "component": "dynamicImage",
            "handler": "moreGame"
          }
        ],
        "_N$transition": 3,
        "transition": 3,
        "_N$target": {
          "__id__": 1
        }
      }
    ],
    "_prefab": {
      "__type__": "cc.PrefabInfo",
      "root": {
        "__id__": 1
      },
      "asset": {
        "__uuid__": "9a3b54a5-1c39-4eb3-aaa5-e971aff1c3e9"
      },
      "fileId": "8eSzJw7GxEH6SsqDEa+ULq"
    },
    "_contentSize": {
      "__type__": "cc.Size",
      "width": 113,
      "height": 113
    },
    "_zIndex": 0,
    "_trs": {
      "__type__": "TypedArray",
      "ctor": "Float64Array",
      "array": [
        -97,
        14,
        0,
        0,
        0,
        0,
        1,
        1,
        1,
        1
      ]
    }
  },
  {
    "__type__": "cc.Node",
    "_name": "frame",
    "_parent": {
      "__id__": 1
    },
    "_level": 2,
    "_components": [
      {
        "__type__": "cc.Sprite",
        "node": {
          "__id__": 2
        },
        "_sizeMode": 0
      }
    ],
    "_prefab": {
      "__type__": "cc.PrefabInfo",
      "root": {
        "__id__": 1
      },
      "asset": {
        "__uuid__": "9a3b54a5-1c39-4eb3-aaa5-e971aff1c3e9"
      },
      "fileId": "c0oO/oqSpAHLblgR8J/b0I"
    },
    "_contentSize": {
      "__type__": "cc.Size",
      "width": 107,
      "height": 107
    },
    "_zIndex": 0,
    "_trs": {
      "__type__": "TypedArray",
      "ctor": "Float64Array",
      "array": [
        null,
        12,
        0,
        0,
        0,
        0,
        1,
        1,
        1,
        1
      ]
    }
  },
  {
    "__type__": "cc.Node",
    "_name": "float",
    "_parent": {
      "__id__": 1
    },
    "_level": 2,
    "_components": [
      {
        "__type__": "cc.Sprite",
        "node": {
          "__id__": 3
        },
        "_spriteFrame": {
          "__uuid__": "18d1f7bf-54fe-433f-8fc2-acb316983169"
        }
      }
    ],
    "_prefab": {
      "__type__": "cc.PrefabInfo",
      "root": {
        "__id__": 1
      },
      "asset": {
        "__uuid__": "9a3b54a5-1c39-4eb3-aaa5-e971aff1c3e9"
      },
      "fileId": "374wg6bsZIoIFhad/1kBt8"
    },
    "_contentSize": {
      "__type__": "cc.Size",
      "width": 124,
      "height": 144
    },
    "_zIndex": 0,
    "_trs": {
      "__type__": "TypedArray",
      "ctor": "Float64Array",
      "array": [
        0,
        0,
        0,
        0,
        0,
        0,
        1,
        1,
        1,
        1
      ]
    }
  },
  {
    "__type__": "cc.Node",
    "_name": "lblname",
    "_parent": {
      "__id__": 1
    },
    "_level": 2,
    "_components": [
      {
        "__type__": "cc.Label",
        "node": {
          "__id__": 4
        },
        "_useOriginalSize": false,
        "_fontSize": 19,
        "_lineHeight": 22,
        "_enableWrapText": false,
        "_N$horizontalAlign": 1,
        "_N$verticalAlign": 1,
        "_N$overflow": 1
      }
    ],
    "_prefab": {
      "__type__": "cc.PrefabInfo",
      "root": {
        "__id__": 1
      },
      "asset": {
        "__uuid__": "9a3b54a5-1c39-4eb3-aaa5-e971aff1c3e9"
      },
      "fileId": "f67gj9k85CebYtH4HmwrMR"
    },
    "_color": {
      "__type__": "cc.Color",
      "r": 235,
      "g": 40
    },
    "_contentSize": {
      "__type__": "cc.Size",
      "width": 115,
      "height": 22
    },
    "_zIndex": 0,
    "_trs": {
      "__type__": "TypedArray",
      "ctor": "Float64Array",
      "array": [
        null,
        -58,
        0,
        0,
        0,
        0,
        1,
        1,
        1,
        1
      ]
    }
  }
]