[
  {
    "__type__": "cc.Prefab",
    "_name": "fcShop",
    "data": {
      "__id__": 1
    },
    "optimizationPolicy": 0,
    "asyncLoadAssets": false,
    "readonly": false
  },
  {
    "__type__": "cc.Node",
    "_name": "fcShop",
    "_children": [
      {
        "__id__": 2
      },
      {
        "__id__": 3
      }
    ],
    "_level": 1,
    "_components": [
      {
        "__type__": "cc.Widget",
        "node": {
          "__id__": 1
        },
        "_alignFlags": 45
      },
      {
        "__type__": "cc.BlockInputEvents",
        "node": {
          "__id__": 1
        }
      },
      {
        "__type__": "fb3edK1xeVAubeuRm6T88dC",
        "node": {
          "__id__": 1
        },
        "lblCount": {
          "__id__": 14
        }
      }
    ],
    "_prefab": {
      "__type__": "cc.PrefabInfo",
      "root": {
        "__id__": 1
      },
      "asset": {
        "__uuid__": "10910a20-8fd0-47d5-b8c5-2fdb037da8c8"
      },
      "fileId": "1fQM1Dz1xKQJ+6orh5Llbe"
    },
    "_contentSize": {
      "__type__": "cc.Size",
      "width": 720,
      "height": 1280
    },
    "_zIndex": 0,
    "_trs": {
      "__type__": "TypedArray",
      "ctor": "Float64Array",
      "array": [
        360,
        640,
        0,
        0,
        0,
        0,
        1,
        1,
        1,
        1
      ]
    }
  },
  {
    "__type__": "cc.Node",
    "_name": "bgColor",
    "_parent": {
      "__id__": 1
    },
    "_level": 3,
    "_components": [
      {
        "__type__": "cc.Sprite",
        "node": {
          "__id__": 2
        },
        "_spriteFrame": {
          "__uuid__": "a23235d1-15db-4b95-8439-a2e005bfff91"
        },
        "_sizeMode": 0
      },
      {
        "__type__": "cc.Widget",
        "node": {
          "__id__": 2
        },
        "_alignFlags": 45,
        "_originalWidth": 100,
        "_originalHeight": 100
      }
    ],
    "_prefab": {
      "__type__": "cc.PrefabInfo",
      "root": {
        "__id__": 1
      },
      "asset": {
        "__uuid__": "10910a20-8fd0-47d5-b8c5-2fdb037da8c8"
      },
      "fileId": "45v3pq7wZHJ6Uxj5J1Kyzl"
    },
    "_opacity": 125,
    "_color": {
      "__type__": "cc.Color"
    },
    "_contentSize": {
      "__type__": "cc.Size",
      "width": 720,
      "height": 1280
    },
    "_zIndex": 0,
    "_trs": {
      "__type__": "TypedArray",
      "ctor": "Float64Array",
      "array": [
        0,
        0,
        0,
        0,
        0,
        0,
        1,
        1,
        1,
        1
      ]
    }
  },
  {
    "__type__": "cc.Node",
    "_name": "bg",
    "_parent": {
      "__id__": 1
    },
    "_children": [
      {
        "__id__": 4
      },
      {
        "__id__": 11
      },
      {
        "__id__": 13
      }
    ],
    "_level": 3,
    "_components": [
      {
        "__type__": "cc.Sprite",
        "node": {
          "__id__": 3
        },
        "_spriteFrame": {
          "__uuid__": "a5f26fad-189d-4e82-9a15-2dd0d5d382f3"
        },
        "_sizeMode": 2
      }
    ],
    "_prefab": {
      "__type__": "cc.PrefabInfo",
      "root": {
        "__id__": 1
      },
      "asset": {
        "__uuid__": "10910a20-8fd0-47d5-b8c5-2fdb037da8c8"
      },
      "fileId": "3b3GXousBAIp+AVMztpXZo"
    },
    "_contentSize": {
      "__type__": "cc.Size",
      "width": 596,
      "height": 899
    },
    "_zIndex": 0,
    "_trs": {
      "__type__": "TypedArray",
      "ctor": "Float64Array",
      "array": [
        0,
        0,
        0,
        0,
        0,
        0,
        1,
        1,
        1,
        1
      ]
    }
  },
  {
    "__type__": "cc.Node",
    "_name": "layout",
    "_parent": {
      "__id__": 3
    },
    "_children": [
      {
        "__id__": 5
      },
      {
        "__id__": 8
      }
    ],
    "_level": 4,
    "_components": [
      {
        "__type__": "cc.Sprite",
        "node": {
          "__id__": 4
        },
        "_type": 1,
        "_sizeMode": 0
      },
      {
        "__type__": "cc.Layout",
        "node": {
          "__id__": 4
        },
        "_layoutSize": {
          "__type__": "cc.Size",
          "width": 346,
          "height": 642
        },
        "_resize": 1,
        "_N$layoutType": 3,
        "_N$spacingX": 60,
        "_N$spacingY": 40
      }
    ],
    "_prefab": {
      "__type__": "cc.PrefabInfo",
      "root": {
        "__id__": 1
      },
      "asset": {
        "__uuid__": "10910a20-8fd0-47d5-b8c5-2fdb037da8c8"
      },
      "fileId": "31fsxb7cFMu42zNGNI78d3"
    },
    "_contentSize": {
      "__type__": "cc.Size",
      "width": 346,
      "height": 642
    },
    "_zIndex": 0,
    "_trs": {
      "__type__": "TypedArray",
      "ctor": "Float64Array",
      "array": [
        3,
        -60,
        0,
        0,
        0,
        0,
        1,
        1,
        1,
        1
      ]
    }
  },
  {
    "__type__": "cc.Node",
    "_name": "Item1",
    "_parent": {
      "__id__": 4
    },
    "_children": [
      {
        "__id__": 6
      },
      {
        "__id__": 7
      }
    ],
    "_level": 5,
    "_components": [
      {
        "__type__": "cc.Sprite",
        "node": {
          "__id__": 5
        }
      }
    ],
    "_prefab": {
      "__type__": "cc.PrefabInfo",
      "root": {
        "__id__": 1
      },
      "asset": {
        "__uuid__": "10910a20-8fd0-47d5-b8c5-2fdb037da8c8"
      },
      "fileId": "e8cb33q4lN86ObWBjgqiLw"
    },
    "_contentSize": {
      "__type__": "cc.Size",
      "width": 346,
      "height": 301
    },
    "_zIndex": 0,
    "_trs": {
      "__type__": "TypedArray",
      "ctor": "Float64Array",
      "array": [
        null,
        170.5,
        0,
        0,
        0,
        0,
        1,
        1,
        1,
        1
      ]
    }
  },
  {
    "__type__": "cc.Node",
    "_name": "bg",
    "_parent": {
      "__id__": 5
    },
    "_level": 6,
    "_components": [
      {
        "__type__": "cc.Sprite",
        "node": {
          "__id__": 6
        },
        "_spriteFrame": {
          "__uuid__": "bc24bd5a-2690-48d6-ac83-342d537e7911"
        },
        "_sizeMode": 2
      }
    ],
    "_prefab": {
      "__type__": "cc.PrefabInfo",
      "root": {
        "__id__": 1
      },
      "asset": {
        "__uuid__": "10910a20-8fd0-47d5-b8c5-2fdb037da8c8"
      },
      "fileId": "cfIWPG6ZFEI7aphqGT8K4u"
    },
    "_contentSize": {
      "__type__": "cc.Size",
      "width": 349,
      "height": 217
    },
    "_zIndex": 0,
    "_trs": {
      "__type__": "TypedArray",
      "ctor": "Float64Array",
      "array": [
        null,
        42,
        0,
        0,
        0,
        0,
        1,
        1,
        1,
        1
      ]
    }
  },
  {
    "__type__": "cc.Node",
    "_name": "btnDH",
    "_parent": {
      "__id__": 5
    },
    "_level": 6,
    "_components": [
      {
        "__type__": "cc.Sprite",
        "node": {
          "__id__": 7
        },
        "_spriteFrame": {
          "__uuid__": "b2e8ffe4-3599-49ef-a001-2a354c72cd94"
        },
        "_sizeMode": 2
      },
      {
        "__type__": "cc.Button",
        "node": {
          "__id__": 7
        },
        "clickEvents": [
          {
            "__type__": "cc.ClickEvent",
            "target": {
              "__id__": 1
            },
            "_componentId": "fb3edK1xeVAubeuRm6T88dC",
            "handler": "dhClick",
            "customEventData": "2000"
          }
        ],
        "_N$transition": 3,
        "transition": 3,
        "_N$normalColor": {
          "__type__": "cc.Color",
          "r": 255,
          "g": 255,
          "b": 255
        },
        "_N$pressedColor": {
          "__type__": "cc.Color",
          "r": 255,
          "g": 255,
          "b": 255
        },
        "pressedColor": {
          "__type__": "cc.Color",
          "r": 255,
          "g": 255,
          "b": 255
        },
        "_N$disabledColor": {
          "__type__": "cc.Color",
          "r": 255,
          "g": 255,
          "b": 255
        },
        "_N$normalSprite": {
          "__uuid__": "f0048c10-f03e-4c97-b9d3-3506e1d58952"
        },
        "_N$pressedSprite": {
          "__uuid__": "e9ec654c-97a2-4787-9325-e6a10375219a"
        },
        "pressedSprite": {
          "__uuid__": "e9ec654c-97a2-4787-9325-e6a10375219a"
        },
        "_N$hoverSprite": {
          "__uuid__": "f0048c10-f03e-4c97-b9d3-3506e1d58952"
        },
        "hoverSprite": {
          "__uuid__": "f0048c10-f03e-4c97-b9d3-3506e1d58952"
        },
        "_N$disabledSprite": {
          "__uuid__": "29158224-f8dd-4661-a796-1ffab537140e"
        },
        "_N$target": {
          "__id__": 7
        }
      }
    ],
    "_prefab": {
      "__type__": "cc.PrefabInfo",
      "root": {
        "__id__": 1
      },
      "asset": {
        "__uuid__": "10910a20-8fd0-47d5-b8c5-2fdb037da8c8"
      },
      "fileId": "2ecBmlLyhMc5+3Pb1YzFAm"
    },
    "_contentSize": {
      "__type__": "cc.Size",
      "width": 229,
      "height": 71
    },
    "_zIndex": 0,
    "_trs": {
      "__type__": "TypedArray",
      "ctor": "Float64Array",
      "array": [
        null,
        -114,
        0,
        0,
        0,
        0,
        1,
        1,
        1,
        1
      ]
    }
  },
  {
    "__type__": "cc.Node",
    "_name": "Item2",
    "_parent": {
      "__id__": 4
    },
    "_children": [
      {
        "__id__": 9
      },
      {
        "__id__": 10
      }
    ],
    "_level": 5,
    "_components": [
      {
        "__type__": "cc.Sprite",
        "node": {
          "__id__": 8
        }
      }
    ],
    "_prefab": {
      "__type__": "cc.PrefabInfo",
      "root": {
        "__id__": 1
      },
      "asset": {
        "__uuid__": "10910a20-8fd0-47d5-b8c5-2fdb037da8c8"
      },
      "fileId": "ccvV2u3hpM969tedd/PixH"
    },
    "_contentSize": {
      "__type__": "cc.Size",
      "width": 346,
      "height": 301
    },
    "_zIndex": 0,
    "_trs": {
      "__type__": "TypedArray",
      "ctor": "Float64Array",
      "array": [
        null,
        -170.5,
        0,
        0,
        0,
        0,
        1,
        1,
        1,
        1
      ]
    }
  },
  {
    "__type__": "cc.Node",
    "_name": "bg",
    "_parent": {
      "__id__": 8
    },
    "_level": 6,
    "_components": [
      {
        "__type__": "cc.Sprite",
        "node": {
          "__id__": 9
        },
        "_spriteFrame": {
          "__uuid__": "b4de98af-25cc-4714-a4cb-ff947a6fecfc"
        },
        "_sizeMode": 2
      }
    ],
    "_prefab": {
      "__type__": "cc.PrefabInfo",
      "root": {
        "__id__": 1
      },
      "asset": {
        "__uuid__": "10910a20-8fd0-47d5-b8c5-2fdb037da8c8"
      },
      "fileId": "62WzVnknJHe4BYIXkubEe5"
    },
    "_contentSize": {
      "__type__": "cc.Size",
      "width": 349,
      "height": 217
    },
    "_zIndex": 0,
    "_trs": {
      "__type__": "TypedArray",
      "ctor": "Float64Array",
      "array": [
        null,
        42,
        0,
        0,
        0,
        0,
        1,
        1,
        1,
        1
      ]
    }
  },
  {
    "__type__": "cc.Node",
    "_name": "btnDH",
    "_parent": {
      "__id__": 8
    },
    "_level": 6,
    "_components": [
      {
        "__type__": "cc.Sprite",
        "node": {
          "__id__": 10
        },
        "_spriteFrame": {
          "__uuid__": "46499bef-d9b1-473a-951c-c1c98755a515"
        },
        "_sizeMode": 2
      },
      {
        "__type__": "cc.Button",
        "node": {
          "__id__": 10
        },
        "clickEvents": [
          {
            "__type__": "cc.ClickEvent",
            "target": {
              "__id__": 1
            },
            "_componentId": "fb3edK1xeVAubeuRm6T88dC",
            "handler": "dhClick",
            "customEventData": "5000"
          }
        ],
        "_N$transition": 3,
        "transition": 3,
        "_N$normalColor": {
          "__type__": "cc.Color",
          "r": 255,
          "g": 255,
          "b": 255
        },
        "_N$pressedColor": {
          "__type__": "cc.Color",
          "r": 255,
          "g": 255,
          "b": 255
        },
        "pressedColor": {
          "__type__": "cc.Color",
          "r": 255,
          "g": 255,
          "b": 255
        },
        "_N$disabledColor": {
          "__type__": "cc.Color",
          "r": 255,
          "g": 255,
          "b": 255
        },
        "_N$normalSprite": {
          "__uuid__": "f0048c10-f03e-4c97-b9d3-3506e1d58952"
        },
        "_N$pressedSprite": {
          "__uuid__": "e9ec654c-97a2-4787-9325-e6a10375219a"
        },
        "pressedSprite": {
          "__uuid__": "e9ec654c-97a2-4787-9325-e6a10375219a"
        },
        "_N$hoverSprite": {
          "__uuid__": "f0048c10-f03e-4c97-b9d3-3506e1d58952"
        },
        "hoverSprite": {
          "__uuid__": "f0048c10-f03e-4c97-b9d3-3506e1d58952"
        },
        "_N$disabledSprite": {
          "__uuid__": "29158224-f8dd-4661-a796-1ffab537140e"
        },
        "_N$target": {
          "__id__": 10
        }
      }
    ],
    "_prefab": {
      "__type__": "cc.PrefabInfo",
      "root": {
        "__id__": 1
      },
      "asset": {
        "__uuid__": "10910a20-8fd0-47d5-b8c5-2fdb037da8c8"
      },
      "fileId": "7azZriHtNCopXNmu98TSgC"
    },
    "_contentSize": {
      "__type__": "cc.Size",
      "width": 230,
      "height": 71
    },
    "_zIndex": 0,
    "_trs": {
      "__type__": "TypedArray",
      "ctor": "Float64Array",
      "array": [
        null,
        -114,
        0,
        0,
        0,
        0,
        1,
        1,
        1,
        1
      ]
    }
  },
  {
    "__type__": "cc.Node",
    "_name": "btnClose",
    "_parent": {
      "__id__": 3
    },
    "_children": [
      {
        "__id__": 12
      }
    ],
    "_level": 4,
    "_components": [
      {
        "__type__": "cc.Sprite",
        "node": {
          "__id__": 11
        },
        "_sizeMode": 0
      },
      {
        "__type__": "cc.Button",
        "node": {
          "__id__": 11
        },
        "clickEvents": [
          {
            "__type__": "cc.ClickEvent",
            "target": {
              "__id__": 1
            },
            "_componentId": "fb3edK1xeVAubeuRm6T88dC",
            "handler": "closeClick"
          }
        ],
        "_N$transition": 3,
        "transition": 3,
        "_N$normalColor": {
          "__type__": "cc.Color",
          "r": 255,
          "g": 255,
          "b": 255
        },
        "_N$pressedColor": {
          "__type__": "cc.Color",
          "r": 255,
          "g": 255,
          "b": 255
        },
        "pressedColor": {
          "__type__": "cc.Color",
          "r": 255,
          "g": 255,
          "b": 255
        },
        "_N$disabledColor": {
          "__type__": "cc.Color",
          "r": 255,
          "g": 255,
          "b": 255
        },
        "_N$pressedSprite": {
          "__uuid__": "e9ec654c-97a2-4787-9325-e6a10375219a"
        },
        "pressedSprite": {
          "__uuid__": "e9ec654c-97a2-4787-9325-e6a10375219a"
        },
        "_N$hoverSprite": {
          "__uuid__": "f0048c10-f03e-4c97-b9d3-3506e1d58952"
        },
        "hoverSprite": {
          "__uuid__": "f0048c10-f03e-4c97-b9d3-3506e1d58952"
        },
        "_N$disabledSprite": {
          "__uuid__": "29158224-f8dd-4661-a796-1ffab537140e"
        },
        "_N$target": {
          "__id__": 11
        }
      }
    ],
    "_prefab": {
      "__type__": "cc.PrefabInfo",
      "root": {
        "__id__": 1
      },
      "asset": {
        "__uuid__": "10910a20-8fd0-47d5-b8c5-2fdb037da8c8"
      },
      "fileId": "2en8uF0kRMOKgmnbsZIg3A"
    },
    "_contentSize": {
      "__type__": "cc.Size",
      "width": 74,
      "height": 74
    },
    "_zIndex": 0,
    "_trs": {
      "__type__": "TypedArray",
      "ctor": "Float64Array",
      "array": [
        280.7,
        382,
        0,
        0,
        0,
        0,
        1,
        1,
        1,
        1
      ]
    }
  },
  {
    "__type__": "cc.Node",
    "_name": "btn_gb",
    "_parent": {
      "__id__": 11
    },
    "_level": 5,
    "_components": [
      {
        "__type__": "cc.Sprite",
        "node": {
          "__id__": 12
        },
        "_spriteFrame": {
          "__uuid__": "78ec6cae-ffcc-4578-bcee-f909331504d8"
        }
      }
    ],
    "_prefab": {
      "__type__": "cc.PrefabInfo",
      "root": {
        "__id__": 1
      },
      "asset": {
        "__uuid__": "10910a20-8fd0-47d5-b8c5-2fdb037da8c8"
      },
      "fileId": "6d/IsbyvpCkIgHhzZkfDaT"
    },
    "_contentSize": {
      "__type__": "cc.Size",
      "width": 74,
      "height": 74
    },
    "_zIndex": 0,
    "_trs": {
      "__type__": "TypedArray",
      "ctor": "Float64Array",
      "array": [
        0,
        0,
        0,
        0,
        0,
        0,
        1,
        1,
        1,
        1
      ]
    }
  },
  {
    "__type__": "cc.Node",
    "_name": "lblCount",
    "_parent": {
      "__id__": 3
    },
    "_level": 4,
    "_components": [
      {
        "__id__": 14
      }
    ],
    "_prefab": {
      "__type__": "cc.PrefabInfo",
      "root": {
        "__id__": 1
      },
      "asset": {
        "__uuid__": "10910a20-8fd0-47d5-b8c5-2fdb037da8c8"
      },
      "fileId": "06SHOe6hZOdYfROvNkLPke"
    },
    "_color": {
      "__type__": "cc.Color",
      "r": 163,
      "g": 106
    },
    "_contentSize": {
      "__type__": "cc.Size",
      "width": 224.07,
      "height": 36
    },
    "_zIndex": 0,
    "_trs": {
      "__type__": "TypedArray",
      "ctor": "Float64Array",
      "array": [
        null,
        304,
        0,
        0,
        0,
        0,
        1,
        1,
        1,
        1
      ]
    }
  },
  {
    "__type__": "cc.Label",
    "node": {
      "__id__": 13
    },
    "_useOriginalSize": false,
    "_string": "福卡总额: 100",
    "_N$string": "福卡总额: 100",
    "_fontSize": 36,
    "_lineHeight": 36,
    "_N$horizontalAlign": 1,
    "_N$verticalAlign": 1
  }
]