[
  {
    "__type__": "cc.Prefab",
    "_name": "gameEnd",
    "data": {
      "__id__": 1
    },
    "optimizationPolicy": 0,
    "asyncLoadAssets": false,
    "readonly": false
  },
  {
    "__type__": "cc.Node",
    "_name": "gameEnd",
    "_children": [
      {
        "__id__": 2
      },
      {
        "__id__": 3
      },
      {
        "__id__": 6
      },
      {
        "__id__": 28
      },
      {
        "__id__": 62
      }
    ],
    "_level": 1,
    "_components": [
      {
        "__type__": "cc.Widget",
        "node": {
          "__id__": 1
        },
        "alignMode": 2,
        "_alignFlags": 45,
        "_originalWidth": 100,
        "_originalHeight": 100
      },
      {
        "__type__": "66d94nEsqFGdYyzryXSiJud",
        "node": {
          "__id__": 1
        },
        "endNode": {
          "__id__": 29
        },
        "endNodeBg": {
          "__id__": 28
        },
        "firstFuhuo": {
          "__id__": 6
        },
        "display": {
          "__id__": 42
        },
        "groupNodePrefab": {
          "__uuid__": "ebe577cf-0815-4ce2-96c0-3290d3882a23"
        },
        "getGoldNodePrefab": {
          "__uuid__": "552bdc7c-891d-4ba6-a08f-3207a56498f1"
        },
        "topBar": {
          "__id__": 62
        }
      },
      {
        "__type__": "cc.BlockInputEvents",
        "node": {
          "__id__": 1
        }
      }
    ],
    "_prefab": {
      "__type__": "cc.PrefabInfo",
      "root": {
        "__id__": 1
      },
      "asset": {
        "__uuid__": "60425231-65c9-45b3-9b9c-bf39284a7594"
      },
      "fileId": "edQyaAXZlNA5uDsZT/79ua"
    },
    "_color": {
      "__type__": "cc.Color",
      "r": 87,
      "g": 87,
      "b": 87
    },
    "_contentSize": {
      "__type__": "cc.Size",
      "width": 720,
      "height": 1280
    },
    "_trs": {
      "__type__": "TypedArray",
      "ctor": "Float64Array",
      "array": [
        360,
        640,
        0,
        0,
        0,
        0,
        1,
        1,
        1,
        1
      ]
    }
  },
  {
    "__type__": "cc.Node",
    "_name": "bgColor",
    "_parent": {
      "__id__": 1
    },
    "_components": [
      {
        "__type__": "cc.Sprite",
        "node": {
          "__id__": 2
        },
        "_spriteFrame": {
          "__uuid__": "a23235d1-15db-4b95-8439-a2e005bfff91"
        },
        "_sizeMode": 0
      },
      {
        "__type__": "cc.Widget",
        "node": {
          "__id__": 2
        },
        "alignMode": 0,
        "_alignFlags": 45,
        "_originalWidth": 100,
        "_originalHeight": 100
      }
    ],
    "_prefab": {
      "__type__": "cc.PrefabInfo",
      "root": {
        "__id__": 1
      },
      "asset": {
        "__uuid__": "60425231-65c9-45b3-9b9c-bf39284a7594"
      },
      "fileId": "62fvNUPBFPOqL1uHVuGw4b"
    },
    "_opacity": 200,
    "_color": {
      "__type__": "cc.Color"
    },
    "_contentSize": {
      "__type__": "cc.Size",
      "width": 720,
      "height": 1280
    },
    "_trs": {
      "__type__": "TypedArray",
      "ctor": "Float64Array",
      "array": [
        0,
        0,
        0,
        0,
        0,
        0,
        1,
        1,
        1,
        1
      ]
    }
  },
  {
    "__type__": "cc.Node",
    "_name": "btnBack2",
    "_objFlags": 512,
    "_parent": {
      "__id__": 1
    },
    "_children": [
      {
        "__id__": 4
      },
      {
        "__id__": 5
      }
    ],
    "_components": [
      {
        "__type__": "cc.Sprite",
        "node": {
          "__id__": 3
        },
        "_type": 1,
        "_sizeMode": 0
      },
      {
        "__type__": "cc.Button",
        "node": {
          "__id__": 3
        },
        "clickEvents": [
          {
            "__type__": "cc.ClickEvent",
            "target": {
              "__id__": 1
            },
            "_componentId": "66d94nEsqFGdYyzryXSiJud",
            "handler": "backClick"
          }
        ],
        "_N$transition": 3,
        "transition": 3,
        "_N$normalColor": {
          "__type__": "cc.Color",
          "r": 255,
          "g": 255,
          "b": 255
        },
        "_N$pressedColor": {
          "__type__": "cc.Color",
          "r": 255,
          "g": 255,
          "b": 255
        },
        "pressedColor": {
          "__type__": "cc.Color",
          "r": 255,
          "g": 255,
          "b": 255
        },
        "_N$disabledColor": {
          "__type__": "cc.Color",
          "r": 255,
          "g": 255,
          "b": 255
        },
        "_N$normalSprite": {
          "__uuid__": "f0048c10-f03e-4c97-b9d3-3506e1d58952"
        },
        "_N$pressedSprite": {
          "__uuid__": "e9ec654c-97a2-4787-9325-e6a10375219a"
        },
        "pressedSprite": {
          "__uuid__": "e9ec654c-97a2-4787-9325-e6a10375219a"
        },
        "_N$hoverSprite": {
          "__uuid__": "e9ec654c-97a2-4787-9325-e6a10375219a"
        },
        "hoverSprite": {
          "__uuid__": "e9ec654c-97a2-4787-9325-e6a10375219a"
        },
        "_N$disabledSprite": {
          "__uuid__": "29158224-f8dd-4661-a796-1ffab537140e"
        },
        "_N$target": {
          "__id__": 3
        }
      },
      {
        "__type__": "cc.Widget",
        "node": {
          "__id__": 3
        },
        "alignMode": 0,
        "_alignFlags": 9,
        "_left": 15
      }
    ],
    "_prefab": {
      "__type__": "cc.PrefabInfo",
      "root": {
        "__id__": 1
      },
      "asset": {
        "__uuid__": "60425231-65c9-45b3-9b9c-bf39284a7594"
      },
      "fileId": "e1LKI9DTRCjI78X4gZAAbw"
    },
    "_contentSize": {
      "__type__": "cc.Size",
      "width": 100,
      "height": 40
    },
    "_trs": {
      "__type__": "TypedArray",
      "ctor": "Float64Array",
      "array": [
        -295,
        620,
        0,
        0,
        0,
        0,
        1,
        1,
        1,
        1
      ]
    }
  },
  {
    "__type__": "cc.Node",
    "_name": "Label",
    "_parent": {
      "__id__": 3
    },
    "_components": [
      {
        "__type__": "cc.Label",
        "node": {
          "__id__": 4
        },
        "_useOriginalSize": false,
        "_string": "首页",
        "_N$string": "首页",
        "_fontSize": 35,
        "_lineHeight": 35,
        "_enableWrapText": false,
        "_N$horizontalAlign": 1,
        "_N$verticalAlign": 1,
        "_N$overflow": 1
      }
    ],
    "_prefab": {
      "__type__": "cc.PrefabInfo",
      "root": {
        "__id__": 1
      },
      "asset": {
        "__uuid__": "60425231-65c9-45b3-9b9c-bf39284a7594"
      },
      "fileId": "9f6Lp0+HdJ2YUjNx/QbBSo"
    },
    "_color": {
      "__type__": "cc.Color",
      "r": 255,
      "g": 219,
      "b": 47
    },
    "_contentSize": {
      "__type__": "cc.Size",
      "width": 100,
      "height": 40
    },
    "_trs": {
      "__type__": "TypedArray",
      "ctor": "Float64Array",
      "array": [
        7,
        null,
        0,
        0,
        0,
        0,
        1,
        1,
        1,
        1
      ]
    }
  },
  {
    "__type__": "cc.Node",
    "_name": "back",
    "_parent": {
      "__id__": 3
    },
    "_components": [
      {
        "__type__": "cc.Sprite",
        "node": {
          "__id__": 5
        },
        "_spriteFrame": {
          "__uuid__": "b0981de4-28dd-44e7-b6f5-bf01f7204d59"
        }
      },
      {
        "__type__": "cc.Widget",
        "node": {
          "__id__": 5
        },
        "alignMode": 0,
        "_alignFlags": 10
      }
    ],
    "_prefab": {
      "__type__": "cc.PrefabInfo",
      "root": {
        "__id__": 1
      },
      "asset": {
        "__uuid__": "60425231-65c9-45b3-9b9c-bf39284a7594"
      },
      "fileId": "0frh6g1C1PDoR2YlXb8ou9"
    },
    "_contentSize": {
      "__type__": "cc.Size",
      "width": 16,
      "height": 28
    },
    "_trs": {
      "__type__": "TypedArray",
      "ctor": "Float64Array",
      "array": [
        -42,
        null,
        0,
        0,
        0,
        0,
        1,
        1,
        1,
        1
      ]
    }
  },
  {
    "__type__": "cc.Node",
    "_name": "firstFuoHuo",
    "_parent": {
      "__id__": 1
    },
    "_children": [
      {
        "__id__": 7
      },
      {
        "__id__": 10
      },
      {
        "__id__": 12
      },
      {
        "__id__": 13
      },
      {
        "__id__": 14
      },
      {
        "__id__": 16
      },
      {
        "__id__": 19
      },
      {
        "__id__": 23
      },
      {
        "__id__": 26
      }
    ],
    "_components": [
      {
        "__type__": "cc.Widget",
        "node": {
          "__id__": 6
        },
        "alignMode": 2,
        "_alignFlags": 40,
        "_top": 640,
        "_bottom": 640
      }
    ],
    "_prefab": {
      "__type__": "cc.PrefabInfo",
      "root": {
        "__id__": 1
      },
      "asset": {
        "__uuid__": "60425231-65c9-45b3-9b9c-bf39284a7594"
      },
      "fileId": "9eDs7Nu/BLOIiF8noYBtlQ"
    },
    "_contentSize": {
      "__type__": "cc.Size",
      "width": 720,
      "height": 802
    },
    "_trs": {
      "__type__": "TypedArray",
      "ctor": "Float64Array",
      "array": [
        null,
        49,
        0,
        0,
        0,
        0,
        1,
        1,
        1,
        1
      ]
    }
  },
  {
    "__type__": "cc.Node",
    "_name": "title",
    "_parent": {
      "__id__": 6
    },
    "_children": [
      {
        "__id__": 8
      },
      {
        "__id__": 9
      }
    ],
    "_components": [
      {
        "__type__": "cc.Sprite",
        "node": {
          "__id__": 7
        },
        "_spriteFrame": {
          "__uuid__": "f8d5e288-7a67-495c-9c4c-cf9fb97cda88"
        }
      },
      {
        "__type__": "cc.Widget",
        "node": {
          "__id__": 7
        },
        "alignMode": 0,
        "_alignFlags": 18,
        "_verticalCenter": 398,
        "_horizontalCenter": 5
      }
    ],
    "_prefab": {
      "__type__": "cc.PrefabInfo",
      "root": {
        "__id__": 1
      },
      "asset": {
        "__uuid__": "60425231-65c9-45b3-9b9c-bf39284a7594"
      },
      "fileId": "9dHJdR2P1CXYd7EhdXiQ2w"
    },
    "_contentSize": {
      "__type__": "cc.Size",
      "width": 122,
      "height": 52
    },
    "_trs": {
      "__type__": "TypedArray",
      "ctor": "Float64Array",
      "array": [
        5,
        398,
        0,
        0,
        0,
        0,
        1,
        1,
        1,
        1
      ]
    }
  },
  {
    "__type__": "cc.Node",
    "_name": "left",
    "_parent": {
      "__id__": 7
    },
    "_components": [
      {
        "__type__": "cc.Sprite",
        "node": {
          "__id__": 8
        },
        "_spriteFrame": {
          "__uuid__": "6b272a5a-c119-427a-a8ad-a7d3fb27ecde"
        }
      }
    ],
    "_prefab": {
      "__type__": "cc.PrefabInfo",
      "root": {
        "__id__": 1
      },
      "asset": {
        "__uuid__": "60425231-65c9-45b3-9b9c-bf39284a7594"
      },
      "fileId": "aaOY7/tcpF4bwQwykyJBWc"
    },
    "_contentSize": {
      "__type__": "cc.Size",
      "width": 36,
      "height": 14
    },
    "_trs": {
      "__type__": "TypedArray",
      "ctor": "Float64Array",
      "array": [
        -95,
        null,
        0,
        0,
        0,
        0,
        1,
        1,
        1,
        1
      ]
    }
  },
  {
    "__type__": "cc.Node",
    "_name": "right",
    "_parent": {
      "__id__": 7
    },
    "_components": [
      {
        "__type__": "cc.Sprite",
        "node": {
          "__id__": 9
        },
        "_spriteFrame": {
          "__uuid__": "6b272a5a-c119-427a-a8ad-a7d3fb27ecde"
        }
      }
    ],
    "_prefab": {
      "__type__": "cc.PrefabInfo",
      "root": {
        "__id__": 1
      },
      "asset": {
        "__uuid__": "60425231-65c9-45b3-9b9c-bf39284a7594"
      },
      "fileId": "2ehLsqtLBMAJ/Pel1dJdRT"
    },
    "_contentSize": {
      "__type__": "cc.Size",
      "width": 36,
      "height": 14
    },
    "_trs": {
      "__type__": "TypedArray",
      "ctor": "Float64Array",
      "array": [
        95,
        null,
        0,
        0,
        0,
        0,
        1,
        -1,
        1,
        1
      ]
    }
  },
  {
    "__type__": "cc.Node",
    "_name": "timeSp",
    "_parent": {
      "__id__": 6
    },
    "_children": [
      {
        "__id__": 11
      }
    ],
    "_components": [
      {
        "__type__": "cc.Sprite",
        "node": {
          "__id__": 10
        },
        "_spriteFrame": {
          "__uuid__": "27865a6c-2e74-445d-82ce-b9631becb40c"
        },
        "_sizeMode": 0
      },
      {
        "__type__": "cc.Widget",
        "node": {
          "__id__": 10
        },
        "alignMode": 0,
        "_alignFlags": 18,
        "_verticalCenter": 41,
        "_horizontalCenter": 5
      }
    ],
    "_prefab": {
      "__type__": "cc.PrefabInfo",
      "root": {
        "__id__": 1
      },
      "asset": {
        "__uuid__": "60425231-65c9-45b3-9b9c-bf39284a7594"
      },
      "fileId": "16axHvJj1AHJ7JBMr6C64+"
    },
    "_contentSize": {
      "__type__": "cc.Size",
      "width": 250,
      "height": 250
    },
    "_trs": {
      "__type__": "TypedArray",
      "ctor": "Float64Array",
      "array": [
        5,
        41,
        0,
        0,
        0,
        0,
        1,
        1,
        1,
        1
      ]
    }
  },
  {
    "__type__": "cc.Node",
    "_name": "label",
    "_parent": {
      "__id__": 10
    },
    "_components": [
      {
        "__type__": "cc.Label",
        "node": {
          "__id__": 11
        },
        "_useOriginalSize": false,
        "_string": "15",
        "_N$string": "15",
        "_fontSize": 170,
        "_lineHeight": 170,
        "_N$horizontalAlign": 1,
        "_N$verticalAlign": 1,
        "_N$overflow": 2
      },
      {
        "__type__": "cc.Widget",
        "node": {
          "__id__": 11
        },
        "alignMode": 0,
        "_alignFlags": 45,
        "_originalWidth": 98,
        "_originalHeight": 40
      }
    ],
    "_prefab": {
      "__type__": "cc.PrefabInfo",
      "root": {
        "__id__": 1
      },
      "asset": {
        "__uuid__": "60425231-65c9-45b3-9b9c-bf39284a7594"
      },
      "fileId": "8eEb26VDBOG5AcXuv+nodp"
    },
    "_color": {
      "__type__": "cc.Color",
      "r": 243,
      "g": 142,
      "b": 52
    },
    "_contentSize": {
      "__type__": "cc.Size",
      "width": 250,
      "height": 250
    },
    "_trs": {
      "__type__": "TypedArray",
      "ctor": "Float64Array",
      "array": [
        0,
        0,
        0,
        0,
        0,
        0,
        1,
        1,
        1,
        1
      ]
    }
  },
  {
    "__type__": "cc.Node",
    "_name": "scoreLb",
    "_parent": {
      "__id__": 6
    },
    "_components": [
      {
        "__type__": "cc.Label",
        "node": {
          "__id__": 12
        },
        "_useOriginalSize": false,
        "_string": "9",
        "_N$string": "9",
        "_fontSize": 120,
        "_lineHeight": 120,
        "_N$horizontalAlign": 1,
        "_N$verticalAlign": 1
      },
      {
        "__type__": "cc.Widget",
        "node": {
          "__id__": 12
        },
        "alignMode": 0,
        "_alignFlags": 18,
        "_top": -173,
        "_verticalCenter": 294,
        "_horizontalCenter": 5
      }
    ],
    "_prefab": {
      "__type__": "cc.PrefabInfo",
      "root": {
        "__id__": 1
      },
      "asset": {
        "__uuid__": "60425231-65c9-45b3-9b9c-bf39284a7594"
      },
      "fileId": "57awi9t/1Awb7oLSrPFXoJ"
    },
    "_color": {
      "__type__": "cc.Color",
      "r": 254,
      "g": 185,
      "b": 56
    },
    "_contentSize": {
      "__type__": "cc.Size",
      "width": 66.74,
      "height": 120
    },
    "_trs": {
      "__type__": "TypedArray",
      "ctor": "Float64Array",
      "array": [
        5,
        294,
        0,
        0,
        0,
        0,
        1,
        1,
        1,
        1
      ]
    }
  },
  {
    "__type__": "cc.Node",
    "_name": "historyLb",
    "_parent": {
      "__id__": 6
    },
    "_components": [
      {
        "__type__": "cc.Label",
        "node": {
          "__id__": 13
        },
        "_useOriginalSize": false,
        "_string": "历史最高: 0",
        "_N$string": "历史最高: 0",
        "_fontSize": 30,
        "_N$horizontalAlign": 1,
        "_N$verticalAlign": 1
      },
      {
        "__type__": "cc.Widget",
        "node": {
          "__id__": 13
        },
        "alignMode": 0,
        "_alignFlags": 18,
        "_verticalCenter": 203,
        "_horizontalCenter": 5
      }
    ],
    "_prefab": {
      "__type__": "cc.PrefabInfo",
      "root": {
        "__id__": 1
      },
      "asset": {
        "__uuid__": "60425231-65c9-45b3-9b9c-bf39284a7594"
      },
      "fileId": "65Fz8jIDJBjKzP+4IwD/aE"
    },
    "_color": {
      "__type__": "cc.Color",
      "r": 250,
      "g": 250,
      "b": 250
    },
    "_contentSize": {
      "__type__": "cc.Size",
      "width": 153.35,
      "height": 40
    },
    "_trs": {
      "__type__": "TypedArray",
      "ctor": "Float64Array",
      "array": [
        5,
        203,
        0,
        0,
        0,
        0,
        1,
        1,
        1,
        1
      ]
    }
  },
  {
    "__type__": "cc.Node",
    "_name": "btnPass",
    "_parent": {
      "__id__": 6
    },
    "_children": [
      {
        "__id__": 15
      }
    ],
    "_active": false,
    "_components": [
      {
        "__type__": "cc.Sprite",
        "node": {
          "__id__": 14
        },
        "_type": 1,
        "_sizeMode": 0
      },
      {
        "__type__": "cc.Button",
        "node": {
          "__id__": 14
        },
        "clickEvents": [
          {
            "__type__": "cc.ClickEvent",
            "target": {
              "__id__": 1
            },
            "_componentId": "66d94nEsqFGdYyzryXSiJud",
            "handler": "firstHuohuoPass"
          }
        ],
        "_N$transition": 3,
        "transition": 3,
        "_N$normalColor": {
          "__type__": "cc.Color",
          "r": 255,
          "g": 255,
          "b": 255
        },
        "_N$pressedColor": {
          "__type__": "cc.Color",
          "r": 255,
          "g": 255,
          "b": 255
        },
        "pressedColor": {
          "__type__": "cc.Color",
          "r": 255,
          "g": 255,
          "b": 255
        },
        "_N$disabledColor": {
          "__type__": "cc.Color",
          "r": 255,
          "g": 255,
          "b": 255
        },
        "_N$normalSprite": {
          "__uuid__": "f0048c10-f03e-4c97-b9d3-3506e1d58952"
        },
        "_N$pressedSprite": {
          "__uuid__": "e9ec654c-97a2-4787-9325-e6a10375219a"
        },
        "pressedSprite": {
          "__uuid__": "e9ec654c-97a2-4787-9325-e6a10375219a"
        },
        "_N$hoverSprite": {
          "__uuid__": "e9ec654c-97a2-4787-9325-e6a10375219a"
        },
        "hoverSprite": {
          "__uuid__": "e9ec654c-97a2-4787-9325-e6a10375219a"
        },
        "_N$disabledSprite": {
          "__uuid__": "29158224-f8dd-4661-a796-1ffab537140e"
        },
        "_N$target": {
          "__id__": 14
        }
      },
      {
        "__type__": "cc.Widget",
        "node": {
          "__id__": 14
        },
        "alignMode": 0,
        "_target": {
          "__id__": 1
        },
        "_alignFlags": 4,
        "_bottom": 200,
        "_verticalCenter": -342
      }
    ],
    "_prefab": {
      "__type__": "cc.PrefabInfo",
      "root": {
        "__id__": 1
      },
      "asset": {
        "__uuid__": "60425231-65c9-45b3-9b9c-bf39284a7594"
      },
      "fileId": "34LCZqkSBBoYlb/jc5/wTH"
    },
    "_contentSize": {
      "__type__": "cc.Size",
      "width": 265,
      "height": 40
    },
    "_trs": {
      "__type__": "TypedArray",
      "ctor": "Float64Array",
      "array": [
        null,
        -439,
        0,
        0,
        0,
        0,
        1,
        1,
        1,
        1
      ]
    }
  },
  {
    "__type__": "cc.Node",
    "_name": "Label",
    "_parent": {
      "__id__": 14
    },
    "_components": [
      {
        "__type__": "cc.Label",
        "node": {
          "__id__": 15
        },
        "_useOriginalSize": false,
        "_string": "点击跳过>>",
        "_N$string": "点击跳过>>",
        "_fontSize": 32,
        "_enableWrapText": false,
        "_N$horizontalAlign": 1,
        "_N$verticalAlign": 1,
        "_N$overflow": 1
      },
      {
        "__type__": "cc.Widget",
        "node": {
          "__id__": 15
        },
        "alignMode": 0,
        "_alignFlags": 45,
        "_originalWidth": 100,
        "_originalHeight": 40
      }
    ],
    "_prefab": {
      "__type__": "cc.PrefabInfo",
      "root": {
        "__id__": 1
      },
      "asset": {
        "__uuid__": "60425231-65c9-45b3-9b9c-bf39284a7594"
      },
      "fileId": "bevYPbtWFDKpMXlJCX5GYX"
    },
    "_color": {
      "__type__": "cc.Color",
      "r": 177,
      "g": 177,
      "b": 177
    },
    "_contentSize": {
      "__type__": "cc.Size",
      "width": 265,
      "height": 40
    },
    "_trs": {
      "__type__": "TypedArray",
      "ctor": "Float64Array",
      "array": [
        0,
        0,
        0,
        0,
        0,
        0,
        1,
        1,
        1,
        1
      ]
    }
  },
  {
    "__type__": "cc.Node",
    "_name": "btnVideoFh",
    "_parent": {
      "__id__": 6
    },
    "_children": [
      {
        "__id__": 17
      }
    ],
    "_level": 1,
    "_components": [
      {
        "__type__": "cc.Sprite",
        "node": {
          "__id__": 16
        },
        "_spriteFrame": {
          "__uuid__": "4bb50e38-ea18-427f-906c-5b2a0b5cbfb0"
        },
        "_type": 1,
        "_sizeMode": 0
      },
      {
        "__type__": "cc.Button",
        "node": {
          "__id__": 16
        },
        "clickEvents": [
          {
            "__type__": "cc.ClickEvent",
            "target": {
              "__id__": 1
            },
            "_componentId": "66d94nEsqFGdYyzryXSiJud",
            "handler": "videoFuhuoClick"
          }
        ],
        "_N$transition": 3,
        "transition": 3,
        "_N$normalColor": {
          "__type__": "cc.Color",
          "r": 255,
          "g": 255,
          "b": 255
        },
        "_N$pressedColor": {
          "__type__": "cc.Color",
          "r": 255,
          "g": 255,
          "b": 255
        },
        "pressedColor": {
          "__type__": "cc.Color",
          "r": 255,
          "g": 255,
          "b": 255
        },
        "_N$disabledColor": {
          "__type__": "cc.Color",
          "r": 255,
          "g": 255,
          "b": 255
        },
        "_N$normalSprite": {
          "__uuid__": "4bb50e38-ea18-427f-906c-5b2a0b5cbfb0"
        },
        "_N$pressedSprite": {
          "__uuid__": "e9ec654c-97a2-4787-9325-e6a10375219a"
        },
        "pressedSprite": {
          "__uuid__": "e9ec654c-97a2-4787-9325-e6a10375219a"
        },
        "_N$hoverSprite": {
          "__uuid__": "e9ec654c-97a2-4787-9325-e6a10375219a"
        },
        "hoverSprite": {
          "__uuid__": "e9ec654c-97a2-4787-9325-e6a10375219a"
        },
        "_N$disabledSprite": {
          "__uuid__": "29158224-f8dd-4661-a796-1ffab537140e"
        },
        "_N$target": {
          "__id__": 16
        }
      },
      {
        "__type__": "cc.Widget",
        "node": {
          "__id__": 16
        },
        "alignMode": 0,
        "_alignFlags": 18,
        "_verticalCenter": -343
      }
    ],
    "_prefab": {
      "__type__": "cc.PrefabInfo",
      "root": {
        "__id__": 1
      },
      "asset": {
        "__uuid__": "60425231-65c9-45b3-9b9c-bf39284a7594"
      },
      "fileId": "874GGNe8dJ/IwHDrxGfiM/"
    },
    "_contentSize": {
      "__type__": "cc.Size",
      "width": 370,
      "height": 98
    },
    "_trs": {
      "__type__": "TypedArray",
      "ctor": "Float64Array",
      "array": [
        null,
        -343,
        0,
        0,
        0,
        0,
        1,
        1,
        1,
        1
      ]
    }
  },
  {
    "__type__": "cc.Node",
    "_name": "Label",
    "_parent": {
      "__id__": 16
    },
    "_children": [
      {
        "__id__": 18
      }
    ],
    "_level": 2,
    "_components": [
      {
        "__type__": "cc.RichText",
        "node": {
          "__id__": 17
        },
        "_N$string": "<color=#2F2F2F>免费复活</c>",
        "_N$horizontalAlign": 1,
        "_N$maxWidth": 200,
        "_N$lineHeight": 50,
        "_N$imageAtlas": {
          "__uuid__": "8b070398-fdcf-485d-ae9e-a11826343f74"
        }
      },
      {
        "__type__": "cc.Widget",
        "node": {
          "__id__": 17
        },
        "_alignFlags": 8,
        "_left": 85
      }
    ],
    "_prefab": {
      "__type__": "cc.PrefabInfo",
      "root": {
        "__id__": 1
      },
      "asset": {
        "__uuid__": "60425231-65c9-45b3-9b9c-bf39284a7594"
      },
      "fileId": "6b23UEgutF3LE5z2rEoZpe"
    },
    "_color": {
      "__type__": "cc.Color",
      "r": 12,
      "g": 12,
      "b": 12
    },
    "_contentSize": {
      "__type__": "cc.Size",
      "width": 200,
      "height": 50
    },
    "_trs": {
      "__type__": "TypedArray",
      "ctor": "Float64Array",
      "array": [
        0,
        0,
        0,
        0,
        0,
        0,
        1,
        1,
        1,
        1
      ]
    }
  },
  {
    "__type__": "cc.PrivateNode",
    "_name": "RICHTEXT_CHILD",
    "_parent": {
      "__id__": 17
    },
    "_level": 3,
    "_components": [
      {
        "__type__": "cc.Label",
        "node": {
          "__id__": 18
        },
        "_string": "免费复活",
        "_N$string": "免费复活",
        "_lineHeight": 50,
        "_N$verticalAlign": 1
      }
    ],
    "_prefab": {
      "__type__": "cc.PrefabInfo",
      "root": {
        "__id__": 1
      },
      "asset": {
        "__uuid__": "60425231-65c9-45b3-9b9c-bf39284a7594"
      },
      "fileId": "53TOUwEqJLvIqJY8Hy9bp1"
    },
    "_color": {
      "__type__": "cc.Color",
      "r": 47,
      "g": 47,
      "b": 47
    },
    "_contentSize": {
      "__type__": "cc.Size",
      "width": 160,
      "height": 50
    },
    "_anchorPoint": {
      "__type__": "cc.Vec2"
    },
    "_position": {
      "__type__": "cc.Vec3",
      "x": -80,
      "y": -25
    },
    "_scale": {
      "__type__": "cc.Vec3",
      "x": 1,
      "y": 1,
      "z": 1
    }
  },
  {
    "__type__": "cc.Node",
    "_name": "btnFuhuo",
    "_parent": {
      "__id__": 6
    },
    "_children": [
      {
        "__id__": 20
      }
    ],
    "_level": 1,
    "_components": [
      {
        "__type__": "cc.Sprite",
        "node": {
          "__id__": 19
        },
        "_spriteFrame": {
          "__uuid__": "6a769e38-5503-4e2f-9af6-08283c8cc7bd"
        },
        "_sizeMode": 2
      },
      {
        "__type__": "cc.Button",
        "node": {
          "__id__": 19
        },
        "clickEvents": [
          {
            "__type__": "cc.ClickEvent",
            "target": {
              "__id__": 1
            },
            "_componentId": "66d94nEsqFGdYyzryXSiJud",
            "handler": "normalBtnFuhuo"
          }
        ],
        "_N$transition": 3,
        "transition": 3,
        "_N$normalColor": {
          "__type__": "cc.Color",
          "r": 255,
          "g": 255,
          "b": 255
        },
        "_N$pressedColor": {
          "__type__": "cc.Color",
          "r": 255,
          "g": 255,
          "b": 255
        },
        "pressedColor": {
          "__type__": "cc.Color",
          "r": 255,
          "g": 255,
          "b": 255
        },
        "_N$disabledColor": {
          "__type__": "cc.Color",
          "r": 255,
          "g": 255,
          "b": 255
        },
        "_N$normalSprite": {
          "__uuid__": "7da5fe30-f108-4422-a0a5-4f72c03fe91c"
        },
        "_N$pressedSprite": {
          "__uuid__": "e9ec654c-97a2-4787-9325-e6a10375219a"
        },
        "pressedSprite": {
          "__uuid__": "e9ec654c-97a2-4787-9325-e6a10375219a"
        },
        "_N$hoverSprite": {
          "__uuid__": "e9ec654c-97a2-4787-9325-e6a10375219a"
        },
        "hoverSprite": {
          "__uuid__": "e9ec654c-97a2-4787-9325-e6a10375219a"
        },
        "_N$disabledSprite": {
          "__uuid__": "29158224-f8dd-4661-a796-1ffab537140e"
        },
        "_N$target": {
          "__id__": 19
        }
      },
      {
        "__type__": "cc.Widget",
        "node": {
          "__id__": 19
        },
        "alignMode": 0,
        "_alignFlags": 18,
        "_verticalCenter": -192
      }
    ],
    "_prefab": {
      "__type__": "cc.PrefabInfo",
      "root": {
        "__id__": 1
      },
      "asset": {
        "__uuid__": "60425231-65c9-45b3-9b9c-bf39284a7594"
      },
      "fileId": "dc21YbNaJJPJvv6waQ3q29"
    },
    "_contentSize": {
      "__type__": "cc.Size",
      "width": 370,
      "height": 98
    },
    "_trs": {
      "__type__": "TypedArray",
      "ctor": "Float64Array",
      "array": [
        null,
        -192,
        0,
        0,
        0,
        0,
        1,
        1,
        1,
        1
      ]
    }
  },
  {
    "__type__": "cc.Node",
    "_name": "Label",
    "_parent": {
      "__id__": 19
    },
    "_children": [
      {
        "__id__": 21
      },
      {
        "__id__": 22
      }
    ],
    "_components": [
      {
        "__type__": "cc.RichText",
        "node": {
          "__id__": 20
        },
        "_N$string": "立即复活<img src=\"gold\" />",
        "_N$horizontalAlign": 1,
        "_N$maxWidth": 400,
        "_N$lineHeight": 50,
        "_N$imageAtlas": {
          "__uuid__": "8b070398-fdcf-485d-ae9e-a11826343f74"
        }
      }
    ],
    "_prefab": {
      "__type__": "cc.PrefabInfo",
      "root": {
        "__id__": 1
      },
      "asset": {
        "__uuid__": "60425231-65c9-45b3-9b9c-bf39284a7594"
      },
      "fileId": "f0bIU9Ph9E+LSo+SFysvTM"
    },
    "_color": {
      "__type__": "cc.Color",
      "r": 47,
      "g": 47,
      "b": 47
    },
    "_contentSize": {
      "__type__": "cc.Size",
      "width": 400,
      "height": 50
    },
    "_trs": {
      "__type__": "TypedArray",
      "ctor": "Float64Array",
      "array": [
        0,
        0,
        0,
        0,
        0,
        0,
        1,
        1,
        1,
        1
      ]
    }
  },
  {
    "__type__": "cc.PrivateNode",
    "_name": "RICHTEXT_CHILD",
    "_parent": {
      "__id__": 20
    },
    "_level": 1,
    "_components": [
      {
        "__type__": "cc.Label",
        "node": {
          "__id__": 21
        },
        "_string": "立即复活",
        "_N$string": "立即复活",
        "_lineHeight": 50,
        "_N$verticalAlign": 1
      }
    ],
    "_prefab": {
      "__type__": "cc.PrefabInfo",
      "root": {
        "__id__": 1
      },
      "asset": {
        "__uuid__": "60425231-65c9-45b3-9b9c-bf39284a7594"
      },
      "fileId": "7bvWXj8pNKab0VwvvydUsp"
    },
    "_color": {
      "__type__": "cc.Color",
      "r": 47,
      "g": 47,
      "b": 47
    },
    "_contentSize": {
      "__type__": "cc.Size",
      "width": 160,
      "height": 50
    },
    "_anchorPoint": {
      "__type__": "cc.Vec2"
    },
    "_position": {
      "__type__": "cc.Vec3",
      "x": -104.59016393442623,
      "y": -25
    },
    "_scale": {
      "__type__": "cc.Vec3",
      "x": 1,
      "y": 1,
      "z": 1
    }
  },
  {
    "__type__": "cc.PrivateNode",
    "_name": "RICHTEXT_Image_CHILD",
    "_parent": {
      "__id__": 20
    },
    "_level": 1,
    "_components": [
      {
        "__type__": "cc.Sprite",
        "node": {
          "__id__": 22
        },
        "_spriteFrame": {
          "__uuid__": "8d1400ee-3b2d-4d87-ba24-b359502d4f4d"
        },
        "_type": 1,
        "_sizeMode": 0
      }
    ],
    "_prefab": {
      "__type__": "cc.PrefabInfo",
      "root": {
        "__id__": 1
      },
      "asset": {
        "__uuid__": "60425231-65c9-45b3-9b9c-bf39284a7594"
      },
      "fileId": "b0Anh5sHZGkbE+fgDdx7Lx"
    },
    "_contentSize": {
      "__type__": "cc.Size",
      "width": 49.18032786885246,
      "height": 50
    },
    "_anchorPoint": {
      "__type__": "cc.Vec2"
    },
    "_position": {
      "__type__": "cc.Vec3",
      "x": 55.40983606557377,
      "y": -25
    },
    "_scale": {
      "__type__": "cc.Vec3",
      "x": 1,
      "y": 1,
      "z": 1
    }
  },
  {
    "__type__": "cc.Node",
    "_name": "btnShareAndFuhuo",
    "_parent": {
      "__id__": 6
    },
    "_children": [
      {
        "__id__": 24
      }
    ],
    "_active": false,
    "_level": 1,
    "_components": [
      {
        "__type__": "cc.Sprite",
        "node": {
          "__id__": 23
        },
        "_spriteFrame": {
          "__uuid__": "4bb50e38-ea18-427f-906c-5b2a0b5cbfb0"
        },
        "_sizeMode": 2
      },
      {
        "__type__": "cc.Button",
        "node": {
          "__id__": 23
        },
        "clickEvents": [
          {
            "__type__": "cc.ClickEvent",
            "target": {
              "__id__": 1
            },
            "_componentId": "66d94nEsqFGdYyzryXSiJud",
            "handler": "shareAndFuhuo"
          }
        ],
        "_N$transition": 3,
        "transition": 3,
        "_N$normalColor": {
          "__type__": "cc.Color",
          "r": 255,
          "g": 255,
          "b": 255
        },
        "_N$pressedColor": {
          "__type__": "cc.Color",
          "r": 255,
          "g": 255,
          "b": 255
        },
        "pressedColor": {
          "__type__": "cc.Color",
          "r": 255,
          "g": 255,
          "b": 255
        },
        "_N$disabledColor": {
          "__type__": "cc.Color",
          "r": 255,
          "g": 255,
          "b": 255
        },
        "_N$normalSprite": {
          "__uuid__": "7da5fe30-f108-4422-a0a5-4f72c03fe91c"
        },
        "_N$pressedSprite": {
          "__uuid__": "e9ec654c-97a2-4787-9325-e6a10375219a"
        },
        "pressedSprite": {
          "__uuid__": "e9ec654c-97a2-4787-9325-e6a10375219a"
        },
        "_N$hoverSprite": {
          "__uuid__": "e9ec654c-97a2-4787-9325-e6a10375219a"
        },
        "hoverSprite": {
          "__uuid__": "e9ec654c-97a2-4787-9325-e6a10375219a"
        },
        "_N$disabledSprite": {
          "__uuid__": "29158224-f8dd-4661-a796-1ffab537140e"
        },
        "_N$target": {
          "__id__": 23
        }
      },
      {
        "__type__": "cc.Widget",
        "node": {
          "__id__": 23
        },
        "alignMode": 0,
        "_alignFlags": 18,
        "_verticalCenter": -310,
        "_horizontalCenter": 1
      }
    ],
    "_prefab": {
      "__type__": "cc.PrefabInfo",
      "root": {
        "__id__": 1
      },
      "asset": {
        "__uuid__": "60425231-65c9-45b3-9b9c-bf39284a7594"
      },
      "fileId": "2dpPCuAlxKMLzs+YdhP461"
    },
    "_contentSize": {
      "__type__": "cc.Size",
      "width": 266,
      "height": 98
    },
    "_trs": {
      "__type__": "TypedArray",
      "ctor": "Float64Array",
      "array": [
        1,
        -310,
        0,
        0,
        0,
        0,
        1,
        1,
        1,
        1
      ]
    }
  },
  {
    "__type__": "cc.Node",
    "_name": "Label",
    "_parent": {
      "__id__": 23
    },
    "_children": [
      {
        "__id__": 25
      }
    ],
    "_level": 2,
    "_components": [
      {
        "__type__": "cc.RichText",
        "node": {
          "__id__": 24
        },
        "_N$string": "<color=#2F2F2F>分享并复活</c>",
        "_N$horizontalAlign": 1,
        "_N$maxWidth": 344,
        "_N$lineHeight": 50,
        "_N$imageAtlas": {
          "__uuid__": "8b070398-fdcf-485d-ae9e-a11826343f74"
        }
      },
      {
        "__type__": "cc.Widget",
        "node": {
          "__id__": 24
        },
        "_alignFlags": 8,
        "_left": -39
      }
    ],
    "_prefab": {
      "__type__": "cc.PrefabInfo",
      "root": {
        "__id__": 1
      },
      "asset": {
        "__uuid__": "60425231-65c9-45b3-9b9c-bf39284a7594"
      },
      "fileId": "f8Hi2OHoJOJ7eIdeHElBa3"
    },
    "_color": {
      "__type__": "cc.Color",
      "r": 12,
      "g": 12,
      "b": 12
    },
    "_contentSize": {
      "__type__": "cc.Size",
      "width": 344,
      "height": 50
    },
    "_trs": {
      "__type__": "TypedArray",
      "ctor": "Float64Array",
      "array": [
        0,
        0,
        0,
        0,
        0,
        0,
        1,
        1,
        1,
        1
      ]
    }
  },
  {
    "__type__": "cc.PrivateNode",
    "_name": "RICHTEXT_CHILD",
    "_parent": {
      "__id__": 24
    },
    "_active": false,
    "_level": 3,
    "_components": [
      {
        "__type__": "cc.Label",
        "node": {
          "__id__": 25
        },
        "_string": "分享并复活",
        "_N$string": "分享并复活",
        "_lineHeight": 50,
        "_N$verticalAlign": 1
      }
    ],
    "_prefab": {
      "__type__": "cc.PrefabInfo",
      "root": {
        "__id__": 1
      },
      "asset": {
        "__uuid__": "60425231-65c9-45b3-9b9c-bf39284a7594"
      },
      "fileId": "67O5MpIlFG7opszn6QAdEK"
    },
    "_color": {
      "__type__": "cc.Color",
      "r": 47,
      "g": 47,
      "b": 47
    },
    "_contentSize": {
      "__type__": "cc.Size",
      "width": 200,
      "height": 50
    },
    "_anchorPoint": {
      "__type__": "cc.Vec2"
    },
    "_position": {
      "__type__": "cc.Vec3",
      "x": -100,
      "y": -25
    },
    "_scale": {
      "__type__": "cc.Vec3",
      "x": 1,
      "y": 1,
      "z": 1
    }
  },
  {
    "__type__": "cc.Node",
    "_name": "btnFreeGold",
    "_parent": {
      "__id__": 6
    },
    "_children": [
      {
        "__id__": 27
      }
    ],
    "_level": 1,
    "_components": [
      {
        "__type__": "cc.Sprite",
        "node": {
          "__id__": 26
        },
        "_spriteFrame": {
          "__uuid__": "ca2783ad-4970-4bd1-9f9f-dd3ff2d42e71"
        },
        "_sizeMode": 2
      },
      {
        "__type__": "cc.Button",
        "node": {
          "__id__": 26
        },
        "clickEvents": [
          {
            "__type__": "cc.ClickEvent",
            "target": {
              "__id__": 1
            },
            "_componentId": "66d94nEsqFGdYyzryXSiJud",
            "handler": "btnFreeGoldClick"
          }
        ],
        "_N$transition": 3,
        "transition": 3,
        "_N$normalColor": {
          "__type__": "cc.Color",
          "r": 255,
          "g": 255,
          "b": 255
        },
        "_N$pressedColor": {
          "__type__": "cc.Color",
          "r": 255,
          "g": 255,
          "b": 255
        },
        "pressedColor": {
          "__type__": "cc.Color",
          "r": 255,
          "g": 255,
          "b": 255
        },
        "_N$disabledColor": {
          "__type__": "cc.Color",
          "r": 255,
          "g": 255,
          "b": 255
        },
        "_N$normalSprite": {
          "__uuid__": "f0048c10-f03e-4c97-b9d3-3506e1d58952"
        },
        "_N$pressedSprite": {
          "__uuid__": "e9ec654c-97a2-4787-9325-e6a10375219a"
        },
        "pressedSprite": {
          "__uuid__": "e9ec654c-97a2-4787-9325-e6a10375219a"
        },
        "_N$hoverSprite": {
          "__uuid__": "f0048c10-f03e-4c97-b9d3-3506e1d58952"
        },
        "hoverSprite": {
          "__uuid__": "f0048c10-f03e-4c97-b9d3-3506e1d58952"
        },
        "_N$disabledSprite": {
          "__uuid__": "29158224-f8dd-4661-a796-1ffab537140e"
        },
        "_N$target": {
          "__id__": 26
        }
      }
    ],
    "_prefab": {
      "__type__": "cc.PrefabInfo",
      "root": {
        "__id__": 1
      },
      "asset": {
        "__uuid__": "60425231-65c9-45b3-9b9c-bf39284a7594"
      },
      "fileId": "37EaKOoThCoL4Nhe8GX8/E"
    },
    "_contentSize": {
      "__type__": "cc.Size",
      "width": 99,
      "height": 97
    },
    "_trs": {
      "__type__": "TypedArray",
      "ctor": "Float64Array",
      "array": [
        305.6,
        31,
        0,
        0,
        0,
        0,
        1,
        1,
        1,
        1
      ]
    }
  },
  {
    "__type__": "cc.Node",
    "_name": "Label",
    "_parent": {
      "__id__": 26
    },
    "_components": [
      {
        "__type__": "cc.Label",
        "node": {
          "__id__": 27
        },
        "_useOriginalSize": false,
        "_string": "金币+25",
        "_N$string": "金币+25",
        "_fontSize": 24,
        "_enableWrapText": false,
        "_N$horizontalAlign": 1,
        "_N$verticalAlign": 1,
        "_N$overflow": 1
      }
    ],
    "_prefab": {
      "__type__": "cc.PrefabInfo",
      "root": {
        "__id__": 1
      },
      "asset": {
        "__uuid__": "60425231-65c9-45b3-9b9c-bf39284a7594"
      },
      "fileId": "f6pBpy8StMy7iH4S3FvV6U"
    },
    "_contentSize": {
      "__type__": "cc.Size",
      "width": 100,
      "height": 40
    },
    "_trs": {
      "__type__": "TypedArray",
      "ctor": "Float64Array",
      "array": [
        null,
        -67,
        0,
        0,
        0,
        0,
        1,
        1,
        1,
        1
      ]
    }
  },
  {
    "__type__": "cc.Node",
    "_name": "endNodeBg",
    "_parent": {
      "__id__": 1
    },
    "_children": [
      {
        "__id__": 29
      },
      {
        "__id__": 47
      },
      {
        "__id__": 51
      },
      {
        "__id__": 55
      }
    ],
    "_active": false,
    "_level": 2,
    "_components": [
      {
        "__type__": "cc.Sprite",
        "node": {
          "__id__": 28
        },
        "_sizeMode": 0
      },
      {
        "__type__": "cc.Widget",
        "node": {
          "__id__": 28
        },
        "_alignFlags": 40,
        "_originalWidth": 711
      }
    ],
    "_prefab": {
      "__type__": "cc.PrefabInfo",
      "root": {
        "__id__": 1
      },
      "asset": {
        "__uuid__": "60425231-65c9-45b3-9b9c-bf39284a7594"
      },
      "fileId": "88I91v2+VH2aRxM4c5qBr0"
    },
    "_contentSize": {
      "__type__": "cc.Size",
      "width": 720,
      "height": 800
    },
    "_trs": {
      "__type__": "TypedArray",
      "ctor": "Float64Array",
      "array": [
        null,
        118,
        0,
        0,
        0,
        0,
        1,
        1,
        1,
        1
      ]
    }
  },
  {
    "__type__": "cc.Node",
    "_name": "endNode",
    "_parent": {
      "__id__": 28
    },
    "_children": [
      {
        "__id__": 30
      },
      {
        "__id__": 32
      },
      {
        "__id__": 35
      },
      {
        "__id__": 36
      },
      {
        "__id__": 37
      },
      {
        "__id__": 38
      },
      {
        "__id__": 39
      },
      {
        "__id__": 40
      },
      {
        "__id__": 41
      },
      {
        "__id__": 43
      },
      {
        "__id__": 44
      },
      {
        "__id__": 46
      }
    ],
    "_level": 3,
    "_components": [
      {
        "__type__": "cc.Widget",
        "node": {
          "__id__": 29
        },
        "alignMode": 0,
        "_alignFlags": 18,
        "_verticalCenter": -52
      },
      {
        "__type__": "cc.Sprite",
        "node": {
          "__id__": 29
        },
        "_spriteFrame": {
          "__uuid__": "e933bc98-2208-491c-b682-5e3cc47fe6bf"
        },
        "_type": 1,
        "_sizeMode": 0
      }
    ],
    "_prefab": {
      "__type__": "cc.PrefabInfo",
      "root": {
        "__id__": 1
      },
      "asset": {
        "__uuid__": "60425231-65c9-45b3-9b9c-bf39284a7594"
      },
      "fileId": "3bOGVxAnRJErpJ22IYBwQa"
    },
    "_contentSize": {
      "__type__": "cc.Size",
      "width": 656,
      "height": 370
    },
    "_trs": {
      "__type__": "TypedArray",
      "ctor": "Float64Array",
      "array": [
        null,
        -52,
        0,
        0,
        0,
        0,
        1,
        1,
        1,
        1
      ]
    }
  },
  {
    "__type__": "cc.Node",
    "_name": "btnSort",
    "_parent": {
      "__id__": 29
    },
    "_children": [
      {
        "__id__": 31
      }
    ],
    "_level": 1,
    "_components": [
      {
        "__type__": "cc.Sprite",
        "node": {
          "__id__": 30
        },
        "_type": 1,
        "_sizeMode": 0
      },
      {
        "__type__": "cc.Button",
        "node": {
          "__id__": 30
        },
        "clickEvents": [
          {
            "__type__": "cc.ClickEvent",
            "target": {
              "__id__": 1
            },
            "component": "gameEnd",
            "handler": "sortClick"
          }
        ],
        "_N$transition": 3,
        "transition": 3,
        "_N$normalColor": {
          "__type__": "cc.Color",
          "r": 255,
          "g": 255,
          "b": 255
        },
        "_N$pressedColor": {
          "__type__": "cc.Color",
          "r": 255,
          "g": 255,
          "b": 255
        },
        "pressedColor": {
          "__type__": "cc.Color",
          "r": 255,
          "g": 255,
          "b": 255
        },
        "_N$disabledColor": {
          "__type__": "cc.Color",
          "r": 255,
          "g": 255,
          "b": 255
        },
        "_N$normalSprite": {
          "__uuid__": "f0048c10-f03e-4c97-b9d3-3506e1d58952"
        },
        "_N$pressedSprite": {
          "__uuid__": "e9ec654c-97a2-4787-9325-e6a10375219a"
        },
        "pressedSprite": {
          "__uuid__": "e9ec654c-97a2-4787-9325-e6a10375219a"
        },
        "_N$hoverSprite": {
          "__uuid__": "e9ec654c-97a2-4787-9325-e6a10375219a"
        },
        "hoverSprite": {
          "__uuid__": "e9ec654c-97a2-4787-9325-e6a10375219a"
        },
        "_N$disabledSprite": {
          "__uuid__": "29158224-f8dd-4661-a796-1ffab537140e"
        },
        "_N$target": {
          "__id__": 30
        }
      },
      {
        "__type__": "cc.Widget",
        "node": {
          "__id__": 30
        },
        "alignMode": 0,
        "_alignFlags": 16,
        "_horizontalCenter": 1.1368683772161603e-13
      }
    ],
    "_prefab": {
      "__type__": "cc.PrefabInfo",
      "root": {
        "__id__": 1
      },
      "asset": {
        "__uuid__": "60425231-65c9-45b3-9b9c-bf39284a7594"
      },
      "fileId": "04ghp+iSNO45mpAhJo7NYh"
    },
    "_contentSize": {
      "__type__": "cc.Size",
      "width": 265,
      "height": 49
    },
    "_trs": {
      "__type__": "TypedArray",
      "ctor": "Float64Array",
      "array": [
        1.1368683772161603e-13,
        138,
        0,
        0,
        0,
        0,
        1,
        1,
        1,
        1
      ]
    }
  },
  {
    "__type__": "cc.Node",
    "_name": "Label",
    "_parent": {
      "__id__": 30
    },
    "_components": [
      {
        "__type__": "cc.Label",
        "node": {
          "__id__": 31
        },
        "_useOriginalSize": false,
        "_string": "查看全部排行榜>>",
        "_N$string": "查看全部排行榜>>",
        "_fontSize": 30,
        "_enableWrapText": false,
        "_N$horizontalAlign": 1,
        "_N$verticalAlign": 1,
        "_N$overflow": 1
      },
      {
        "__type__": "cc.Widget",
        "node": {
          "__id__": 31
        },
        "alignMode": 0,
        "_alignFlags": 45,
        "_originalWidth": 100,
        "_originalHeight": 40
      }
    ],
    "_prefab": {
      "__type__": "cc.PrefabInfo",
      "root": {
        "__id__": 1
      },
      "asset": {
        "__uuid__": "60425231-65c9-45b3-9b9c-bf39284a7594"
      },
      "fileId": "52VkwCUqtPqbrSgf0SMDUh"
    },
    "_color": {
      "__type__": "cc.Color",
      "r": 47,
      "g": 47,
      "b": 47
    },
    "_contentSize": {
      "__type__": "cc.Size",
      "width": 265,
      "height": 49
    },
    "_trs": {
      "__type__": "TypedArray",
      "ctor": "Float64Array",
      "array": [
        0,
        0,
        0,
        0,
        0,
        0,
        1,
        1,
        1,
        1
      ]
    }
  },
  {
    "__type__": "cc.Node",
    "_name": "title",
    "_parent": {
      "__id__": 29
    },
    "_children": [
      {
        "__id__": 33
      },
      {
        "__id__": 34
      }
    ],
    "_level": 1,
    "_components": [
      {
        "__type__": "cc.Sprite",
        "node": {
          "__id__": 32
        },
        "_spriteFrame": {
          "__uuid__": "f8d5e288-7a67-495c-9c4c-cf9fb97cda88"
        }
      },
      {
        "__type__": "cc.Widget",
        "node": {
          "__id__": 32
        },
        "alignMode": 0,
        "_alignFlags": 18,
        "_verticalCenter": 428,
        "_horizontalCenter": 1.1368683772161603e-13
      }
    ],
    "_prefab": {
      "__type__": "cc.PrefabInfo",
      "root": {
        "__id__": 1
      },
      "asset": {
        "__uuid__": "60425231-65c9-45b3-9b9c-bf39284a7594"
      },
      "fileId": "32K5GQY+JMYbex9Kjob/wl"
    },
    "_contentSize": {
      "__type__": "cc.Size",
      "width": 122,
      "height": 52
    },
    "_trs": {
      "__type__": "TypedArray",
      "ctor": "Float64Array",
      "array": [
        1.1368683772161603e-13,
        428,
        0,
        0,
        0,
        0,
        1,
        1,
        1,
        1
      ]
    }
  },
  {
    "__type__": "cc.Node",
    "_name": "left",
    "_parent": {
      "__id__": 32
    },
    "_components": [
      {
        "__type__": "cc.Sprite",
        "node": {
          "__id__": 33
        },
        "_spriteFrame": {
          "__uuid__": "6b272a5a-c119-427a-a8ad-a7d3fb27ecde"
        }
      }
    ],
    "_prefab": {
      "__type__": "cc.PrefabInfo",
      "root": {
        "__id__": 1
      },
      "asset": {
        "__uuid__": "60425231-65c9-45b3-9b9c-bf39284a7594"
      },
      "fileId": "5bvfWxh1JClqCTbjuZVcSB"
    },
    "_contentSize": {
      "__type__": "cc.Size",
      "width": 36,
      "height": 14
    },
    "_trs": {
      "__type__": "TypedArray",
      "ctor": "Float64Array",
      "array": [
        -95,
        null,
        0,
        0,
        0,
        0,
        1,
        1,
        1,
        1
      ]
    }
  },
  {
    "__type__": "cc.Node",
    "_name": "right",
    "_parent": {
      "__id__": 32
    },
    "_components": [
      {
        "__type__": "cc.Sprite",
        "node": {
          "__id__": 34
        },
        "_spriteFrame": {
          "__uuid__": "6b272a5a-c119-427a-a8ad-a7d3fb27ecde"
        }
      }
    ],
    "_prefab": {
      "__type__": "cc.PrefabInfo",
      "root": {
        "__id__": 1
      },
      "asset": {
        "__uuid__": "60425231-65c9-45b3-9b9c-bf39284a7594"
      },
      "fileId": "8fh1AZuF9LEICY5JAWfMmr"
    },
    "_contentSize": {
      "__type__": "cc.Size",
      "width": 36,
      "height": 14
    },
    "_trs": {
      "__type__": "TypedArray",
      "ctor": "Float64Array",
      "array": [
        95,
        null,
        0,
        0,
        0,
        0,
        1,
        -1,
        1,
        1
      ]
    }
  },
  {
    "__type__": "cc.Node",
    "_name": "scoreLb",
    "_parent": {
      "__id__": 29
    },
    "_level": 1,
    "_components": [
      {
        "__type__": "cc.Label",
        "node": {
          "__id__": 35
        },
        "_useOriginalSize": false,
        "_string": "0",
        "_N$string": "0",
        "_fontSize": 120,
        "_lineHeight": 120,
        "_N$horizontalAlign": 1,
        "_N$verticalAlign": 1
      },
      {
        "__type__": "cc.Widget",
        "node": {
          "__id__": 35
        },
        "alignMode": 0,
        "_alignFlags": 18,
        "_top": -173,
        "_verticalCenter": 326.0000000000001,
        "_horizontalCenter": 1.1368683772161603e-13
      }
    ],
    "_prefab": {
      "__type__": "cc.PrefabInfo",
      "root": {
        "__id__": 1
      },
      "asset": {
        "__uuid__": "60425231-65c9-45b3-9b9c-bf39284a7594"
      },
      "fileId": "0370ffMl9BEYgn4Czv6uhi"
    },
    "_color": {
      "__type__": "cc.Color",
      "r": 254,
      "g": 185,
      "b": 56
    },
    "_contentSize": {
      "__type__": "cc.Size",
      "width": 66.74,
      "height": 120
    },
    "_trs": {
      "__type__": "TypedArray",
      "ctor": "Float64Array",
      "array": [
        1.1368683772161603e-13,
        326.0000000000001,
        0,
        0,
        0,
        0,
        1,
        1,
        1,
        1
      ]
    }
  },
  {
    "__type__": "cc.Node",
    "_name": "historyLb",
    "_parent": {
      "__id__": 29
    },
    "_level": 1,
    "_components": [
      {
        "__type__": "cc.Label",
        "node": {
          "__id__": 36
        },
        "_useOriginalSize": false,
        "_string": "历史最高: 0",
        "_N$string": "历史最高: 0",
        "_fontSize": 30,
        "_N$horizontalAlign": 1,
        "_N$verticalAlign": 1
      },
      {
        "__type__": "cc.Widget",
        "node": {
          "__id__": 36
        },
        "alignMode": 0,
        "_alignFlags": 18,
        "_verticalCenter": 231,
        "_horizontalCenter": 1.1368683772161603e-13
      }
    ],
    "_prefab": {
      "__type__": "cc.PrefabInfo",
      "root": {
        "__id__": 1
      },
      "asset": {
        "__uuid__": "60425231-65c9-45b3-9b9c-bf39284a7594"
      },
      "fileId": "67XxuvTzNK2Yg1FKRod9Qq"
    },
    "_color": {
      "__type__": "cc.Color",
      "r": 250,
      "g": 250,
      "b": 250
    },
    "_contentSize": {
      "__type__": "cc.Size",
      "width": 153.35,
      "height": 40
    },
    "_trs": {
      "__type__": "TypedArray",
      "ctor": "Float64Array",
      "array": [
        1.1368683772161603e-13,
        231,
        0,
        0,
        0,
        0,
        1,
        1,
        1,
        1
      ]
    }
  },
  {
    "__type__": "cc.Node",
    "_name": "btnChaoyue",
    "_parent": {
      "__id__": 29
    },
    "_active": false,
    "_level": 1,
    "_components": [
      {
        "__type__": "cc.Sprite",
        "node": {
          "__id__": 37
        },
        "_spriteFrame": {
          "__uuid__": "b22c19f3-85c6-4057-91a7-9124455dda30"
        },
        "_sizeMode": 2
      },
      {
        "__type__": "cc.Button",
        "node": {
          "__id__": 37
        },
        "clickEvents": [
          {
            "__type__": "cc.ClickEvent",
            "target": {
              "__id__": 1
            },
            "component": "gameEnd",
            "handler": "chaoyueClick"
          }
        ],
        "_N$transition": 3,
        "transition": 3,
        "_N$normalColor": {
          "__type__": "cc.Color",
          "r": 255,
          "g": 255,
          "b": 255
        },
        "_N$pressedColor": {
          "__type__": "cc.Color",
          "r": 255,
          "g": 255,
          "b": 255
        },
        "pressedColor": {
          "__type__": "cc.Color",
          "r": 255,
          "g": 255,
          "b": 255
        },
        "_N$disabledColor": {
          "__type__": "cc.Color",
          "r": 255,
          "g": 255,
          "b": 255
        },
        "_N$normalSprite": {
          "__uuid__": "f0048c10-f03e-4c97-b9d3-3506e1d58952"
        },
        "_N$pressedSprite": {
          "__uuid__": "e9ec654c-97a2-4787-9325-e6a10375219a"
        },
        "pressedSprite": {
          "__uuid__": "e9ec654c-97a2-4787-9325-e6a10375219a"
        },
        "_N$hoverSprite": {
          "__uuid__": "e9ec654c-97a2-4787-9325-e6a10375219a"
        },
        "hoverSprite": {
          "__uuid__": "e9ec654c-97a2-4787-9325-e6a10375219a"
        },
        "_N$disabledSprite": {
          "__uuid__": "29158224-f8dd-4661-a796-1ffab537140e"
        },
        "_N$target": {
          "__id__": 37
        }
      },
      {
        "__type__": "cc.Widget",
        "node": {
          "__id__": 37
        },
        "alignMode": 0,
        "_alignFlags": 18,
        "_verticalCenter": -320
      }
    ],
    "_prefab": {
      "__type__": "cc.PrefabInfo",
      "root": {
        "__id__": 1
      },
      "asset": {
        "__uuid__": "60425231-65c9-45b3-9b9c-bf39284a7594"
      },
      "fileId": "060qn0xUxBwrnKrJTV+Unf"
    },
    "_contentSize": {
      "__type__": "cc.Size",
      "width": 266,
      "height": 98
    },
    "_trs": {
      "__type__": "TypedArray",
      "ctor": "Float64Array",
      "array": [
        1.1368683772161603e-13,
        -320,
        0,
        0,
        0,
        0,
        1,
        1,
        1,
        1
      ]
    }
  },
  {
    "__type__": "cc.Node",
    "_name": "btnBack",
    "_parent": {
      "__id__": 29
    },
    "_level": 1,
    "_components": [
      {
        "__type__": "cc.Sprite",
        "node": {
          "__id__": 38
        },
        "_spriteFrame": {
          "__uuid__": "c0d89539-0238-4dcf-9869-e152ad189fbd"
        },
        "_sizeMode": 2
      },
      {
        "__type__": "cc.Button",
        "node": {
          "__id__": 38
        },
        "clickEvents": [
          {
            "__type__": "cc.ClickEvent",
            "target": {
              "__id__": 1
            },
            "component": "gameEnd",
            "handler": "yaoqinghaoyouClick"
          }
        ],
        "_N$transition": 3,
        "transition": 3,
        "_N$normalColor": {
          "__type__": "cc.Color",
          "r": 255,
          "g": 255,
          "b": 255
        },
        "_N$pressedColor": {
          "__type__": "cc.Color",
          "r": 255,
          "g": 255,
          "b": 255
        },
        "pressedColor": {
          "__type__": "cc.Color",
          "r": 255,
          "g": 255,
          "b": 255
        },
        "_N$disabledColor": {
          "__type__": "cc.Color",
          "r": 255,
          "g": 255,
          "b": 255
        },
        "_N$normalSprite": {
          "__uuid__": "f0048c10-f03e-4c97-b9d3-3506e1d58952"
        },
        "_N$pressedSprite": {
          "__uuid__": "e9ec654c-97a2-4787-9325-e6a10375219a"
        },
        "pressedSprite": {
          "__uuid__": "e9ec654c-97a2-4787-9325-e6a10375219a"
        },
        "_N$hoverSprite": {
          "__uuid__": "e9ec654c-97a2-4787-9325-e6a10375219a"
        },
        "hoverSprite": {
          "__uuid__": "e9ec654c-97a2-4787-9325-e6a10375219a"
        },
        "_N$disabledSprite": {
          "__uuid__": "29158224-f8dd-4661-a796-1ffab537140e"
        },
        "_N$target": {
          "__id__": 38
        }
      },
      {
        "__type__": "cc.Widget",
        "node": {
          "__id__": 38
        },
        "alignMode": 0,
        "_alignFlags": 10,
        "_left": 1.1368683772161603e-13,
        "_verticalCenter": -262
      }
    ],
    "_prefab": {
      "__type__": "cc.PrefabInfo",
      "root": {
        "__id__": 1
      },
      "asset": {
        "__uuid__": "60425231-65c9-45b3-9b9c-bf39284a7594"
      },
      "fileId": "a7ls/ThlpH07BO03JqU5zf"
    },
    "_contentSize": {
      "__type__": "cc.Size",
      "width": 266,
      "height": 98
    },
    "_trs": {
      "__type__": "TypedArray",
      "ctor": "Float64Array",
      "array": [
        -194.9999999999999,
        -262,
        0,
        0,
        0,
        0,
        1,
        1,
        1,
        1
      ]
    }
  },
  {
    "__type__": "cc.Node",
    "_name": "btnShowNewRecord",
    "_parent": {
      "__id__": 29
    },
    "_active": false,
    "_level": 1,
    "_components": [
      {
        "__type__": "cc.Sprite",
        "node": {
          "__id__": 39
        },
        "_spriteFrame": {
          "__uuid__": "845669b9-d302-4b61-97ef-20ececf762f0"
        },
        "_sizeMode": 2
      },
      {
        "__type__": "cc.Button",
        "node": {
          "__id__": 39
        },
        "clickEvents": [
          {
            "__type__": "cc.ClickEvent",
            "target": {
              "__id__": 1
            },
            "component": "gameEnd",
            "handler": "chaoyueClick"
          }
        ],
        "_N$transition": 3,
        "transition": 3,
        "_N$normalColor": {
          "__type__": "cc.Color",
          "r": 255,
          "g": 255,
          "b": 255
        },
        "_N$pressedColor": {
          "__type__": "cc.Color",
          "r": 255,
          "g": 255,
          "b": 255
        },
        "pressedColor": {
          "__type__": "cc.Color",
          "r": 255,
          "g": 255,
          "b": 255
        },
        "_N$disabledColor": {
          "__type__": "cc.Color",
          "r": 255,
          "g": 255,
          "b": 255
        },
        "_N$normalSprite": {
          "__uuid__": "845669b9-d302-4b61-97ef-20ececf762f0"
        },
        "_N$pressedSprite": {
          "__uuid__": "e9ec654c-97a2-4787-9325-e6a10375219a"
        },
        "pressedSprite": {
          "__uuid__": "e9ec654c-97a2-4787-9325-e6a10375219a"
        },
        "_N$hoverSprite": {
          "__uuid__": "e9ec654c-97a2-4787-9325-e6a10375219a"
        },
        "hoverSprite": {
          "__uuid__": "e9ec654c-97a2-4787-9325-e6a10375219a"
        },
        "_N$disabledSprite": {
          "__uuid__": "29158224-f8dd-4661-a796-1ffab537140e"
        },
        "_N$target": {
          "__id__": 39
        }
      }
    ],
    "_prefab": {
      "__type__": "cc.PrefabInfo",
      "root": {
        "__id__": 1
      },
      "asset": {
        "__uuid__": "60425231-65c9-45b3-9b9c-bf39284a7594"
      },
      "fileId": "51WlhfgE9BbKp1NslE6cij"
    },
    "_contentSize": {
      "__type__": "cc.Size",
      "width": 353,
      "height": 98
    },
    "_trs": {
      "__type__": "TypedArray",
      "ctor": "Float64Array",
      "array": [
        1.1368683772161603e-13,
        -421.00000000000006,
        0,
        0,
        0,
        0,
        1,
        1,
        1,
        1
      ]
    }
  },
  {
    "__type__": "cc.Node",
    "_name": "btnAgain",
    "_parent": {
      "__id__": 29
    },
    "_level": 1,
    "_components": [
      {
        "__type__": "cc.Sprite",
        "node": {
          "__id__": 40
        },
        "_spriteFrame": {
          "__uuid__": "812d2d8a-ed7c-4af5-a25b-e2842de93a0f"
        },
        "_sizeMode": 2
      },
      {
        "__type__": "cc.Button",
        "node": {
          "__id__": 40
        },
        "clickEvents": [
          {
            "__type__": "cc.ClickEvent",
            "target": {
              "__id__": 1
            },
            "component": "gameEnd",
            "handler": "againClick"
          }
        ],
        "_N$transition": 3,
        "transition": 3,
        "_N$normalColor": {
          "__type__": "cc.Color",
          "r": 255,
          "g": 255,
          "b": 255
        },
        "_N$pressedColor": {
          "__type__": "cc.Color",
          "r": 255,
          "g": 255,
          "b": 255
        },
        "pressedColor": {
          "__type__": "cc.Color",
          "r": 255,
          "g": 255,
          "b": 255
        },
        "_N$disabledColor": {
          "__type__": "cc.Color",
          "r": 255,
          "g": 255,
          "b": 255
        },
        "_N$normalSprite": {
          "__uuid__": "f0048c10-f03e-4c97-b9d3-3506e1d58952"
        },
        "_N$pressedSprite": {
          "__uuid__": "e9ec654c-97a2-4787-9325-e6a10375219a"
        },
        "pressedSprite": {
          "__uuid__": "e9ec654c-97a2-4787-9325-e6a10375219a"
        },
        "_N$hoverSprite": {
          "__uuid__": "e9ec654c-97a2-4787-9325-e6a10375219a"
        },
        "hoverSprite": {
          "__uuid__": "e9ec654c-97a2-4787-9325-e6a10375219a"
        },
        "_N$disabledSprite": {
          "__uuid__": "29158224-f8dd-4661-a796-1ffab537140e"
        },
        "_N$target": {
          "__id__": 40
        }
      },
      {
        "__type__": "cc.Widget",
        "node": {
          "__id__": 40
        },
        "alignMode": 0,
        "_alignFlags": 34,
        "_right": -2.2737367544323206e-13,
        "_verticalCenter": -262
      }
    ],
    "_prefab": {
      "__type__": "cc.PrefabInfo",
      "root": {
        "__id__": 1
      },
      "asset": {
        "__uuid__": "60425231-65c9-45b3-9b9c-bf39284a7594"
      },
      "fileId": "a8ZuXqdn1JypNxy9N3JPJo"
    },
    "_contentSize": {
      "__type__": "cc.Size",
      "width": 266,
      "height": 98
    },
    "_trs": {
      "__type__": "TypedArray",
      "ctor": "Float64Array",
      "array": [
        195.00000000000023,
        -262,
        0,
        0,
        0,
        0,
        1,
        1,
        1,
        1
      ]
    }
  },
  {
    "__type__": "cc.Node",
    "_name": "display",
    "_parent": {
      "__id__": 29
    },
    "_level": 1,
    "_components": [
      {
        "__id__": 42
      },
      {
        "__type__": "cc.Widget",
        "node": {
          "__id__": 41
        },
        "alignMode": 0,
        "_alignFlags": 18,
        "_left": 278,
        "_right": 278,
        "_top": 236,
        "_bottom": 158,
        "_verticalCenter": -36,
        "_horizontalCenter": 1.1368683772161603e-13,
        "_originalWidth": 100,
        "_originalHeight": 100
      }
    ],
    "_prefab": {
      "__type__": "cc.PrefabInfo",
      "root": {
        "__id__": 1
      },
      "asset": {
        "__uuid__": "60425231-65c9-45b3-9b9c-bf39284a7594"
      },
      "fileId": "e6LT6ml05AQabh8EgWsBUD"
    },
    "_contentSize": {
      "__type__": "cc.Size",
      "width": 591,
      "height": 246
    },
    "_trs": {
      "__type__": "TypedArray",
      "ctor": "Float64Array",
      "array": [
        1.1368683772161603e-13,
        -36,
        0,
        0,
        0,
        0,
        1,
        1,
        1,
        1
      ]
    }
  },
  {
    "__type__": "cc.Sprite",
    "node": {
      "__id__": 41
    },
    "_sizeMode": 0
  },
  {
    "__type__": "cc.Node",
    "_name": "newRecordSp",
    "_parent": {
      "__id__": 29
    },
    "_active": false,
    "_level": 1,
    "_components": [
      {
        "__type__": "cc.Sprite",
        "node": {
          "__id__": 43
        },
        "_spriteFrame": {
          "__uuid__": "ecb9f1e9-fde0-4740-981d-f220e331ddca"
        }
      }
    ],
    "_prefab": {
      "__type__": "cc.PrefabInfo",
      "root": {
        "__id__": 1
      },
      "asset": {
        "__uuid__": "60425231-65c9-45b3-9b9c-bf39284a7594"
      },
      "fileId": "0cuE+L7MRN9JT25oX8aTB0"
    },
    "_contentSize": {
      "__type__": "cc.Size",
      "width": 143,
      "height": 139
    },
    "_trs": {
      "__type__": "TypedArray",
      "ctor": "Float64Array",
      "array": [
        -202.9999999999999,
        330,
        0,
        0,
        0,
        0,
        1,
        1,
        1,
        1
      ]
    }
  },
  {
    "__type__": "cc.Node",
    "_name": "btnAgain2",
    "_parent": {
      "__id__": 29
    },
    "_children": [
      {
        "__id__": 45
      }
    ],
    "_active": false,
    "_level": 1,
    "_components": [
      {
        "__type__": "cc.Sprite",
        "node": {
          "__id__": 44
        },
        "_type": 1,
        "_sizeMode": 0
      },
      {
        "__type__": "cc.Button",
        "node": {
          "__id__": 44
        },
        "clickEvents": [
          {
            "__type__": "cc.ClickEvent",
            "target": {
              "__id__": 1
            },
            "component": "gameEnd",
            "handler": "againClick"
          }
        ],
        "_N$transition": 3,
        "transition": 3,
        "_N$normalColor": {
          "__type__": "cc.Color",
          "r": 255,
          "g": 255,
          "b": 255
        },
        "_N$pressedColor": {
          "__type__": "cc.Color",
          "r": 255,
          "g": 255,
          "b": 255
        },
        "pressedColor": {
          "__type__": "cc.Color",
          "r": 255,
          "g": 255,
          "b": 255
        },
        "_N$disabledColor": {
          "__type__": "cc.Color",
          "r": 255,
          "g": 255,
          "b": 255
        },
        "_N$normalSprite": {
          "__uuid__": "f0048c10-f03e-4c97-b9d3-3506e1d58952"
        },
        "_N$pressedSprite": {
          "__uuid__": "e9ec654c-97a2-4787-9325-e6a10375219a"
        },
        "pressedSprite": {
          "__uuid__": "e9ec654c-97a2-4787-9325-e6a10375219a"
        },
        "_N$hoverSprite": {
          "__uuid__": "e9ec654c-97a2-4787-9325-e6a10375219a"
        },
        "hoverSprite": {
          "__uuid__": "e9ec654c-97a2-4787-9325-e6a10375219a"
        },
        "_N$disabledSprite": {
          "__uuid__": "29158224-f8dd-4661-a796-1ffab537140e"
        },
        "_N$target": {
          "__id__": 44
        }
      },
      {
        "__type__": "cc.Widget",
        "node": {
          "__id__": 44
        },
        "alignMode": 0,
        "_alignFlags": 18,
        "_verticalCenter": -505
      }
    ],
    "_prefab": {
      "__type__": "cc.PrefabInfo",
      "root": {
        "__id__": 1
      },
      "asset": {
        "__uuid__": "60425231-65c9-45b3-9b9c-bf39284a7594"
      },
      "fileId": "40ttWwdTxEWqyC2sWg0D2H"
    },
    "_contentSize": {
      "__type__": "cc.Size",
      "width": 265,
      "height": 49
    },
    "_trs": {
      "__type__": "TypedArray",
      "ctor": "Float64Array",
      "array": [
        1.1368683772161603e-13,
        -505,
        0,
        0,
        0,
        0,
        1,
        1,
        1,
        1
      ]
    }
  },
  {
    "__type__": "cc.Node",
    "_name": "Label",
    "_parent": {
      "__id__": 44
    },
    "_components": [
      {
        "__type__": "cc.Label",
        "node": {
          "__id__": 45
        },
        "_useOriginalSize": false,
        "_string": "再玩一局>>",
        "_N$string": "再玩一局>>",
        "_fontSize": 30,
        "_enableWrapText": false,
        "_N$horizontalAlign": 1,
        "_N$verticalAlign": 1,
        "_N$overflow": 1
      },
      {
        "__type__": "cc.Widget",
        "node": {
          "__id__": 45
        },
        "alignMode": 0,
        "_alignFlags": 45,
        "_originalWidth": 100,
        "_originalHeight": 40
      }
    ],
    "_prefab": {
      "__type__": "cc.PrefabInfo",
      "root": {
        "__id__": 1
      },
      "asset": {
        "__uuid__": "60425231-65c9-45b3-9b9c-bf39284a7594"
      },
      "fileId": "f9t66H3NZHS7TeTINU96qR"
    },
    "_color": {
      "__type__": "cc.Color",
      "r": 177,
      "g": 177,
      "b": 177
    },
    "_contentSize": {
      "__type__": "cc.Size",
      "width": 265,
      "height": 49
    },
    "_trs": {
      "__type__": "TypedArray",
      "ctor": "Float64Array",
      "array": [
        0,
        0,
        0,
        0,
        0,
        0,
        1,
        1,
        1,
        1
      ]
    }
  },
  {
    "__type__": "cc.Node",
    "_name": "btnMoreGame",
    "_parent": {
      "__id__": 29
    },
    "_active": false,
    "_level": 1,
    "_components": [
      {
        "__type__": "cc.Sprite",
        "node": {
          "__id__": 46
        },
        "_sizeMode": 2
      },
      {
        "__type__": "cc.Button",
        "node": {
          "__id__": 46
        },
        "clickEvents": [
          {
            "__type__": "cc.ClickEvent",
            "target": {
              "__id__": 1
            },
            "component": "gameEnd",
            "handler": "moreGameClick"
          }
        ],
        "_N$normalColor": {
          "__type__": "cc.Color",
          "r": 255,
          "g": 255,
          "b": 255
        },
        "_N$pressedColor": {
          "__type__": "cc.Color",
          "r": 255,
          "g": 255,
          "b": 255
        },
        "pressedColor": {
          "__type__": "cc.Color",
          "r": 255,
          "g": 255,
          "b": 255
        },
        "_N$disabledColor": {
          "__type__": "cc.Color",
          "r": 255,
          "g": 255,
          "b": 255
        },
        "_N$normalSprite": {
          "__uuid__": "f0048c10-f03e-4c97-b9d3-3506e1d58952"
        },
        "_N$pressedSprite": {
          "__uuid__": "e9ec654c-97a2-4787-9325-e6a10375219a"
        },
        "pressedSprite": {
          "__uuid__": "e9ec654c-97a2-4787-9325-e6a10375219a"
        },
        "_N$hoverSprite": {
          "__uuid__": "e9ec654c-97a2-4787-9325-e6a10375219a"
        },
        "hoverSprite": {
          "__uuid__": "e9ec654c-97a2-4787-9325-e6a10375219a"
        },
        "_N$disabledSprite": {
          "__uuid__": "29158224-f8dd-4661-a796-1ffab537140e"
        },
        "_N$target": {
          "__id__": 46
        }
      },
      {
        "__type__": "cc.Widget",
        "node": {
          "__id__": 46
        },
        "alignMode": 0,
        "_alignFlags": 34,
        "_right": 30,
        "_verticalCenter": 390
      },
      {
        "__type__": "cc.Animation",
        "node": {
          "__id__": 46
        },
        "_defaultClip": {
          "__uuid__": "8fa28163-bb52-4f91-967b-d2079e09cf69"
        },
        "_clips": [
          {
            "__uuid__": "8fa28163-bb52-4f91-967b-d2079e09cf69"
          }
        ],
        "playOnLoad": true
      }
    ],
    "_prefab": {
      "__type__": "cc.PrefabInfo",
      "root": {
        "__id__": 1
      },
      "asset": {
        "__uuid__": "60425231-65c9-45b3-9b9c-bf39284a7594"
      },
      "fileId": "d5ELx7+elLfLTczwXdH7LJ"
    },
    "_contentSize": {
      "__type__": "cc.Size",
      "width": 40,
      "height": 40
    },
    "_trs": {
      "__type__": "TypedArray",
      "ctor": "Float64Array",
      "array": [
        278,
        390.0000000000001,
        0,
        0,
        0,
        0,
        1,
        1,
        1,
        1
      ]
    }
  },
  {
    "__type__": "cc.Node",
    "_name": "dynamicImage",
    "_parent": {
      "__id__": 28
    },
    "_children": [
      {
        "__id__": 48
      },
      {
        "__id__": 49
      },
      {
        "__id__": 50
      }
    ],
    "_level": 3,
    "_components": [
      {
        "__type__": "23e59Y56NRE4JBZwbmXmoES",
        "node": {
          "__id__": 47
        }
      },
      {
        "__type__": "cc.Button",
        "node": {
          "__id__": 47
        },
        "zoomScale": 0.9,
        "clickEvents": [
          {
            "__type__": "cc.ClickEvent",
            "target": {
              "__id__": 47
            },
            "component": "dynamicImage",
            "handler": "moreGame"
          }
        ],
        "_N$transition": 3,
        "transition": 3,
        "_N$target": {
          "__id__": 47
        }
      },
      {
        "__type__": "cc.Widget",
        "node": {
          "__id__": 47
        },
        "_alignFlags": 8,
        "_left": 8
      }
    ],
    "_prefab": {
      "__type__": "cc.PrefabInfo",
      "root": {
        "__id__": 1
      },
      "asset": {
        "__uuid__": "60425231-65c9-45b3-9b9c-bf39284a7594"
      },
      "fileId": "80AIlID1JAO6X0eNjsIQGO"
    },
    "_contentSize": {
      "__type__": "cc.Size",
      "width": 113,
      "height": 113
    },
    "_trs": {
      "__type__": "TypedArray",
      "ctor": "Float64Array",
      "array": [
        -295.5,
        266,
        0,
        0,
        0,
        0,
        1,
        1,
        1,
        1
      ]
    }
  },
  {
    "__type__": "cc.Node",
    "_name": "lblname",
    "_parent": {
      "__id__": 47
    },
    "_active": false,
    "_level": 2,
    "_components": [
      {
        "__type__": "cc.Label",
        "node": {
          "__id__": 48
        },
        "_useOriginalSize": false,
        "_fontSize": 19,
        "_lineHeight": 22,
        "_enableWrapText": false,
        "_N$horizontalAlign": 1,
        "_N$verticalAlign": 1,
        "_N$overflow": 1
      }
    ],
    "_prefab": {
      "__type__": "cc.PrefabInfo",
      "root": {
        "__id__": 1
      },
      "asset": {
        "__uuid__": "60425231-65c9-45b3-9b9c-bf39284a7594"
      },
      "fileId": "86UYPzz9NLWZFkSzk2DyRT"
    },
    "_contentSize": {
      "__type__": "cc.Size",
      "width": 115,
      "height": 22
    },
    "_trs": {
      "__type__": "TypedArray",
      "ctor": "Float64Array",
      "array": [
        null,
        -73,
        0,
        0,
        0,
        0,
        1,
        1,
        1,
        1
      ]
    }
  },
  {
    "__type__": "cc.Node",
    "_name": "float",
    "_parent": {
      "__id__": 47
    },
    "_level": 2,
    "_components": [
      {
        "__type__": "cc.Sprite",
        "node": {
          "__id__": 49
        },
        "_spriteFrame": {
          "__uuid__": "d4eabee5-d3e7-4325-8420-5dd9841c4027"
        }
      }
    ],
    "_prefab": {
      "__type__": "cc.PrefabInfo",
      "root": {
        "__id__": 1
      },
      "asset": {
        "__uuid__": "60425231-65c9-45b3-9b9c-bf39284a7594"
      },
      "fileId": "d28oZzjEtF844RRYx7CTTY"
    },
    "_contentSize": {
      "__type__": "cc.Size",
      "width": 113,
      "height": 113
    },
    "_trs": {
      "__type__": "TypedArray",
      "ctor": "Float64Array",
      "array": [
        0,
        0,
        0,
        0,
        0,
        0,
        1,
        1,
        1,
        1
      ]
    }
  },
  {
    "__type__": "cc.Node",
    "_name": "frame",
    "_parent": {
      "__id__": 47
    },
    "_level": 2,
    "_components": [
      {
        "__type__": "cc.Sprite",
        "node": {
          "__id__": 50
        },
        "_sizeMode": 0
      }
    ],
    "_prefab": {
      "__type__": "cc.PrefabInfo",
      "root": {
        "__id__": 1
      },
      "asset": {
        "__uuid__": "60425231-65c9-45b3-9b9c-bf39284a7594"
      },
      "fileId": "10I2Y+01pL85LBXCNQ+dCa"
    },
    "_contentSize": {
      "__type__": "cc.Size",
      "width": 107,
      "height": 107
    },
    "_trs": {
      "__type__": "TypedArray",
      "ctor": "Float64Array",
      "array": [
        0,
        0,
        0,
        0,
        0,
        0,
        1,
        1,
        1,
        1
      ]
    }
  },
  {
    "__type__": "cc.Node",
    "_name": "dynamicImage2",
    "_parent": {
      "__id__": 28
    },
    "_children": [
      {
        "__id__": 52
      },
      {
        "__id__": 53
      },
      {
        "__id__": 54
      }
    ],
    "_level": 3,
    "_components": [
      {
        "__type__": "cc.Button",
        "node": {
          "__id__": 51
        },
        "zoomScale": 0.9,
        "clickEvents": [
          {
            "__type__": "cc.ClickEvent",
            "target": {
              "__id__": 51
            },
            "_componentId": "a659cvYAnxNcryd5SoFkR2W",
            "handler": "moreGame"
          }
        ],
        "_N$transition": 3,
        "transition": 3,
        "_N$target": {
          "__id__": 51
        }
      },
      {
        "__type__": "a659cvYAnxNcryd5SoFkR2W",
        "node": {
          "__id__": 51
        }
      },
      {
        "__type__": "cc.Widget",
        "node": {
          "__id__": 51
        },
        "_alignFlags": 32,
        "_right": 8
      }
    ],
    "_prefab": {
      "__type__": "cc.PrefabInfo",
      "root": {
        "__id__": 1
      },
      "asset": {
        "__uuid__": "60425231-65c9-45b3-9b9c-bf39284a7594"
      },
      "fileId": "78DhB3z8ZLMJ+1YNADCVHj"
    },
    "_contentSize": {
      "__type__": "cc.Size",
      "width": 113,
      "height": 113
    },
    "_trs": {
      "__type__": "TypedArray",
      "ctor": "Float64Array",
      "array": [
        295.5,
        259,
        0,
        0,
        0,
        0,
        1,
        1,
        1,
        1
      ]
    }
  },
  {
    "__type__": "cc.Node",
    "_name": "lblname",
    "_parent": {
      "__id__": 51
    },
    "_active": false,
    "_level": 2,
    "_components": [
      {
        "__type__": "cc.Label",
        "node": {
          "__id__": 52
        },
        "_useOriginalSize": false,
        "_fontSize": 19,
        "_lineHeight": 22,
        "_enableWrapText": false,
        "_N$horizontalAlign": 1,
        "_N$verticalAlign": 1,
        "_N$overflow": 1
      }
    ],
    "_prefab": {
      "__type__": "cc.PrefabInfo",
      "root": {
        "__id__": 1
      },
      "asset": {
        "__uuid__": "60425231-65c9-45b3-9b9c-bf39284a7594"
      },
      "fileId": "a2iobjuNtC7Zy7s7xgmitZ"
    },
    "_contentSize": {
      "__type__": "cc.Size",
      "width": 115,
      "height": 22
    },
    "_trs": {
      "__type__": "TypedArray",
      "ctor": "Float64Array",
      "array": [
        null,
        -73,
        0,
        0,
        0,
        0,
        1,
        1,
        1,
        1
      ]
    }
  },
  {
    "__type__": "cc.Node",
    "_name": "float",
    "_parent": {
      "__id__": 51
    },
    "_level": 2,
    "_components": [
      {
        "__type__": "cc.Sprite",
        "node": {
          "__id__": 53
        },
        "_spriteFrame": {
          "__uuid__": "d4eabee5-d3e7-4325-8420-5dd9841c4027"
        }
      }
    ],
    "_prefab": {
      "__type__": "cc.PrefabInfo",
      "root": {
        "__id__": 1
      },
      "asset": {
        "__uuid__": "60425231-65c9-45b3-9b9c-bf39284a7594"
      },
      "fileId": "c8ZAlgd8pH4J/iznYTFVjM"
    },
    "_contentSize": {
      "__type__": "cc.Size",
      "width": 113,
      "height": 113
    },
    "_trs": {
      "__type__": "TypedArray",
      "ctor": "Float64Array",
      "array": [
        0,
        0,
        0,
        0,
        0,
        0,
        1,
        1,
        1,
        1
      ]
    }
  },
  {
    "__type__": "cc.Node",
    "_name": "frame",
    "_parent": {
      "__id__": 51
    },
    "_level": 2,
    "_components": [
      {
        "__type__": "cc.Sprite",
        "node": {
          "__id__": 54
        },
        "_sizeMode": 0
      }
    ],
    "_prefab": {
      "__type__": "cc.PrefabInfo",
      "root": {
        "__id__": 1
      },
      "asset": {
        "__uuid__": "60425231-65c9-45b3-9b9c-bf39284a7594"
      },
      "fileId": "5fakBJaBFLPo7XTJWGtXOy"
    },
    "_contentSize": {
      "__type__": "cc.Size",
      "width": 107,
      "height": 107
    },
    "_trs": {
      "__type__": "TypedArray",
      "ctor": "Float64Array",
      "array": [
        0,
        0,
        0,
        0,
        0,
        0,
        1,
        1,
        1,
        1
      ]
    }
  },
  {
    "__type__": "cc.Node",
    "_name": "loopDock",
    "_parent": {
      "__id__": 28
    },
    "_children": [
      {
        "__id__": 56
      },
      {
        "__id__": 61
      }
    ],
    "_level": 3,
    "_components": [
      {
        "__type__": "cc.Sprite",
        "node": {
          "__id__": 55
        },
        "_spriteFrame": {
          "__uuid__": "dd4452aa-846b-4059-877b-103c25499c55"
        },
        "_sizeMode": 0
      },
      {
        "__type__": "4c0deqxQ8lNWbUCJrmc9mY9",
        "node": {
          "__id__": 55
        }
      },
      {
        "__type__": "cc.Widget",
        "node": {
          "__id__": 55
        },
        "_target": {
          "__id__": 1
        },
        "_alignFlags": 4,
        "_bottom": 200
      }
    ],
    "_prefab": {
      "__type__": "cc.PrefabInfo",
      "root": {
        "__id__": 1
      },
      "asset": {
        "__uuid__": "60425231-65c9-45b3-9b9c-bf39284a7594"
      },
      "fileId": "eeuIlNCuFPN6c7mtU3w6Hc"
    },
    "_contentSize": {
      "__type__": "cc.Size",
      "width": 720,
      "height": 162
    },
    "_trs": {
      "__type__": "TypedArray",
      "ctor": "Float64Array",
      "array": [
        null,
        -477,
        0,
        0,
        0,
        0,
        1,
        1,
        1,
        1
      ]
    }
  },
  {
    "__type__": "cc.Node",
    "_name": "dockNode",
    "_parent": {
      "__id__": 55
    },
    "_children": [
      {
        "__id__": 57
      }
    ],
    "_level": 3,
    "_components": [
      {
        "__type__": "cc.Widget",
        "node": {
          "__id__": 56
        },
        "_alignFlags": 45
      }
    ],
    "_prefab": {
      "__type__": "cc.PrefabInfo",
      "root": {
        "__id__": 1
      },
      "asset": {
        "__uuid__": "60425231-65c9-45b3-9b9c-bf39284a7594"
      },
      "fileId": "12LGhHzBdJ+4MAuRhePqY3"
    },
    "_contentSize": {
      "__type__": "cc.Size",
      "width": 720,
      "height": 162
    },
    "_trs": {
      "__type__": "TypedArray",
      "ctor": "Float64Array",
      "array": [
        0,
        0,
        0,
        0,
        0,
        0,
        1,
        1,
        1,
        1
      ]
    }
  },
  {
    "__type__": "cc.Node",
    "_name": "group",
    "_parent": {
      "__id__": 56
    },
    "_children": [
      {
        "__id__": 58
      },
      {
        "__id__": 59
      },
      {
        "__id__": 60
      }
    ],
    "_level": 4,
    "_components": [
      {
        "__type__": "94db3djyBtP57uEoyNkpnyb",
        "node": {
          "__id__": 57
        }
      },
      {
        "__type__": "cc.Button",
        "node": {
          "__id__": 57
        },
        "clickEvents": [
          {
            "__type__": "cc.ClickEvent",
            "target": {
              "__id__": 57
            },
            "_componentId": "94db3djyBtP57uEoyNkpnyb",
            "handler": "moreGame"
          }
        ],
        "_N$transition": 3,
        "transition": 3
      }
    ],
    "_prefab": {
      "__type__": "cc.PrefabInfo",
      "root": {
        "__id__": 1
      },
      "asset": {
        "__uuid__": "60425231-65c9-45b3-9b9c-bf39284a7594"
      },
      "fileId": "a9zQiqySlMRJkUloUGppZ7"
    },
    "_contentSize": {
      "__type__": "cc.Size",
      "width": 134,
      "height": 134
    },
    "_trs": {
      "__type__": "TypedArray",
      "ctor": "Float64Array",
      "array": [
        -425,
        null,
        0,
        0,
        0,
        0,
        1,
        1,
        1,
        1
      ]
    }
  },
  {
    "__type__": "cc.Node",
    "_name": "float",
    "_parent": {
      "__id__": 57
    },
    "_level": 5,
    "_components": [
      {
        "__type__": "cc.Sprite",
        "node": {
          "__id__": 58
        },
        "_spriteFrame": {
          "__uuid__": "37657924-7ff2-4594-b02d-b213cef0c2d8"
        },
        "_sizeMode": 0
      },
      {
        "__type__": "cc.Widget",
        "node": {
          "__id__": 58
        },
        "_alignFlags": 45,
        "_originalWidth": 134,
        "_originalHeight": 134
      }
    ],
    "_prefab": {
      "__type__": "cc.PrefabInfo",
      "root": {
        "__id__": 1
      },
      "asset": {
        "__uuid__": "60425231-65c9-45b3-9b9c-bf39284a7594"
      },
      "fileId": "84Ppo2GTxHLZJrkkTYs3oE"
    },
    "_contentSize": {
      "__type__": "cc.Size",
      "width": 134,
      "height": 134
    },
    "_trs": {
      "__type__": "TypedArray",
      "ctor": "Float64Array",
      "array": [
        0,
        0,
        0,
        0,
        0,
        0,
        1,
        1,
        1,
        1
      ]
    }
  },
  {
    "__type__": "cc.Node",
    "_name": "frame",
    "_parent": {
      "__id__": 57
    },
    "_level": 5,
    "_components": [
      {
        "__type__": "cc.Sprite",
        "node": {
          "__id__": 59
        },
        "_sizeMode": 0
      },
      {
        "__type__": "cc.Widget",
        "node": {
          "__id__": 59
        },
        "_alignFlags": 45,
        "_left": 2,
        "_right": 2,
        "_top": 2,
        "_bottom": 2,
        "_originalWidth": 130,
        "_originalHeight": 130
      }
    ],
    "_prefab": {
      "__type__": "cc.PrefabInfo",
      "root": {
        "__id__": 1
      },
      "asset": {
        "__uuid__": "60425231-65c9-45b3-9b9c-bf39284a7594"
      },
      "fileId": "b8uKWcHRxD+YI4Cb1zpHRs"
    },
    "_contentSize": {
      "__type__": "cc.Size",
      "width": 130,
      "height": 130
    },
    "_trs": {
      "__type__": "TypedArray",
      "ctor": "Float64Array",
      "array": [
        0,
        0,
        0,
        0,
        0,
        0,
        1,
        1,
        1,
        1
      ]
    }
  },
  {
    "__type__": "cc.Node",
    "_name": "lblname",
    "_parent": {
      "__id__": 57
    },
    "_active": false,
    "_level": 5,
    "_components": [
      {
        "__type__": "cc.Label",
        "node": {
          "__id__": 60
        },
        "_useOriginalSize": false,
        "_fontSize": 19,
        "_lineHeight": 22,
        "_enableWrapText": false,
        "_N$horizontalAlign": 1,
        "_N$verticalAlign": 1,
        "_N$overflow": 1
      }
    ],
    "_prefab": {
      "__type__": "cc.PrefabInfo",
      "root": {
        "__id__": 1
      },
      "asset": {
        "__uuid__": "60425231-65c9-45b3-9b9c-bf39284a7594"
      },
      "fileId": "4eh3pexVlIBYM0A+vR4OEr"
    },
    "_color": {
      "__type__": "cc.Color",
      "r": 235,
      "g": 40
    },
    "_contentSize": {
      "__type__": "cc.Size",
      "width": 115,
      "height": 22
    },
    "_trs": {
      "__type__": "TypedArray",
      "ctor": "Float64Array",
      "array": [
        null,
        -58,
        0,
        0,
        0,
        0,
        1,
        1,
        1,
        1
      ]
    }
  },
  {
    "__type__": "cc.Node",
    "_name": "moveNode",
    "_parent": {
      "__id__": 55
    },
    "_level": 2,
    "_components": [
      {
        "__type__": "cc.Widget",
        "node": {
          "__id__": 61
        },
        "_alignFlags": 45
      }
    ],
    "_prefab": {
      "__type__": "cc.PrefabInfo",
      "root": {
        "__id__": 1
      },
      "asset": {
        "__uuid__": "60425231-65c9-45b3-9b9c-bf39284a7594"
      },
      "fileId": "b1kk0V75VNSZuyFXdazgPk"
    },
    "_contentSize": {
      "__type__": "cc.Size",
      "width": 720,
      "height": 162
    },
    "_trs": {
      "__type__": "TypedArray",
      "ctor": "Float64Array",
      "array": [
        0,
        0,
        0,
        0,
        0,
        0,
        1,
        1,
        1,
        1
      ]
    }
  },
  {
    "__type__": "cc.Node",
    "_name": "btn_xcx",
    "_parent": {
      "__id__": 1
    },
    "_level": 2,
    "_components": [
      {
        "__type__": "cc.Sprite",
        "node": {
          "__id__": 62
        },
        "_spriteFrame": {
          "__uuid__": "22cd88c8-dede-4603-a7db-eaee821017a4"
        }
      },
      {
        "__type__": "cc.Widget",
        "node": {
          "__id__": 62
        },
        "_alignFlags": 1,
        "_top": 2.49999999999995,
        "_verticalCenter": 553
      },
      {
        "__type__": "cc.Animation",
        "node": {
          "__id__": 62
        },
        "_defaultClip": {
          "__uuid__": "c65b8e14-b8a5-4e10-917e-613c7b0fde0e"
        },
        "_clips": [
          {
            "__uuid__": "c65b8e14-b8a5-4e10-917e-613c7b0fde0e"
          }
        ],
        "playOnLoad": true
      }
    ],
    "_prefab": {
      "__type__": "cc.PrefabInfo",
      "root": {
        "__id__": 1
      },
      "asset": {
        "__uuid__": "60425231-65c9-45b3-9b9c-bf39284a7594"
      },
      "fileId": "25kE1Qn41O7ZXw728wXJId"
    },
    "_contentSize": {
      "__type__": "cc.Size",
      "width": 275,
      "height": 57
    },
    "_trs": {
      "__type__": "TypedArray",
      "ctor": "Float64Array",
      "array": [
        186,
        609,
        0,
        0,
        0,
        0,
        1,
        1,
        1,
        1
      ]
    }
  }
]