[
  {
    "__type__": "cc.Prefab",
    "_name": "bgNode",
    "data": {
      "__id__": 1
    },
    "optimizationPolicy": 0,
    "asyncLoadAssets": false,
    "readonly": false
  },
  {
    "__type__": "cc.Node",
    "_name": "bgNode",
    "_children": [
      {
        "__id__": 2
      },
      {
        "__id__": 3
      },
      {
        "__id__": 4
      },
      {
        "__id__": 8
      },
      {
        "__id__": 9
      },
      {
        "__id__": 22
      },
      {
        "__id__": 27
      }
    ],
    "_level": 1,
    "_components": [
      {
        "__type__": "cc.Widget",
        "node": {
          "__id__": 1
        },
        "alignMode": 0,
        "_alignFlags": 45,
        "_originalWidth": 100,
        "_originalHeight": 100
      },
      {
        "__type__": "cc.BlockInputEvents",
        "node": {
          "__id__": 1
        }
      },
      {
        "__type__": "240abXujk9OfronhAS7C0PW",
        "node": {
          "__id__": 1
        },
        "bgItemPrefab": {
          "__uuid__": "2c8e5e59-edbb-49d5-aada-9c2786362c31"
        },
        "goldCount": {
          "__id__": 7
        }
      },
      {
        "__type__": "cc.BlockInputEvents",
        "node": {
          "__id__": 1
        }
      }
    ],
    "_prefab": {
      "__type__": "cc.PrefabInfo",
      "root": {
        "__id__": 1
      },
      "asset": {
        "__uuid__": "dfd4c81d-dec9-409f-9cef-aead68fe40ec"
      },
      "fileId": "9cJa2IBC1G5pixV85Utjy1"
    },
    "_contentSize": {
      "__type__": "cc.Size",
      "width": 720,
      "height": 1280
    },
    "_zIndex": 0,
    "_trs": {
      "__type__": "TypedArray",
      "ctor": "Float64Array",
      "array": [
        360,
        640,
        0,
        0,
        0,
        0,
        1,
        1,
        1,
        1
      ]
    }
  },
  {
    "__type__": "cc.Node",
    "_name": "bgColor",
    "_parent": {
      "__id__": 1
    },
    "_components": [
      {
        "__type__": "cc.Sprite",
        "node": {
          "__id__": 2
        },
        "_spriteFrame": {
          "__uuid__": "a23235d1-15db-4b95-8439-a2e005bfff91"
        },
        "_sizeMode": 0
      },
      {
        "__type__": "cc.Widget",
        "node": {
          "__id__": 2
        },
        "alignMode": 0,
        "_alignFlags": 45,
        "_originalWidth": 100,
        "_originalHeight": 100
      }
    ],
    "_prefab": {
      "__type__": "cc.PrefabInfo",
      "root": {
        "__id__": 1
      },
      "asset": {
        "__uuid__": "dfd4c81d-dec9-409f-9cef-aead68fe40ec"
      },
      "fileId": "051p1vGWJHDaVYXF3A1J7s"
    },
    "_color": {
      "__type__": "cc.Color",
      "r": 47,
      "g": 47,
      "b": 47
    },
    "_contentSize": {
      "__type__": "cc.Size",
      "width": 720,
      "height": 1280
    },
    "_zIndex": 0,
    "_trs": {
      "__type__": "TypedArray",
      "ctor": "Float64Array",
      "array": [
        0,
        0,
        0,
        0,
        0,
        0,
        1,
        1,
        1,
        1
      ]
    }
  },
  {
    "__type__": "cc.Node",
    "_name": "title",
    "_parent": {
      "__id__": 1
    },
    "_components": [
      {
        "__type__": "cc.Label",
        "node": {
          "__id__": 3
        },
        "_useOriginalSize": false,
        "_string": "场景",
        "_N$string": "场景",
        "_fontSize": 54,
        "_lineHeight": 120,
        "_N$file": {
          "__uuid__": "7fb48414-e05d-4345-9536-9aad7cbd6ff4"
        },
        "_isSystemFontUsed": false,
        "_N$horizontalAlign": 1,
        "_N$verticalAlign": 1
      },
      {
        "__type__": "cc.Widget",
        "node": {
          "__id__": 3
        },
        "alignMode": 0,
        "_alignFlags": 17,
        "_top": 91
      }
    ],
    "_prefab": {
      "__type__": "cc.PrefabInfo",
      "root": {
        "__id__": 1
      },
      "asset": {
        "__uuid__": "dfd4c81d-dec9-409f-9cef-aead68fe40ec"
      },
      "fileId": "00A4UjybNNU63a1Hs42YV1"
    },
    "_contentSize": {
      "__type__": "cc.Size",
      "width": 94.5,
      "height": 54
    },
    "_zIndex": 0,
    "_trs": {
      "__type__": "TypedArray",
      "ctor": "Float64Array",
      "array": [
        null,
        522,
        0,
        0,
        0,
        0,
        1,
        1,
        1,
        1
      ]
    }
  },
  {
    "__type__": "cc.Node",
    "_name": "goldBg",
    "_parent": {
      "__id__": 1
    },
    "_children": [
      {
        "__id__": 5
      },
      {
        "__id__": 6
      }
    ],
    "_active": false,
    "_components": [
      {
        "__type__": "cc.Sprite",
        "node": {
          "__id__": 4
        },
        "_spriteFrame": {
          "__uuid__": "47827bdc-3933-409b-976d-221e8a199309"
        }
      },
      {
        "__type__": "cc.Widget",
        "node": {
          "__id__": 4
        },
        "alignMode": 0,
        "_alignFlags": 9,
        "_left": 57.5,
        "_top": 90
      }
    ],
    "_prefab": {
      "__type__": "cc.PrefabInfo",
      "root": {
        "__id__": 1
      },
      "asset": {
        "__uuid__": "dfd4c81d-dec9-409f-9cef-aead68fe40ec"
      },
      "fileId": "a18zOuyb5MTZGqGMoEzGBf"
    },
    "_contentSize": {
      "__type__": "cc.Size",
      "width": 133,
      "height": 56
    },
    "_zIndex": 0,
    "_trs": {
      "__type__": "TypedArray",
      "ctor": "Float64Array",
      "array": [
        -236,
        522,
        0,
        0,
        0,
        0,
        1,
        1,
        1,
        1
      ]
    }
  },
  {
    "__type__": "cc.Node",
    "_name": "icon",
    "_parent": {
      "__id__": 4
    },
    "_components": [
      {
        "__type__": "cc.Sprite",
        "node": {
          "__id__": 5
        },
        "_spriteFrame": {
          "__uuid__": "9b293c7e-33da-49ae-ad1b-d22604ddf83e"
        }
      },
      {
        "__type__": "cc.Widget",
        "node": {
          "__id__": 5
        },
        "alignMode": 0,
        "_alignFlags": 10,
        "_left": -19
      }
    ],
    "_prefab": {
      "__type__": "cc.PrefabInfo",
      "root": {
        "__id__": 1
      },
      "asset": {
        "__uuid__": "dfd4c81d-dec9-409f-9cef-aead68fe40ec"
      },
      "fileId": "c23bToKD9CVqVksnXeMpWl"
    },
    "_contentSize": {
      "__type__": "cc.Size",
      "width": 59,
      "height": 63
    },
    "_zIndex": 0,
    "_trs": {
      "__type__": "TypedArray",
      "ctor": "Float64Array",
      "array": [
        -56,
        null,
        0,
        0,
        0,
        0,
        1,
        1,
        1,
        1
      ]
    }
  },
  {
    "__type__": "cc.Node",
    "_name": "count",
    "_parent": {
      "__id__": 4
    },
    "_components": [
      {
        "__id__": 7
      },
      {
        "__type__": "cc.Widget",
        "node": {
          "__id__": 6
        },
        "alignMode": 0,
        "_alignFlags": 2,
        "_verticalCenter": -2
      }
    ],
    "_prefab": {
      "__type__": "cc.PrefabInfo",
      "root": {
        "__id__": 1
      },
      "asset": {
        "__uuid__": "dfd4c81d-dec9-409f-9cef-aead68fe40ec"
      },
      "fileId": "ceBn6hUXJMapOc7riLigcB"
    },
    "_contentSize": {
      "__type__": "cc.Size",
      "width": 81.9,
      "height": 40
    },
    "_zIndex": 0,
    "_trs": {
      "__type__": "TypedArray",
      "ctor": "Float64Array",
      "array": [
        15,
        -2,
        0,
        0,
        0,
        0,
        1,
        1,
        1,
        1
      ]
    }
  },
  {
    "__type__": "cc.Label",
    "node": {
      "__id__": 6
    },
    "_useOriginalSize": false,
    "_string": "0",
    "_N$string": "0",
    "_lineHeight": 120,
    "_N$file": {
      "__uuid__": "7fb48414-e05d-4345-9536-9aad7cbd6ff4"
    },
    "_isSystemFontUsed": false,
    "_N$horizontalAlign": 1,
    "_N$verticalAlign": 1,
    "_N$overflow": 2
  },
  {
    "__type__": "cc.Node",
    "_name": "btnBack",
    "_parent": {
      "__id__": 1
    },
    "_components": [
      {
        "__type__": "cc.Sprite",
        "node": {
          "__id__": 8
        },
        "_spriteFrame": {
          "__uuid__": "a0cf8960-a669-4ef4-b26f-5aa8c1e93f5f"
        },
        "_sizeMode": 2
      },
      {
        "__type__": "cc.Button",
        "node": {
          "__id__": 8
        },
        "clickEvents": [
          {
            "__type__": "cc.ClickEvent",
            "target": {
              "__id__": 1
            },
            "component": "bgNode",
            "handler": "onBackClick"
          }
        ],
        "_N$transition": 3,
        "transition": 3,
        "_N$normalColor": {
          "__type__": "cc.Color",
          "r": 255,
          "g": 255,
          "b": 255
        },
        "_N$pressedColor": {
          "__type__": "cc.Color",
          "r": 255,
          "g": 255,
          "b": 255
        },
        "pressedColor": {
          "__type__": "cc.Color",
          "r": 255,
          "g": 255,
          "b": 255
        },
        "_N$disabledColor": {
          "__type__": "cc.Color",
          "r": 255,
          "g": 255,
          "b": 255
        },
        "_N$normalSprite": {
          "__uuid__": "f0048c10-f03e-4c97-b9d3-3506e1d58952"
        },
        "_N$pressedSprite": {
          "__uuid__": "e9ec654c-97a2-4787-9325-e6a10375219a"
        },
        "pressedSprite": {
          "__uuid__": "e9ec654c-97a2-4787-9325-e6a10375219a"
        },
        "_N$hoverSprite": {
          "__uuid__": "e9ec654c-97a2-4787-9325-e6a10375219a"
        },
        "hoverSprite": {
          "__uuid__": "e9ec654c-97a2-4787-9325-e6a10375219a"
        },
        "_N$disabledSprite": {
          "__uuid__": "29158224-f8dd-4661-a796-1ffab537140e"
        },
        "_N$target": {
          "__id__": 8
        }
      },
      {
        "__type__": "cc.Widget",
        "node": {
          "__id__": 8
        },
        "alignMode": 0,
        "_alignFlags": 12,
        "_left": 45.5,
        "_bottom": 106,
        "_verticalCenter": -506
      }
    ],
    "_prefab": {
      "__type__": "cc.PrefabInfo",
      "root": {
        "__id__": 1
      },
      "asset": {
        "__uuid__": "dfd4c81d-dec9-409f-9cef-aead68fe40ec"
      },
      "fileId": "40JN/NdP9HeIXxbCDnAI66"
    },
    "_contentSize": {
      "__type__": "cc.Size",
      "width": 45,
      "height": 74
    },
    "_zIndex": 0,
    "_trs": {
      "__type__": "TypedArray",
      "ctor": "Float64Array",
      "array": [
        -292,
        -497,
        0,
        0,
        0,
        0,
        1,
        1,
        1,
        1
      ]
    }
  },
  {
    "__type__": "cc.Node",
    "_name": "btnUnLock",
    "_parent": {
      "__id__": 1
    },
    "_children": [
      {
        "__id__": 10
      },
      {
        "__id__": 13
      },
      {
        "__id__": 14
      },
      {
        "__id__": 17
      }
    ],
    "_components": [
      {
        "__type__": "cc.Sprite",
        "node": {
          "__id__": 9
        },
        "_spriteFrame": {
          "__uuid__": "6024a258-e394-4c46-be71-0225a834d191"
        },
        "_sizeMode": 2
      },
      {
        "__type__": "cc.Button",
        "node": {
          "__id__": 9
        },
        "clickEvents": [
          {
            "__type__": "cc.ClickEvent",
            "target": {
              "__id__": 1
            },
            "component": "bgNode",
            "handler": "unLockSceneClick"
          }
        ],
        "_N$enableAutoGrayEffect": true,
        "_N$transition": 3,
        "transition": 3,
        "_N$normalColor": {
          "__type__": "cc.Color",
          "r": 255,
          "g": 255,
          "b": 255
        },
        "_N$pressedColor": {
          "__type__": "cc.Color",
          "r": 255,
          "g": 255,
          "b": 255
        },
        "pressedColor": {
          "__type__": "cc.Color",
          "r": 255,
          "g": 255,
          "b": 255
        },
        "_N$disabledColor": {
          "__type__": "cc.Color",
          "r": 255,
          "g": 255,
          "b": 255
        },
        "_N$pressedSprite": {
          "__uuid__": "e9ec654c-97a2-4787-9325-e6a10375219a"
        },
        "pressedSprite": {
          "__uuid__": "e9ec654c-97a2-4787-9325-e6a10375219a"
        },
        "_N$hoverSprite": {
          "__uuid__": "e9ec654c-97a2-4787-9325-e6a10375219a"
        },
        "hoverSprite": {
          "__uuid__": "e9ec654c-97a2-4787-9325-e6a10375219a"
        },
        "_N$disabledSprite": {
          "__uuid__": "29158224-f8dd-4661-a796-1ffab537140e"
        },
        "_N$target": {
          "__id__": 9
        }
      },
      {
        "__type__": "cc.Widget",
        "node": {
          "__id__": 9
        },
        "alignMode": 0,
        "_alignFlags": 4,
        "_bottom": 87,
        "_horizontalCenter": -16
      }
    ],
    "_prefab": {
      "__type__": "cc.PrefabInfo",
      "root": {
        "__id__": 1
      },
      "asset": {
        "__uuid__": "dfd4c81d-dec9-409f-9cef-aead68fe40ec"
      },
      "fileId": "4dygfBcs5IRrmjFBgQFgKo"
    },
    "_contentSize": {
      "__type__": "cc.Size",
      "width": 328,
      "height": 112
    },
    "_zIndex": 0,
    "_trs": {
      "__type__": "TypedArray",
      "ctor": "Float64Array",
      "array": [
        null,
        -497,
        0,
        0,
        0,
        0,
        1,
        1,
        1,
        1
      ]
    }
  },
  {
    "__type__": "cc.Node",
    "_name": "goldBg",
    "_parent": {
      "__id__": 9
    },
    "_children": [
      {
        "__id__": 11
      },
      {
        "__id__": 12
      }
    ],
    "_active": false,
    "_components": [
      {
        "__type__": "cc.Sprite",
        "node": {
          "__id__": 10
        },
        "_spriteFrame": {
          "__uuid__": "47827bdc-3933-409b-976d-221e8a199309"
        }
      }
    ],
    "_prefab": {
      "__type__": "cc.PrefabInfo",
      "root": {
        "__id__": 1
      },
      "asset": {
        "__uuid__": "dfd4c81d-dec9-409f-9cef-aead68fe40ec"
      },
      "fileId": "87q/6npBdOAY1kdq1yDKf1"
    },
    "_contentSize": {
      "__type__": "cc.Size",
      "width": 133,
      "height": 56
    },
    "_zIndex": 0,
    "_trs": {
      "__type__": "TypedArray",
      "ctor": "Float64Array",
      "array": [
        -64,
        -27,
        0,
        0,
        0,
        0,
        1,
        0.7,
        0.7,
        1
      ]
    }
  },
  {
    "__type__": "cc.Node",
    "_name": "icon",
    "_parent": {
      "__id__": 10
    },
    "_components": [
      {
        "__type__": "cc.Sprite",
        "node": {
          "__id__": 11
        },
        "_spriteFrame": {
          "__uuid__": "9b293c7e-33da-49ae-ad1b-d22604ddf83e"
        }
      },
      {
        "__type__": "cc.Widget",
        "node": {
          "__id__": 11
        },
        "alignMode": 0,
        "_alignFlags": 10,
        "_left": -19
      }
    ],
    "_prefab": {
      "__type__": "cc.PrefabInfo",
      "root": {
        "__id__": 1
      },
      "asset": {
        "__uuid__": "dfd4c81d-dec9-409f-9cef-aead68fe40ec"
      },
      "fileId": "03SqQAL39EJp75dTiNUM2z"
    },
    "_contentSize": {
      "__type__": "cc.Size",
      "width": 59,
      "height": 63
    },
    "_zIndex": 0,
    "_trs": {
      "__type__": "TypedArray",
      "ctor": "Float64Array",
      "array": [
        -56,
        null,
        0,
        0,
        0,
        0,
        1,
        1,
        1,
        1
      ]
    }
  },
  {
    "__type__": "cc.Node",
    "_name": "count",
    "_parent": {
      "__id__": 10
    },
    "_components": [
      {
        "__type__": "cc.Label",
        "node": {
          "__id__": 12
        },
        "_useOriginalSize": false,
        "_string": "250",
        "_N$string": "250",
        "_lineHeight": 120,
        "_N$file": {
          "__uuid__": "7fb48414-e05d-4345-9536-9aad7cbd6ff4"
        },
        "_isSystemFontUsed": false,
        "_N$verticalAlign": 1,
        "_N$overflow": 2
      },
      {
        "__type__": "cc.Widget",
        "node": {
          "__id__": 12
        },
        "alignMode": 0,
        "_alignFlags": 2
      }
    ],
    "_prefab": {
      "__type__": "cc.PrefabInfo",
      "root": {
        "__id__": 1
      },
      "asset": {
        "__uuid__": "dfd4c81d-dec9-409f-9cef-aead68fe40ec"
      },
      "fileId": "bc0WMkbTBGF40YOGFgCWs0"
    },
    "_contentSize": {
      "__type__": "cc.Size",
      "width": 77.3,
      "height": 50
    },
    "_zIndex": 0,
    "_trs": {
      "__type__": "TypedArray",
      "ctor": "Float64Array",
      "array": [
        17.3,
        null,
        0,
        0,
        0,
        0,
        1,
        1,
        1,
        1
      ]
    }
  },
  {
    "__type__": "cc.Node",
    "_name": "line",
    "_parent": {
      "__id__": 9
    },
    "_active": false,
    "_components": [
      {
        "__type__": "cc.Sprite",
        "node": {
          "__id__": 13
        },
        "_spriteFrame": {
          "__uuid__": "a23235d1-15db-4b95-8439-a2e005bfff91"
        },
        "_sizeMode": 0
      }
    ],
    "_prefab": {
      "__type__": "cc.PrefabInfo",
      "root": {
        "__id__": 1
      },
      "asset": {
        "__uuid__": "dfd4c81d-dec9-409f-9cef-aead68fe40ec"
      },
      "fileId": "eexXc9NaNOg6eJ5JlYOsg+"
    },
    "_color": {
      "__type__": "cc.Color",
      "r": 255
    },
    "_contentSize": {
      "__type__": "cc.Size",
      "width": 106,
      "height": 2
    },
    "_zIndex": 0,
    "_trs": {
      "__type__": "TypedArray",
      "ctor": "Float64Array",
      "array": [
        -65.8,
        -29,
        0,
        0,
        0,
        0,
        1,
        0.9999999800000001,
        0.9999999800000001,
        1
      ]
    }
  },
  {
    "__type__": "cc.Node",
    "_name": "goldBg2",
    "_parent": {
      "__id__": 9
    },
    "_children": [
      {
        "__id__": 15
      },
      {
        "__id__": 16
      }
    ],
    "_active": false,
    "_components": [
      {
        "__type__": "cc.Sprite",
        "node": {
          "__id__": 14
        },
        "_spriteFrame": {
          "__uuid__": "47827bdc-3933-409b-976d-221e8a199309"
        }
      },
      {
        "__type__": "cc.Widget",
        "node": {
          "__id__": 14
        },
        "alignMode": 0,
        "_alignFlags": 16,
        "_left": 94.5,
        "_top": 59.5,
        "_horizontalCenter": 86
      }
    ],
    "_prefab": {
      "__type__": "cc.PrefabInfo",
      "root": {
        "__id__": 1
      },
      "asset": {
        "__uuid__": "dfd4c81d-dec9-409f-9cef-aead68fe40ec"
      },
      "fileId": "ebza6+/HlJMrmWSn2JrSIu"
    },
    "_contentSize": {
      "__type__": "cc.Size",
      "width": 133,
      "height": 56
    },
    "_zIndex": 0,
    "_trs": {
      "__type__": "TypedArray",
      "ctor": "Float64Array",
      "array": [
        86,
        -27,
        0,
        0,
        0,
        0,
        1,
        0.7,
        0.7,
        1
      ]
    }
  },
  {
    "__type__": "cc.Node",
    "_name": "icon",
    "_parent": {
      "__id__": 14
    },
    "_components": [
      {
        "__type__": "cc.Sprite",
        "node": {
          "__id__": 15
        },
        "_spriteFrame": {
          "__uuid__": "9b293c7e-33da-49ae-ad1b-d22604ddf83e"
        }
      },
      {
        "__type__": "cc.Widget",
        "node": {
          "__id__": 15
        },
        "alignMode": 0,
        "_alignFlags": 10,
        "_left": -19
      }
    ],
    "_prefab": {
      "__type__": "cc.PrefabInfo",
      "root": {
        "__id__": 1
      },
      "asset": {
        "__uuid__": "dfd4c81d-dec9-409f-9cef-aead68fe40ec"
      },
      "fileId": "ec85wQhbZLBajz1NO5aQ9x"
    },
    "_contentSize": {
      "__type__": "cc.Size",
      "width": 59,
      "height": 63
    },
    "_zIndex": 0,
    "_trs": {
      "__type__": "TypedArray",
      "ctor": "Float64Array",
      "array": [
        -56,
        null,
        0,
        0,
        0,
        0,
        1,
        1,
        1,
        1
      ]
    }
  },
  {
    "__type__": "cc.Node",
    "_name": "count",
    "_parent": {
      "__id__": 14
    },
    "_components": [
      {
        "__type__": "cc.Label",
        "node": {
          "__id__": 16
        },
        "_useOriginalSize": false,
        "_string": "50",
        "_N$string": "50",
        "_lineHeight": 120,
        "_N$file": {
          "__uuid__": "7fb48414-e05d-4345-9536-9aad7cbd6ff4"
        },
        "_isSystemFontUsed": false,
        "_N$verticalAlign": 1,
        "_N$overflow": 2
      },
      {
        "__type__": "cc.Widget",
        "node": {
          "__id__": 16
        },
        "alignMode": 0,
        "_alignFlags": 2
      }
    ],
    "_prefab": {
      "__type__": "cc.PrefabInfo",
      "root": {
        "__id__": 1
      },
      "asset": {
        "__uuid__": "dfd4c81d-dec9-409f-9cef-aead68fe40ec"
      },
      "fileId": "3dDKUkiUBNI7iFq4CIYhZy"
    },
    "_contentSize": {
      "__type__": "cc.Size",
      "width": 77.3,
      "height": 50
    },
    "_zIndex": 0,
    "_trs": {
      "__type__": "TypedArray",
      "ctor": "Float64Array",
      "array": [
        17.3,
        null,
        0,
        0,
        0,
        0,
        1,
        1,
        1,
        1
      ]
    }
  },
  {
    "__type__": "cc.Node",
    "_name": "time",
    "_parent": {
      "__id__": 9
    },
    "_children": [
      {
        "__id__": 18
      },
      {
        "__id__": 19
      },
      {
        "__id__": 20
      },
      {
        "__id__": 21
      }
    ],
    "_active": false,
    "_components": [
      {
        "__type__": "cc.Sprite",
        "node": {
          "__id__": 17
        },
        "_spriteFrame": {
          "__uuid__": "b8dea34f-456d-4868-b3ef-88302a2a250f"
        },
        "_type": 1,
        "_sizeMode": 0
      }
    ],
    "_prefab": {
      "__type__": "cc.PrefabInfo",
      "root": {
        "__id__": 1
      },
      "asset": {
        "__uuid__": "dfd4c81d-dec9-409f-9cef-aead68fe40ec"
      },
      "fileId": "beEWDfd7BAbqJdwh9gdLD9"
    },
    "_contentSize": {
      "__type__": "cc.Size",
      "width": 252,
      "height": 46
    },
    "_anchorPoint": {
      "__type__": "cc.Vec2",
      "x": 0.5617467172891402,
      "y": 0.5
    },
    "_zIndex": 0,
    "_trs": {
      "__type__": "TypedArray",
      "ctor": "Float64Array",
      "array": [
        15.5,
        -77,
        0,
        0,
        0,
        0,
        1,
        1,
        1,
        1
      ]
    }
  },
  {
    "__type__": "cc.Node",
    "_name": "label",
    "_parent": {
      "__id__": 17
    },
    "_components": [
      {
        "__type__": "cc.Label",
        "node": {
          "__id__": 18
        },
        "_useOriginalSize": false,
        "_string": "剩余时间",
        "_N$string": "剩余时间",
        "_fontSize": 30,
        "_lineHeight": 30,
        "_enableWrapText": false,
        "_N$horizontalAlign": 1,
        "_N$verticalAlign": 1,
        "_N$overflow": 2
      }
    ],
    "_prefab": {
      "__type__": "cc.PrefabInfo",
      "root": {
        "__id__": 1
      },
      "asset": {
        "__uuid__": "dfd4c81d-dec9-409f-9cef-aead68fe40ec"
      },
      "fileId": "9fOcXPH+9KGYnd2E6LKZ4Z"
    },
    "_contentSize": {
      "__type__": "cc.Size",
      "width": 120,
      "height": 36
    },
    "_zIndex": 0,
    "_trs": {
      "__type__": "TypedArray",
      "ctor": "Float64Array",
      "array": [
        -64.80000000000001,
        null,
        0,
        0,
        0,
        0,
        1,
        1,
        1,
        1
      ]
    }
  },
  {
    "__type__": "cc.Node",
    "_name": "hour",
    "_parent": {
      "__id__": 17
    },
    "_components": [
      {
        "__type__": "cc.Label",
        "node": {
          "__id__": 19
        },
        "_useOriginalSize": false,
        "_string": "03",
        "_N$string": "03",
        "_fontSize": 30,
        "_lineHeight": 30,
        "_N$verticalAlign": 1,
        "_N$overflow": 2
      }
    ],
    "_prefab": {
      "__type__": "cc.PrefabInfo",
      "root": {
        "__id__": 1
      },
      "asset": {
        "__uuid__": "dfd4c81d-dec9-409f-9cef-aead68fe40ec"
      },
      "fileId": "f4uIJXjQ1BdJF25Q/A1GZo"
    },
    "_contentSize": {
      "__type__": "cc.Size",
      "width": 38,
      "height": 36
    },
    "_zIndex": 0,
    "_trs": {
      "__type__": "TypedArray",
      "ctor": "Float64Array",
      "array": [
        32.4,
        null,
        0,
        0,
        0,
        0,
        1,
        1,
        1,
        1
      ]
    }
  },
  {
    "__type__": "cc.Node",
    "_name": "symbol",
    "_parent": {
      "__id__": 17
    },
    "_components": [
      {
        "__type__": "cc.Label",
        "node": {
          "__id__": 20
        },
        "_useOriginalSize": false,
        "_string": ":",
        "_N$string": ":",
        "_fontSize": 30,
        "_lineHeight": 30,
        "_N$verticalAlign": 1,
        "_N$overflow": 2
      }
    ],
    "_prefab": {
      "__type__": "cc.PrefabInfo",
      "root": {
        "__id__": 1
      },
      "asset": {
        "__uuid__": "dfd4c81d-dec9-409f-9cef-aead68fe40ec"
      },
      "fileId": "fcs37is/BE0IzSATyQhrh4"
    },
    "_contentSize": {
      "__type__": "cc.Size",
      "width": 10,
      "height": 36
    },
    "_zIndex": 0,
    "_trs": {
      "__type__": "TypedArray",
      "ctor": "Float64Array",
      "array": [
        55.9,
        2,
        0,
        0,
        0,
        0,
        1,
        1,
        1,
        1
      ]
    }
  },
  {
    "__type__": "cc.Node",
    "_name": "minute",
    "_parent": {
      "__id__": 17
    },
    "_components": [
      {
        "__type__": "cc.Label",
        "node": {
          "__id__": 21
        },
        "_useOriginalSize": false,
        "_string": "00",
        "_N$string": "00",
        "_fontSize": 30,
        "_lineHeight": 30,
        "_N$horizontalAlign": 1,
        "_N$verticalAlign": 1,
        "_N$overflow": 2
      }
    ],
    "_prefab": {
      "__type__": "cc.PrefabInfo",
      "root": {
        "__id__": 1
      },
      "asset": {
        "__uuid__": "dfd4c81d-dec9-409f-9cef-aead68fe40ec"
      },
      "fileId": "45dESp245ABZ8x0PZgxtHH"
    },
    "_contentSize": {
      "__type__": "cc.Size",
      "width": 40,
      "height": 36
    },
    "_zIndex": 0,
    "_trs": {
      "__type__": "TypedArray",
      "ctor": "Float64Array",
      "array": [
        81.4,
        null,
        0,
        0,
        0,
        0,
        1,
        1,
        1,
        1
      ]
    }
  },
  {
    "__type__": "cc.Node",
    "_name": "btnHelp",
    "_parent": {
      "__id__": 1
    },
    "_children": [
      {
        "__id__": 23
      },
      {
        "__id__": 24
      }
    ],
    "_active": false,
    "_components": [
      {
        "__type__": "cc.Sprite",
        "node": {
          "__id__": 22
        },
        "_spriteFrame": {
          "__uuid__": "f2e47b92-e592-4e6a-9543-3a56edb3e1c6"
        },
        "_sizeMode": 2
      },
      {
        "__type__": "cc.Button",
        "node": {
          "__id__": 22
        },
        "clickEvents": [
          {
            "__type__": "cc.ClickEvent",
            "target": {
              "__id__": 1
            },
            "component": "bgNode",
            "handler": "helpClick"
          }
        ],
        "_N$transition": 3,
        "transition": 3,
        "_N$normalColor": {
          "__type__": "cc.Color",
          "r": 255,
          "g": 255,
          "b": 255
        },
        "_N$pressedColor": {
          "__type__": "cc.Color",
          "r": 255,
          "g": 255,
          "b": 255
        },
        "pressedColor": {
          "__type__": "cc.Color",
          "r": 255,
          "g": 255,
          "b": 255
        },
        "_N$disabledColor": {
          "__type__": "cc.Color",
          "r": 255,
          "g": 255,
          "b": 255
        },
        "_N$normalSprite": {
          "__uuid__": "f2e47b92-e592-4e6a-9543-3a56edb3e1c6"
        },
        "_N$pressedSprite": {
          "__uuid__": "e9ec654c-97a2-4787-9325-e6a10375219a"
        },
        "pressedSprite": {
          "__uuid__": "e9ec654c-97a2-4787-9325-e6a10375219a"
        },
        "_N$hoverSprite": {
          "__uuid__": "e9ec654c-97a2-4787-9325-e6a10375219a"
        },
        "hoverSprite": {
          "__uuid__": "e9ec654c-97a2-4787-9325-e6a10375219a"
        },
        "_N$disabledSprite": {
          "__uuid__": "29158224-f8dd-4661-a796-1ffab537140e"
        },
        "_N$target": {
          "__id__": 22
        }
      },
      {
        "__type__": "cc.Widget",
        "node": {
          "__id__": 22
        },
        "alignMode": 0,
        "_alignFlags": 36,
        "_right": 64,
        "_bottom": 87.5,
        "_verticalCenter": -506
      }
    ],
    "_prefab": {
      "__type__": "cc.PrefabInfo",
      "root": {
        "__id__": 1
      },
      "asset": {
        "__uuid__": "dfd4c81d-dec9-409f-9cef-aead68fe40ec"
      },
      "fileId": "7c2qdcynxPH75V0gjtuZHE"
    },
    "_contentSize": {
      "__type__": "cc.Size",
      "width": 111,
      "height": 111
    },
    "_zIndex": 0,
    "_trs": {
      "__type__": "TypedArray",
      "ctor": "Float64Array",
      "array": [
        240.5,
        -497,
        0,
        0,
        0,
        0,
        1,
        1,
        1,
        1
      ]
    }
  },
  {
    "__type__": "cc.Node",
    "_name": "help",
    "_parent": {
      "__id__": 22
    },
    "_level": 1,
    "_components": [
      {
        "__type__": "cc.Sprite",
        "node": {
          "__id__": 23
        },
        "_spriteFrame": {
          "__uuid__": "2ce797dd-7055-44b5-a019-254ec1023ffd"
        }
      }
    ],
    "_prefab": {
      "__type__": "cc.PrefabInfo",
      "root": {
        "__id__": 1
      },
      "asset": {
        "__uuid__": "dfd4c81d-dec9-409f-9cef-aead68fe40ec"
      },
      "fileId": "b1rulV3RpO6Y1lhPnbcneE"
    },
    "_contentSize": {
      "__type__": "cc.Size",
      "width": 111,
      "height": 111
    },
    "_zIndex": 0,
    "_trs": {
      "__type__": "TypedArray",
      "ctor": "Float64Array",
      "array": [
        0,
        0,
        0,
        0,
        0,
        0,
        1,
        1,
        1,
        1
      ]
    }
  },
  {
    "__type__": "cc.Node",
    "_name": "goldBg",
    "_parent": {
      "__id__": 22
    },
    "_children": [
      {
        "__id__": 25
      },
      {
        "__id__": 26
      }
    ],
    "_components": [
      {
        "__type__": "cc.Sprite",
        "node": {
          "__id__": 24
        },
        "_spriteFrame": {
          "__uuid__": "47827bdc-3933-409b-976d-221e8a199309"
        }
      },
      {
        "__type__": "cc.Widget",
        "node": {
          "__id__": 24
        },
        "alignMode": 0,
        "_alignFlags": 16,
        "_left": 94.5,
        "_top": 59.5,
        "_horizontalCenter": 5.8
      }
    ],
    "_prefab": {
      "__type__": "cc.PrefabInfo",
      "root": {
        "__id__": 1
      },
      "asset": {
        "__uuid__": "dfd4c81d-dec9-409f-9cef-aead68fe40ec"
      },
      "fileId": "52U97XNRhPOomPPBvlKiZY"
    },
    "_contentSize": {
      "__type__": "cc.Size",
      "width": 133,
      "height": 56
    },
    "_zIndex": 0,
    "_trs": {
      "__type__": "TypedArray",
      "ctor": "Float64Array",
      "array": [
        5.8,
        -21.2,
        0,
        0,
        0,
        0,
        1,
        0.5,
        0.5,
        1
      ]
    }
  },
  {
    "__type__": "cc.Node",
    "_name": "icon",
    "_parent": {
      "__id__": 24
    },
    "_components": [
      {
        "__type__": "cc.Sprite",
        "node": {
          "__id__": 25
        },
        "_spriteFrame": {
          "__uuid__": "9b293c7e-33da-49ae-ad1b-d22604ddf83e"
        }
      },
      {
        "__type__": "cc.Widget",
        "node": {
          "__id__": 25
        },
        "alignMode": 0,
        "_alignFlags": 10,
        "_left": -19
      }
    ],
    "_prefab": {
      "__type__": "cc.PrefabInfo",
      "root": {
        "__id__": 1
      },
      "asset": {
        "__uuid__": "dfd4c81d-dec9-409f-9cef-aead68fe40ec"
      },
      "fileId": "4abXwevZNOAIGZzitg6fgg"
    },
    "_contentSize": {
      "__type__": "cc.Size",
      "width": 59,
      "height": 63
    },
    "_zIndex": 0,
    "_trs": {
      "__type__": "TypedArray",
      "ctor": "Float64Array",
      "array": [
        -56,
        null,
        0,
        0,
        0,
        0,
        1,
        1,
        1,
        1
      ]
    }
  },
  {
    "__type__": "cc.Node",
    "_name": "count",
    "_parent": {
      "__id__": 24
    },
    "_components": [
      {
        "__type__": "cc.Label",
        "node": {
          "__id__": 26
        },
        "_useOriginalSize": false,
        "_string": "+25",
        "_N$string": "+25",
        "_fontSize": 50,
        "_lineHeight": 120,
        "_N$file": {
          "__uuid__": "7fb48414-e05d-4345-9536-9aad7cbd6ff4"
        },
        "_isSystemFontUsed": false,
        "_N$verticalAlign": 1,
        "_N$overflow": 2
      },
      {
        "__type__": "cc.Widget",
        "node": {
          "__id__": 26
        },
        "alignMode": 0,
        "_alignFlags": 2
      }
    ],
    "_prefab": {
      "__type__": "cc.PrefabInfo",
      "root": {
        "__id__": 1
      },
      "asset": {
        "__uuid__": "dfd4c81d-dec9-409f-9cef-aead68fe40ec"
      },
      "fileId": "d3t12RdMVCiqJ+IwanHGJv"
    },
    "_contentSize": {
      "__type__": "cc.Size",
      "width": 77.3,
      "height": 50
    },
    "_zIndex": 0,
    "_trs": {
      "__type__": "TypedArray",
      "ctor": "Float64Array",
      "array": [
        17.3,
        null,
        0,
        0,
        0,
        0,
        1,
        1,
        1,
        1
      ]
    }
  },
  {
    "__type__": "cc.Node",
    "_name": "ItemLayout",
    "_parent": {
      "__id__": 1
    },
    "_components": [
      {
        "__type__": "cc.Sprite",
        "node": {
          "__id__": 27
        },
        "_type": 1,
        "_sizeMode": 0
      },
      {
        "__type__": "cc.Layout",
        "node": {
          "__id__": 27
        },
        "_layoutSize": {
          "__type__": "cc.Size",
          "width": 720,
          "height": 850
        },
        "_N$layoutType": 2,
        "_N$paddingLeft": 33,
        "_N$paddingRight": 33,
        "_N$spacingX": 33,
        "_N$spacingY": 20
      },
      {
        "__type__": "cc.Widget",
        "node": {
          "__id__": 27
        },
        "alignMode": 0,
        "_alignFlags": 40,
        "_originalWidth": 654
      }
    ],
    "_prefab": {
      "__type__": "cc.PrefabInfo",
      "root": {
        "__id__": 1
      },
      "asset": {
        "__uuid__": "dfd4c81d-dec9-409f-9cef-aead68fe40ec"
      },
      "fileId": "50LxOsYmBEgJb8iPAwRGkI"
    },
    "_color": {
      "__type__": "cc.Color",
      "r": 167,
      "g": 167,
      "b": 167
    },
    "_contentSize": {
      "__type__": "cc.Size",
      "width": 720,
      "height": 850
    },
    "_zIndex": 0,
    "_trs": {
      "__type__": "TypedArray",
      "ctor": "Float64Array",
      "array": [
        null,
        23,
        0,
        0,
        0,
        0,
        1,
        1,
        1,
        1
      ]
    }
  }
]