{
  "9836134e-b892-4283-b6b2-78b5acf3ed45": {
    "asset": 1577454458000,
    "meta": 1577454458000,
    "relativePath": "effects"
  },
  "f8e6b000-5643-4b86-9080-aa680ce1f599": {
    "asset": 1577454458000,
    "meta": 1577454458000,
    "relativePath": "image"
  },
  "5c3eedba-6c41-4c0c-9ba7-d91f813cbd1c": {
    "asset": 1577454458000,
    "meta": 1577454458000,
    "relativePath": "materials"
  },
  "fc09f9bd-2cce-4605-b630-8145ef809ed6": {
    "asset": 1577454458000,
    "meta": 1577454458000,
    "relativePath": "misc"
  },
  "db019bf7-f71c-4111-98cf-918ea180cb48": {
    "asset": 1577454458000,
    "meta": 1577454458000,
    "relativePath": "model"
  },
  "e39e96e6-6f6e-413f-bcf1-ac7679bb648a": {
    "asset": 1577454458000,
    "meta": 1577454458000,
    "relativePath": "model/prefab"
  },
  "f6e6dd15-71d1-4ffe-ace7-24fd39942c05": {
    "asset": 1577454458000,
    "meta": 1577454458000,
    "relativePath": "obsolete"
  },
  "f743d2b6-b7ea-4c14-a55b-547ed4d0a045": {
    "asset": 1577454458000,
    "meta": 1577454458000,
    "relativePath": "particle"
  },
  "ae6c6c98-11e4-452f-8758-75f5c6a56e83": {
    "asset": 1577454458000,
    "meta": 1577454458000,
    "relativePath": "prefab"
  },
  "a3ee0214-b432-4865-9666-4a3211814282": {
    "asset": 1577454458000,
    "meta": 1577454458000,
    "relativePath": "prefab/light"
  },
  "d8afc78c-4eac-4a9f-83dd-67bc70344d33": {
    "asset": 1577454458000,
    "meta": 1577454458000,
    "relativePath": "resources"
  },
  "294c1663-4adf-4a1e-a795-53808011a38a": {
    "asset": 1577454458000,
    "meta": 1577454458000,
    "relativePath": "resources/effects"
  },
  "bbee2217-c261-49bd-a8ce-708d6bcc3500": {
    "asset": 1577454458000,
    "meta": 1577454458000,
    "relativePath": "resources/materials"
  },
  "211f3cd4-946a-40bb-904c-70f214069fb2": {
    "asset": 1699097367802,
    "meta": 1583117917000,
    "relativePath": "res"
  },
  "6ee77335-bc06-4ec0-bb5e-65736a9fc8c3": {
    "asset": 1583117898000,
    "meta": 1583117917000,
    "relativePath": "res/AnimationClip"
  },
  "7dd84a40-601b-41c4-9821-d75215f31c89": {
    "asset": 1583117918000,
    "meta": 1699337208693,
    "relativePath": "res/AnimationClip/moreGameAni.anim"
  },
  "8fa28163-bb52-4f91-967b-d2079e09cf69": {
    "asset": 1583117918000,
    "meta": 1699337208694,
    "relativePath": "res/AnimationClip/moreGameAni_1.anim"
  },
  "7409c768-2261-431c-bf73-daadfff0df83": {
    "asset": 1699097367598,
    "meta": 1583117917000,
    "relativePath": "res/AudioClip"
  },
  "c65b8e14-b8a5-4e10-917e-613c7b0fde0e": {
    "asset": 1583117918000,
    "meta": 1699337208696,
    "relativePath": "res/AnimationClip/rmove.anim"
  },
  "5dd81b59-367c-4310-8adb-f6f1201df6f9": {
    "asset": 1570778684000,
    "meta": 1699337208698,
    "relativePath": "res/AudioClip/coin.mp3"
  },
  "ac2f19b8-fd03-45f7-864c-a7365d97f3d3": {
    "asset": 1570778684000,
    "meta": 1699337208701,
    "relativePath": "res/AudioClip/coin2.mp3"
  },
  "c92f79e6-eb09-4fe4-b35f-c6f203ddf2dc": {
    "asset": 1570778684000,
    "meta": 1699337208702,
    "relativePath": "res/AudioClip/bg.mp3"
  },
  "07c0bbac-fa9d-4a2a-a2ba-65db2ba7fc2f": {
    "asset": 1570778684000,
    "meta": 1699337208705,
    "relativePath": "res/AudioClip/collect.mp3"
  },
  "b48e174e-6186-4231-b7e6-c8b0efeea3dc": {
    "asset": 1570778684000,
    "meta": 1699337208705,
    "relativePath": "res/AudioClip/explo.mp3"
  },
  "68f910d8-cdb4-4b81-8d0a-5d991238771b": {
    "asset": 1570778684000,
    "meta": 1699337208707,
    "relativePath": "res/AudioClip/hit.mp3"
  },
  "0e8dcf24-f64b-4e5f-bc67-db609698da84": {
    "asset": 1570778684000,
    "meta": 1699337208708,
    "relativePath": "res/AudioClip/magnet.mp3"
  },
  "eeb0a125-d909-4ac1-ba7c-7c964eb16b87": {
    "asset": 1570778684000,
    "meta": 1699337208712,
    "relativePath": "res/AudioClip/quest.mp3"
  },
  "8cf81173-4f01-4b04-afee-410cdd244d82": {
    "asset": 1570778684000,
    "meta": 1699337208713,
    "relativePath": "res/AudioClip/shoot.mp3"
  },
  "c089a716-fa12-43ee-abd0-e84a0e8c526c": {
    "asset": 1570778684000,
    "meta": 1699337208716,
    "relativePath": "res/AudioClip/startShoot.mp3"
  },
  "765ad212-4cdb-423b-9717-799795d7af02": {
    "asset": 1699097367602,
    "meta": 1583117917000,
    "relativePath": "res/fnt"
  },
  "c35cdcdd-b031-4aa8-a089-fff7338f5a9e": {
    "asset": 1570778684000,
    "meta": 1699337208718,
    "relativePath": "res/AudioClip/times.mp3"
  },
  "7fb48414-e05d-4345-9536-9aad7cbd6ff4": {
    "asset": 1583117899000,
    "meta": 1699337211662,
    "relativePath": "res/fnt/gameFont.fnt"
  },
  "5e58b855-a755-4327-a60e-f82b59aceadb": {
    "asset": 1699097367765,
    "meta": 1583117917000,
    "relativePath": "res/images"
  },
  "c377dae5-953d-4fcb-95d7-81b6c687fe70": {
    "asset": 1570778684000,
    "meta": 1699337208732,
    "relativePath": "res/images/1_23.png"
  },
  "7ebdbe25-3a06-4969-a3c7-2c7b8ae2eb5f": {
    "asset": 1570778684000,
    "meta": 1699337208743,
    "relativePath": "res/images/1_25.png"
  },
  "5c865f98-83ed-47ae-b5d6-565176db0afa": {
    "asset": 1570778684000,
    "meta": 1699337208755,
    "relativePath": "res/fnt/gameFont_0.png"
  },
  "d8df76ae-0837-4f0e-b4cb-a1f4c7152175": {
    "asset": 1570778684000,
    "meta": 1699337208770,
    "relativePath": "res/images/123_06.png"
  },
  "98f5b7de-351a-405d-88dd-c73ca95a5cfd": {
    "asset": 1570778684000,
    "meta": 1699337208771,
    "relativePath": "res/images/123_03.png"
  },
  "8dd5c1d2-99f2-4357-bc10-be611f07d67f": {
    "asset": 1570778684000,
    "meta": 1699337208778,
    "relativePath": "res/images/123_14.png"
  },
  "13598347-1cfd-4639-af55-2e55edb2a9f3": {
    "asset": 1570778684000,
    "meta": 1699337208780,
    "relativePath": "res/images/123_26.png"
  },
  "3c51f78e-0150-4b7e-8d0f-10495fdc74d8": {
    "asset": 1570778684000,
    "meta": 1699337208787,
    "relativePath": "res/images/123_29.png"
  },
  "ff8410c0-933c-4e6d-91dc-b3c53f580049": {
    "asset": 1570778684000,
    "meta": 1699337208788,
    "relativePath": "res/images/123_32.png"
  },
  "1c5acbac-2044-4d93-b343-23570b180c2e": {
    "asset": 1570778684000,
    "meta": 1699337208797,
    "relativePath": "res/images/123_45.png"
  },
  "c509b39c-806e-4571-bd3f-79e8d4724668": {
    "asset": 1570778684000,
    "meta": 1699337208798,
    "relativePath": "res/images/123_42.png"
  },
  "f937c58a-8153-46d9-af06-b7300f70e463": {
    "asset": 1570778684000,
    "meta": 1699337208806,
    "relativePath": "res/images/back.png"
  },
  "649b11ab-9c85-4bcd-a6ec-0b42ad122865": {
    "asset": 1570778684000,
    "meta": 1699337208807,
    "relativePath": "res/images/21_03.png"
  },
  "07180872-bfe2-4bfa-8820-b5614c1a2cd1": {
    "asset": 1570778684000,
    "meta": 1699337208816,
    "relativePath": "res/images/baxi.png"
  },
  "43ad9ffc-e504-4bca-b3d5-7139a2b4c320": {
    "asset": 1570778684000,
    "meta": 1699337208818,
    "relativePath": "res/images/bar.png"
  },
  "5cf4b1b4-d6c2-49e3-a5c0-1480d7fb2925": {
    "asset": 1570778684000,
    "meta": 1699337208828,
    "relativePath": "res/images/bdhd.png"
  },
  "627df351-9b95-40c7-8d01-9d1bd53017ea": {
    "asset": 1570778684000,
    "meta": 1699337208829,
    "relativePath": "res/images/bg_cnaw.png"
  },
  "d8951a10-3097-48e6-9ce3-d9e06cfb3ea9": {
    "asset": 1570778684000,
    "meta": 1699337208837,
    "relativePath": "res/images/bg_ddd.png"
  },
  "fd3cbd55-4126-4d37-bb65-807028ad59d3": {
    "asset": 1570778684000,
    "meta": 1699337208845,
    "relativePath": "res/images/block.png"
  },
  "a73fddcb-ea75-4bfa-9445-af779564d625": {
    "asset": 1570778684000,
    "meta": 1699337208856,
    "relativePath": "res/images/block_1.png"
  },
  "13bda434-efd2-4788-b944-c3b5e677b09a": {
    "asset": 1570778684000,
    "meta": 1699337208867,
    "relativePath": "res/images/body.png"
  },
  "a7dd9c58-4390-41f3-915f-7020352b59ff": {
    "asset": 1570778684000,
    "meta": 1699337208876,
    "relativePath": "res/images/boutiqueDot.png"
  },
  "4c4d0e73-a924-461b-9b0a-afd6e6f300b5": {
    "asset": 1570778684000,
    "meta": 1699337208880,
    "relativePath": "res/images/boutiqueBg.png"
  },
  "f0ae9dc6-6b7e-4cf6-88cc-10a4272bc235": {
    "asset": 1570778684000,
    "meta": 1699337208885,
    "relativePath": "res/images/boutiqueFloat.png"
  },
  "2bfccb51-0a1e-4cd2-a5de-0b1a1e92911a": {
    "asset": 1570778684000,
    "meta": 1699337208888,
    "relativePath": "res/images/btn_01.png"
  },
  "18d6486d-a206-4b35-9347-5453de204dd0": {
    "asset": 1570778684000,
    "meta": 1699337208893,
    "relativePath": "res/images/btn_2000.png"
  },
  "fc56e1d0-170e-4635-904c-63893f17fd71": {
    "asset": 1570778684000,
    "meta": 1699337208897,
    "relativePath": "res/images/btn_5000.png"
  },
  "7757dc8f-430f-45b8-b99f-f341cdcd8844": {
    "asset": 1570778684000,
    "meta": 1699337208901,
    "relativePath": "res/images/btn_fuli.png"
  },
  "498f7a62-f31a-4cfe-90a5-ca97ec59f8f2": {
    "asset": 1570778684000,
    "meta": 1699337208905,
    "relativePath": "res/images/btn_gb_shop.png"
  },
  "d8afe1d2-13fd-4bd2-9310-508aa968439c": {
    "asset": 1570778684000,
    "meta": 1699337208908,
    "relativePath": "res/images/btn_gb.png"
  },
  "51e5f2e0-4ad7-4a61-a9d4-829e2c917d36": {
    "asset": 1570778684000,
    "meta": 1699337208919,
    "relativePath": "res/images/btn_jbb.png"
  },
  "7a4bf4b7-2cd6-474f-9a32-86e1d3f67a59": {
    "asset": 1570778684000,
    "meta": 1699337208920,
    "relativePath": "res/images/btn_hbye.png"
  },
  "d992d52a-dc09-4e02-8a72-64b1cdddf170": {
    "asset": 1570778684000,
    "meta": 1699337208933,
    "relativePath": "res/images/btn_jiesuan.png"
  },
  "8fa7a25f-064c-4830-b2b0-98f287d0dedb": {
    "asset": 1570778684000,
    "meta": 1699337208936,
    "relativePath": "res/images/btn_jspi.png"
  },
  "8d4d1485-2a97-43f5-ba94-fa3685e5e28b": {
    "asset": 1570778684000,
    "meta": 1699337208978,
    "relativePath": "res/images/btn_kuang.png"
  },
  "0a54a170-91e4-4a25-ab9c-6e6464a5ab70": {
    "asset": 1570778684000,
    "meta": 1699337208984,
    "relativePath": "res/images/btn_lq.png"
  },
  "503dd312-ce3d-4aa3-90aa-0859b0e13a59": {
    "asset": 1570778684000,
    "meta": 1699337208993,
    "relativePath": "res/images/btn_sblq_1.png"
  },
  "cca0b003-6e3e-4eae-ae7e-a03d06969cf1": {
    "asset": 1570778684000,
    "meta": 1699337208994,
    "relativePath": "res/images/btn_sblq.png"
  },
  "f2e1fdb6-2ab7-498d-a02e-6345c4652de5": {
    "asset": 1570778684000,
    "meta": 1699337209003,
    "relativePath": "res/images/btn_shipin.png"
  },
  "1f1daefc-a4ef-4f07-a54d-6ee1aac03f68": {
    "asset": 1570778684000,
    "meta": 1699337209004,
    "relativePath": "res/images/btn_sypi.png"
  },
  "d900591d-383c-4918-818a-9c02b5f20f52": {
    "asset": 1570778684000,
    "meta": 1699337209012,
    "relativePath": "res/images/close-btn.png"
  },
  "3656d77b-8624-4e6e-82e6-ed61ccb73bd9": {
    "asset": 1570778684000,
    "meta": 1699337209013,
    "relativePath": "res/images/btn_xcx.png"
  },
  "4ea3c5c1-a207-4c2a-b2e4-2e00d62699ca": {
    "asset": 1570778684000,
    "meta": 1699337209020,
    "relativePath": "res/images/close1.png"
  },
  "2e03d37b-dad4-4bd9-b6b2-a971fafaa74a": {
    "asset": 1570778684000,
    "meta": 1699337209023,
    "relativePath": "res/images/djs-y.png"
  },
  "f4be1be8-56f3-498c-a655-69f65a4af871": {
    "asset": 1570778684000,
    "meta": 1699337209032,
    "relativePath": "res/images/float.png"
  },
  "4cb93df6-3397-4123-9cd7-068cbc35f486": {
    "asset": 1570778684000,
    "meta": 1699337209033,
    "relativePath": "res/images/effect2.png"
  },
  "f7b27a9e-ee0f-4b5e-be04-1c8b545078ce": {
    "asset": 1570778684000,
    "meta": 1699337209044,
    "relativePath": "res/images/frame_02.png"
  },
  "95fb33ff-eb15-4578-9259-6c0e3f2c567f": {
    "asset": 1570778684000,
    "meta": 1699337209046,
    "relativePath": "res/images/frame_03.png"
  },
  "88e5b8bc-72cf-4328-9f6c-88c3593576ca": {
    "asset": 1570778684000,
    "meta": 1699337209068,
    "relativePath": "res/images/frame_ditut.png"
  },
  "95ff93fc-a341-489b-873e-b01182ed68a0": {
    "asset": 1570778684000,
    "meta": 1699337209069,
    "relativePath": "res/images/frame_ddku.png"
  },
  "cea48977-3856-4bcc-b19b-94778d0804cb": {
    "asset": 1570778684000,
    "meta": 1699337209078,
    "relativePath": "res/images/frame_xiaok2.png"
  },
  "894e687a-7e42-4dae-9cb7-c6847c53e276": {
    "asset": 1570778684000,
    "meta": 1699337209079,
    "relativePath": "res/images/frame_ditut2.png"
  },
  "40eb4095-ff46-40dc-ad95-73f61a194ff4": {
    "asset": 1570778684000,
    "meta": 1699337209087,
    "relativePath": "res/images/frame_xiaok3.png"
  },
  "744d7fe5-4437-49b6-996f-997064fe72db": {
    "asset": 1570778684000,
    "meta": 1699337209088,
    "relativePath": "res/images/free_btn.png"
  },
  "41f9d126-9e29-44f6-9ef7-961c22d72445": {
    "asset": 1570778684000,
    "meta": 1699337209096,
    "relativePath": "res/images/fuhuobtn.png"
  },
  "71f8cc3c-c190-4a5b-9a01-fee8c68e1f4f": {
    "asset": 1570778684000,
    "meta": 1699337209105,
    "relativePath": "res/images/gold.png"
  },
  "a1f421ae-d3cc-4045-803f-1b82a8bd224d": {
    "asset": 1570778684000,
    "meta": 1699337209106,
    "relativePath": "res/images/gameEndBg.png"
  },
  "c8739fc3-3bb4-47dc-8225-ea7232f8a7f1": {
    "asset": 1570778684000,
    "meta": 1699337209114,
    "relativePath": "res/images/hbIcon.png"
  },
  "c1bc6068-2bac-4354-be21-b9e32bbececf": {
    "asset": 1570778684000,
    "meta": 1699337209115,
    "relativePath": "res/images/hdjl-btn.png"
  },
  "e9f8e1a4-a886-4a1e-b077-9a6052a5e03c": {
    "asset": 1570778684000,
    "meta": 1699337209123,
    "relativePath": "res/images/hdjl-db.png"
  },
  "01ad72f3-a6f7-4750-b13d-515666195f34": {
    "asset": 1570778684000,
    "meta": 1699337209132,
    "relativePath": "res/images/hdjl-snack.png"
  },
  "b84be859-90e2-4eb5-be28-89096df6db04": {
    "asset": 1570778684000,
    "meta": 1699337209133,
    "relativePath": "res/images/hdjl-gift.png"
  },
  "9b4b849a-e4c4-4a41-906f-8f2bbae6cf8b": {
    "asset": 1570778684000,
    "meta": 1699337209142,
    "relativePath": "res/images/hdjl-text.png"
  },
  "9df0715c-fc8b-436e-9120-48b0154728bb": {
    "asset": 1570778684000,
    "meta": 1699337209143,
    "relativePath": "res/images/help2.png"
  },
  "f0baa3ba-7531-42b7-b7ac-d61f274b44fc": {
    "asset": 1570778684000,
    "meta": 1699337209152,
    "relativePath": "res/images/ht-btn.png"
  },
  "a4e62bd8-0c62-4ffd-b268-0507974e087c": {
    "asset": 1570778684000,
    "meta": 1699337209157,
    "relativePath": "res/images/ht-gg.png"
  },
  "1ebf3034-6c02-457a-b5e5-29f6c0693990": {
    "asset": 1570778684000,
    "meta": 1699337209162,
    "relativePath": "res/images/hudun.png"
  },
  "8fb062e8-c526-44d3-a5be-02e6fe4cbad3": {
    "asset": 1570778684000,
    "meta": 1699337209170,
    "relativePath": "res/images/icon.png"
  },
  "b4a92be0-3498-4a11-b7bb-e693021e7543": {
    "asset": 1570778684000,
    "meta": 1699337209177,
    "relativePath": "res/images/icon_jinbi.png"
  },
  "303b56bd-312a-4e2b-ace5-6fd46f811b84": {
    "asset": 1570778684000,
    "meta": 1699337209182,
    "relativePath": "res/images/img_20.png"
  },
  "578e9d57-6e5e-41c5-bf93-9b3eebdf447c": {
    "asset": 1570778684000,
    "meta": 1699337209189,
    "relativePath": "res/images/img_50.png"
  },
  "6ee81275-b656-4a76-9827-c3c2b1969ff2": {
    "asset": 1570778684000,
    "meta": 1699337209192,
    "relativePath": "res/images/img_djb.png"
  },
  "a22b4b26-dd29-4304-b97e-d0ce4ca733f8": {
    "asset": 1570778684000,
    "meta": 1699337209196,
    "relativePath": "res/images/img_gou_mr.png"
  },
  "82effba9-ddca-4069-bccd-d5b67f3c533b": {
    "asset": 1570778684000,
    "meta": 1699337209201,
    "relativePath": "res/images/img_jinbi_mr.png"
  },
  "ef2d8559-8ab9-4982-84cc-c98708f544f1": {
    "asset": 1570778684000,
    "meta": 1699337209204,
    "relativePath": "res/images/img_xfudai.png"
  },
  "7472c1dd-0230-48bc-bf39-a2dec91e3444": {
    "asset": 1570778684000,
    "meta": 1699337209209,
    "relativePath": "res/images/img_yk.png"
  },
  "b3e7c556-df8b-4a96-81a9-8b927e7489dc": {
    "asset": 1570778684000,
    "meta": 1699337209212,
    "relativePath": "res/images/jl-text-hejl.png"
  },
  "ad9b84c9-2d8e-425d-9c71-f4795d2a1a47": {
    "asset": 1570778684000,
    "meta": 1699337209220,
    "relativePath": "res/images/jl-xypf.png"
  },
  "a0ba7f02-41de-4bfa-8b14-899f7d4a71ba": {
    "asset": 1570778684000,
    "meta": 1699337209222,
    "relativePath": "res/images/juliBtn.png"
  },
  "fb68092e-0459-4926-9e21-c6106c2acd60": {
    "asset": 1570778684000,
    "meta": 1699337209231,
    "relativePath": "res/images/jx-spring.png"
  },
  "31f510eb-a7c3-4dc4-ba42-2e4b78021ceb": {
    "asset": 1570778684000,
    "meta": 1699337209232,
    "relativePath": "res/images/left.png"
  },
  "7f1e2128-acc6-4289-87c0-1cac0ae14be5": {
    "asset": 1570778684000,
    "meta": 1699337209239,
    "relativePath": "res/images/magnetic.png"
  },
  "fad28905-967a-481a-b167-08111c51fc40": {
    "asset": 1570778684000,
    "meta": 1699337209247,
    "relativePath": "res/images/min_light.png"
  },
  "84ffa863-34a8-47b0-9ecb-3715b4d43499": {
    "asset": 1570778684000,
    "meta": 1699337209251,
    "relativePath": "res/images/light.png"
  },
  "41d57b68-bb09-4d34-a33c-e58775fd41ac": {
    "asset": 1570778684000,
    "meta": 1699337209254,
    "relativePath": "res/images/pageSelect.png"
  },
  "1446a185-dc01-4d48-afd4-dd2ee6a81f3c": {
    "asset": 1570778684000,
    "meta": 1699337209257,
    "relativePath": "res/images/pageUnSelect.png"
  },
  "83e30070-5668-4ab7-9e81-8538dd264b93": {
    "asset": 1570778684000,
    "meta": 1699337209263,
    "relativePath": "res/images/particle_tail.png"
  },
  "0e9ab3a3-c8b3-459c-9ed8-3c35beb282ee": {
    "asset": 1570778684000,
    "meta": 1699337209272,
    "relativePath": "res/images/right.png"
  },
  "d678a9f1-2fcc-4cd2-884f-49f5785f2ec2": {
    "asset": 1570778684000,
    "meta": 1699337209281,
    "relativePath": "res/images/qzqy-spring.png"
  },
  "8279de14-173c-478d-ad3f-5121ea62a1fb": {
    "asset": 1570778684000,
    "meta": 1699337209284,
    "relativePath": "res/images/s_03.png"
  },
  "753413c4-73eb-4c73-9eb3-74f417d79ca0": {
    "asset": 1570778684000,
    "meta": 1699337209292,
    "relativePath": "res/images/select.png"
  },
  "b4697370-9d33-48af-8cf7-3a9f774b3a31": {
    "asset": 1570778684000,
    "meta": 1699337209294,
    "relativePath": "res/images/sysj-spring.png"
  },
  "29160667-5388-4075-a215-a6966e0debd8": {
    "asset": 1570778684000,
    "meta": 1699337209303,
    "relativePath": "res/images/tanchishe_09.png"
  },
  "054cf983-cd1a-42bd-8be5-8191fd765ba7": {
    "asset": 1570778684000,
    "meta": 1699337209307,
    "relativePath": "res/images/tanchishe_03.png"
  },
  "3998ec9e-d560-4fd9-8dd6-f96505e8e057": {
    "asset": 1570778684000,
    "meta": 1699337209313,
    "relativePath": "res/images/tanchishe_17.png"
  },
  "efe0e490-f325-4a2a-aab8-a3d0ce386ead": {
    "asset": 1570778684000,
    "meta": 1699337209318,
    "relativePath": "res/images/tanchishe_19.png"
  },
  "32f2f8b0-7bdd-4607-8a24-6d5a5d2e00ac": {
    "asset": 1570778684000,
    "meta": 1699337209325,
    "relativePath": "res/images/tanchishe_21.png"
  },
  "845e46cf-416e-4123-afaa-a36009161e69": {
    "asset": 1570778684000,
    "meta": 1699337209327,
    "relativePath": "res/images/tb-xy.png"
  },
  "2d1c6fb7-b292-4141-8ec1-992f6e8000fe": {
    "asset": 1570778684000,
    "meta": 1699337209342,
    "relativePath": "res/images/tcs-jst.png"
  },
  "eb4d81f2-407d-43f7-b6d0-8678fc1956be": {
    "asset": 1570778684000,
    "meta": 1699337209344,
    "relativePath": "res/images/txt_anniu.png"
  },
  "5971d690-69e4-4994-a714-1cf491f886bb": {
    "asset": 1570778684000,
    "meta": 1699337209356,
    "relativePath": "res/images/txt_dlq.png"
  },
  "d0edecb1-2b48-401f-9fbd-e9ac8d89dae9": {
    "asset": 1570778684000,
    "meta": 1699337209363,
    "relativePath": "res/images/txt_hdjb.png"
  },
  "60245e53-5b92-4512-85fb-075bf17b1a83": {
    "asset": 1570778684000,
    "meta": 1699337209374,
    "relativePath": "res/images/txt_mrqd.png"
  },
  "9844098a-e570-4aaf-b88d-0c713b1efa18": {
    "asset": 1570778684000,
    "meta": 1699337209380,
    "relativePath": "res/images/xc_03.png"
  },
  "4cf63fec-e5f1-4354-9dc8-277297d19127": {
    "asset": 1570778684000,
    "meta": 1699337209392,
    "relativePath": "res/images/xc_06.png"
  },
  "f6380667-87b2-49f5-a85d-93e2c8287a49": {
    "asset": 1570778684000,
    "meta": 1699337209400,
    "relativePath": "res/images/Xxx_03.png"
  },
  "cddaa19d-3337-4565-a2cf-792e3664cf27": {
    "asset": 1583117898000,
    "meta": 1583117917000,
    "relativePath": "res/ParticleAsset"
  },
  "14bde9c5-2521-4847-a20f-04f08e8ce246": {
    "asset": 1570778684000,
    "meta": 1699337209404,
    "relativePath": "res/images/youyongjinbiditu.png"
  },
  "978a40c9-bee0-49e2-ad70-5512a0fedf8f": {
    "asset": 1583117898000,
    "meta": 1699337211705,
    "relativePath": "res/ParticleAsset/block.plist"
  },
  "d96136cc-9d08-49d6-b54e-f0ba56df7ba1": {
    "asset": 1583117898000,
    "meta": 1699337211706,
    "relativePath": "res/ParticleAsset/body.plist"
  },
  "d7c8ccc1-ae97-4360-984a-e45d2d05f65f": {
    "asset": 1583117898000,
    "meta": 1583117917000,
    "relativePath": "res/Plist"
  },
  "8b070398-fdcf-485d-ae9e-a11826343f74": {
    "asset": 1583117898000,
    "meta": 1699337211712,
    "relativePath": "res/Plist/gold.plist"
  },
  "3ef149f6-bb22-467b-be72-575af0cbef29": {
    "asset": 1583117898000,
    "meta": 1699337211713,
    "relativePath": "res/ParticleAsset/particle_texture2.plist"
  },
  "393ab9e6-694d-428e-989d-f7246a262745": {
    "asset": 1583117898000,
    "meta": 1583117917000,
    "relativePath": "res/Prefab"
  },
  "ecee0ae2-9d79-4fa2-8060-61d51ef4fbcf": {
    "asset": 1699337209418,
    "meta": 1699337209418,
    "relativePath": "res/Prefab/bar.prefab"
  },
  "2c8e5e59-edbb-49d5-aada-9c2786362c31": {
    "asset": 1699337209422,
    "meta": 1699337209422,
    "relativePath": "res/Prefab/bgItem.prefab"
  },
  "7549d81d-db81-40e4-858f-986a0e14b92c": {
    "asset": 1583117898000,
    "meta": 1699337209425,
    "relativePath": "res/Plist/gold.png"
  },
  "dfd4c81d-dec9-409f-9cef-aead68fe40ec": {
    "asset": 1699337209429,
    "meta": 1699337209430,
    "relativePath": "res/Prefab/bgNode.prefab"
  },
  "dbf3e9a8-32de-47fe-88e1-5fa69316dc28": {
    "asset": 1699337209432,
    "meta": 1699337209433,
    "relativePath": "res/Prefab/block.prefab"
  },
  "f58a700c-388d-4a9d-8271-4dfce75990b3": {
    "asset": 1699337209442,
    "meta": 1699337209443,
    "relativePath": "res/Prefab/blockParticle.prefab"
  },
  "4062bb9a-76c3-4361-b0b1-42ce19da26d6": {
    "asset": 1699337209445,
    "meta": 1699337209446,
    "relativePath": "res/Prefab/body.prefab"
  },
  "a2ed2627-fb37-4349-943b-22377e0e0c52": {
    "asset": 1699337209448,
    "meta": 1699337209448,
    "relativePath": "res/Prefab/bodyParticle.prefab"
  },
  "c0e73a13-3969-4880-ab3c-99667d36ed8e": {
    "asset": 1699337209450,
    "meta": 1699337209451,
    "relativePath": "res/Prefab/boutiqueAdFab.prefab"
  },
  "b70bcdb6-1040-4a7e-8b21-f3f483aeb6c8": {
    "asset": 1699337209452,
    "meta": 1699337209453,
    "relativePath": "res/Prefab/boutiqueDockAD.prefab"
  },
  "40d22f05-ba41-4b31-a57d-58458a52c007": {
    "asset": 1699337209456,
    "meta": 1699337209457,
    "relativePath": "res/Prefab/btn_hb.prefab"
  },
  "2c4066d0-9552-4c73-8c05-37bfa58a1dc4": {
    "asset": 1699337209458,
    "meta": 1699337209459,
    "relativePath": "res/Prefab/btn_xcx.prefab"
  },
  "7489921c-7ee2-412c-ba14-c4a72b7a6257": {
    "asset": 1699337209465,
    "meta": 1699337209466,
    "relativePath": "res/Prefab/boxNode.prefab"
  },
  "9a3b54a5-1c39-4eb3-aaa5-e971aff1c3e9": {
    "asset": 1699337209469,
    "meta": 1699337209470,
    "relativePath": "res/Prefab/dynamicImage.prefab"
  },
  "1cc33e8d-c549-412d-a2e2-f857680c5d91": {
    "asset": 1699337209474,
    "meta": 1699337209476,
    "relativePath": "res/Prefab/dailyNode.prefab"
  },
  "0ad07d72-7245-47e7-be6b-bbb1a8792bf5": {
    "asset": 1699337209478,
    "meta": 1699337209478,
    "relativePath": "res/Prefab/dynamicImage2.prefab"
  },
  "9d93efae-5ddd-4b3b-b351-8457e5bb88a2": {
    "asset": 1699337209480,
    "meta": 1699337209481,
    "relativePath": "res/Prefab/food.prefab"
  },
  "10910a20-8fd0-47d5-b8c5-2fdb037da8c8": {
    "asset": 1699337209484,
    "meta": 1699337209485,
    "relativePath": "res/Prefab/fcShop.prefab"
  },
  "3b948e66-d538-4894-9de4-cd9ada084d3b": {
    "asset": 1699337209489,
    "meta": 1699337209490,
    "relativePath": "res/Prefab/fuliNode.prefab"
  },
  "552bdc7c-891d-4ba6-a08f-3207a56498f1": {
    "asset": 1699337209492,
    "meta": 1699337209493,
    "relativePath": "res/Prefab/getGoldNode.prefab"
  },
  "60425231-65c9-45b3-9b9c-bf39284a7594": {
    "asset": 1699337209499,
    "meta": 1699337209501,
    "relativePath": "res/Prefab/gameEnd.prefab"
  },
  "a4323209-44af-4fff-a73e-a5afc436a4ca": {
    "asset": 1699337209503,
    "meta": 1699337209504,
    "relativePath": "res/Prefab/guideNode.prefab"
  },
  "1d9fd1c5-f28b-4098-88d7-15586fe610e9": {
    "asset": 1699337209506,
    "meta": 1699337209507,
    "relativePath": "res/Prefab/Label.prefab"
  },
  "8fa0241f-3876-4d41-afab-629c92851ef7": {
    "asset": 1699337209518,
    "meta": 1699337209518,
    "relativePath": "res/Prefab/hbNode.prefab"
  },
  "bf84526a-36c0-43ad-afd5-8905a5dc1250": {
    "asset": 1699337209520,
    "meta": 1699337209522,
    "relativePath": "res/Prefab/loopDock.prefab"
  },
  "eb626b08-ad21-40b7-b0d8-7c9921c0f30c": {
    "asset": 1699337209521,
    "meta": 1699337209523,
    "relativePath": "res/Prefab/longbar.prefab"
  },
  "1b62c731-28c4-486a-a6fa-57141656ef60": {
    "asset": 1699337209525,
    "meta": 1699337209527,
    "relativePath": "res/Prefab/propBox.prefab"
  },
  "3188094a-9a5a-44ab-9140-fee582f73074": {
    "asset": 1699337209526,
    "meta": 1699337209528,
    "relativePath": "res/Prefab/shootBall.prefab"
  },
  "0425e7d4-a279-4371-afe8-cdd5cbb6aa39": {
    "asset": 1699337209530,
    "meta": 1699337209532,
    "relativePath": "res/Prefab/skill.prefab"
  },
  "455d24c4-6034-46f6-8cca-0a74e5b2cd11": {
    "asset": 1699337209531,
    "meta": 1699337209533,
    "relativePath": "res/Prefab/SkinBox.prefab"
  },
  "d4565f81-5bee-48fc-a2c7-ec162de4dd60": {
    "asset": 1699337209535,
    "meta": 1699337209536,
    "relativePath": "res/Prefab/skinItem.prefab"
  },
  "0c80d545-4af5-49d3-9bde-629ab7dcee5c": {
    "asset": 1699337209538,
    "meta": 1699337209539,
    "relativePath": "res/Prefab/skinNode.prefab"
  },
  "8542065e-6581-4eee-bdb8-aef59f356aca": {
    "asset": 1699097367884,
    "meta": 1583117917000,
    "relativePath": "resources"
  },
  "4e4efc83-3274-474a-9a46-c84ece882eee": {
    "asset": 1699097367816,
    "meta": 1583117917000,
    "relativePath": "resources/guide"
  },
  "ebe577cf-0815-4ce2-96c0-3290d3882a23": {
    "asset": 1699337209541,
    "meta": 1699337209543,
    "relativePath": "res/Prefab/sortNode.prefab"
  },
  "27b8cdc2-cfc9-4526-b4c3-70c918a23538": {
    "asset": 1570778684000,
    "meta": 1699337209554,
    "relativePath": "resources/guide/img_jiantou.png"
  },
  "e8c31e0a-0010-4d83-ac57-a0e0d6dcccca": {
    "asset": 1570778684000,
    "meta": 1699337209555,
    "relativePath": "resources/guide/img_xuehua.png"
  },
  "c9600244-8971-4002-9540-638dd2adc463": {
    "asset": 1570778684000,
    "meta": 1699337209564,
    "relativePath": "resources/guide/invincible_icon.png"
  },
  "268f1a36-7c08-47dd-b814-c22bcf3dc3c3": {
    "asset": 1570778684000,
    "meta": 1699337209566,
    "relativePath": "resources/guide/magnet_icon.png"
  },
  "53d582c4-4322-4346-9987-baa4ced1df7b": {
    "asset": 1570778684000,
    "meta": 1699337209577,
    "relativePath": "resources/guide/shoot_icon.png"
  },
  "bdc09a91-8c54-484a-859e-7b4303b8b20a": {
    "asset": 1570778684000,
    "meta": 1699337209578,
    "relativePath": "resources/guide/pp-transparency.png"
  },
  "0fbe1b49-fc5c-4f5a-a414-4b0a9b131fc0": {
    "asset": 1699097367830,
    "meta": 1583117917000,
    "relativePath": "resources/Scene"
  },
  "aa10b18b-e02f-4289-9ba9-a067b6c827af": {
    "asset": 1570778684000,
    "meta": 1699337209619,
    "relativePath": "resources/Scene/bg2.png"
  },
  "9046e8e7-5283-4078-bbc6-b870782c27ac": {
    "asset": 1570778684000,
    "meta": 1699337209620,
    "relativePath": "resources/Scene/bg3.png"
  },
  "dee14f8e-6de0-4afe-b914-21213d9c9f45": {
    "asset": 1570778684000,
    "meta": 1699337209633,
    "relativePath": "resources/Scene/bgLock.png"
  },
  "0852e12b-e588-46f7-b6cd-d570913127e7": {
    "asset": 1570778684000,
    "meta": 1699337209644,
    "relativePath": "resources/Scene/itembg1.png"
  },
  "6ddff79a-3765-401c-9d88-b24b083ab0bd": {
    "asset": 1570778684000,
    "meta": 1699337209657,
    "relativePath": "resources/Scene/itembg2.png"
  },
  "b47f30c3-5a57-4a80-9f70-b123f25cc38f": {
    "asset": 1570778684000,
    "meta": 1699337209663,
    "relativePath": "resources/Scene/bg4.png"
  },
  "41034b02-81c8-4623-a8fa-c06f3866c197": {
    "asset": 1570778684000,
    "meta": 1699337209670,
    "relativePath": "resources/Scene/itembg3.png"
  },
  "06a1a40a-9050-4785-b6e5-7c9eec43d321": {
    "asset": 1699097367880,
    "meta": 1583117917000,
    "relativePath": "resources/Skin"
  },
  "93ec0726-4214-4818-bd66-616658527ac1": {
    "asset": 1570778684000,
    "meta": 1699337209679,
    "relativePath": "resources/Skin/body_01.png"
  },
  "698c062d-db49-42de-bfa0-f5063c2f8bd4": {
    "asset": 1570778684000,
    "meta": 1699337209680,
    "relativePath": "resources/Scene/itembg4.png"
  },
  "83aa820d-5db0-4504-b05b-610eade38649": {
    "asset": 1570778684000,
    "meta": 1699337209689,
    "relativePath": "resources/Skin/body_02.png"
  },
  "21aa1928-eda6-4000-b5d7-d3231d3c271a": {
    "asset": 1570778684000,
    "meta": 1699337209691,
    "relativePath": "resources/Skin/body_03.png"
  },
  "b7a95124-be12-4ec2-bee7-47de15f84f74": {
    "asset": 1570778684000,
    "meta": 1699337209700,
    "relativePath": "resources/Skin/body_04.png"
  },
  "b9f3b1df-f5ca-4245-8863-0349c6c665f2": {
    "asset": 1570778684000,
    "meta": 1699337209701,
    "relativePath": "resources/Skin/body_05.png"
  },
  "b39be1a8-fdf5-4f71-abaf-e35bc1660476": {
    "asset": 1570778684000,
    "meta": 1699337209710,
    "relativePath": "resources/Skin/body_06.png"
  },
  "c0bc7e68-42be-4e17-9272-d2b9f176579c": {
    "asset": 1570778684000,
    "meta": 1699337209712,
    "relativePath": "resources/Skin/body_07.png"
  },
  "4aead90c-4e07-4b0c-8296-ee0a5d469221": {
    "asset": 1570778684000,
    "meta": 1699337209721,
    "relativePath": "resources/Skin/body_08.png"
  },
  "a09e89d0-233c-4dc9-a29a-912d14134b10": {
    "asset": 1570778684000,
    "meta": 1699337209722,
    "relativePath": "resources/Skin/body_09.png"
  },
  "9dc6a8b0-4c55-4da9-b5e4-7f7cf9945443": {
    "asset": 1570778684000,
    "meta": 1699337209732,
    "relativePath": "resources/Skin/body_10.png"
  },
  "c8f873a0-75ef-43c5-b84f-9a05e97f3c91": {
    "asset": 1570778684000,
    "meta": 1699337209734,
    "relativePath": "resources/Skin/body_11.png"
  },
  "870312e0-cae1-4f06-bc1a-71d894e771c2": {
    "asset": 1570778684000,
    "meta": 1699337209742,
    "relativePath": "resources/Skin/body_12.png"
  },
  "e52436a8-472c-41d3-9a89-4b4e3891e02a": {
    "asset": 1570778684000,
    "meta": 1699337209744,
    "relativePath": "resources/Skin/body_13.png"
  },
  "37b374ed-52f0-421c-938c-486776362591": {
    "asset": 1570778684000,
    "meta": 1699337209754,
    "relativePath": "resources/Skin/body_14.png"
  },
  "dfc4e53f-82b4-4687-801b-776731832259": {
    "asset": 1570778684000,
    "meta": 1699337209756,
    "relativePath": "resources/Skin/body_15.png"
  },
  "51c03e5c-360a-4011-95ea-b38add908a65": {
    "asset": 1570778684000,
    "meta": 1699337209764,
    "relativePath": "resources/Skin/body_16.png"
  },
  "8ee425b2-f050-4e2c-823c-d943dc6cccc5": {
    "asset": 1570778684000,
    "meta": 1699337209766,
    "relativePath": "resources/Skin/pifu_01.png"
  },
  "5cbb2faf-07c2-4c55-8134-239a112c5d00": {
    "asset": 1570778684000,
    "meta": 1699337209777,
    "relativePath": "resources/Skin/pifu_03.png"
  },
  "7bbb6c16-adc5-4d10-9a96-d56adec9b7af": {
    "asset": 1570778684000,
    "meta": 1699337209778,
    "relativePath": "resources/Skin/pifu_02.png"
  },
  "b1ec2233-2f4a-4dd6-b6bd-abf73d7ef30a": {
    "asset": 1570778684000,
    "meta": 1699337209787,
    "relativePath": "resources/Skin/pifu_04.png"
  },
  "c7808fa7-42df-4e92-b512-bed10a5ef057": {
    "asset": 1570778684000,
    "meta": 1699337209789,
    "relativePath": "resources/Skin/pifu_05.png"
  },
  "046db107-e0d3-4113-8afd-f66e147acc0f": {
    "asset": 1570778684000,
    "meta": 1699337209800,
    "relativePath": "resources/Skin/pifu_06.png"
  },
  "7b0b8f4a-2ec5-4de9-9c25-4d0374566256": {
    "asset": 1570778684000,
    "meta": 1699337209802,
    "relativePath": "resources/Skin/pifu_07.png"
  },
  "affbc163-f66f-4a65-8265-a84a089dbf31": {
    "asset": 1570778684000,
    "meta": 1699337209811,
    "relativePath": "resources/Skin/pifu_08.png"
  },
  "c83e985b-1dee-470c-86a1-07187e2f98d6": {
    "asset": 1570778684000,
    "meta": 1699337209813,
    "relativePath": "resources/Skin/pifu_09.png"
  },
  "ed36ddfb-4f9f-469a-80c4-54e15e50d8ee": {
    "asset": 1570778684000,
    "meta": 1699337209823,
    "relativePath": "resources/Skin/pifu_10.png"
  },
  "8e1fa254-3ee1-4f36-b0f8-b8490e58f7c4": {
    "asset": 1570778684000,
    "meta": 1699337209824,
    "relativePath": "resources/Skin/pifu_11.png"
  },
  "3b0f7d9f-ae02-458f-be10-d5f4fa2e7cfa": {
    "asset": 1570778684000,
    "meta": 1699337209835,
    "relativePath": "resources/Skin/pifu_13.png"
  },
  "41a34315-b842-4470-897d-7fc4d4d570bc": {
    "asset": 1570778684000,
    "meta": 1699337209836,
    "relativePath": "resources/Skin/pifu_12.png"
  },
  "3cf9ed0b-7cdc-4cc7-a07a-47bd51453743": {
    "asset": 1570778684000,
    "meta": 1699337209846,
    "relativePath": "resources/Skin/pifu_14.png"
  },
  "ee0e6121-46e0-4366-9cc4-aac1afec5779": {
    "asset": 1570778684000,
    "meta": 1699337209847,
    "relativePath": "resources/Skin/pifu_15.png"
  },
  "01047fac-8036-4e75-b168-ab231c4f0403": {
    "asset": 1699097367884,
    "meta": 1583117917000,
    "relativePath": "resources/toast"
  },
  "1ab2a078-1f18-4509-a390-5fbc59e44b21": {
    "asset": 1570778684000,
    "meta": 1699337209856,
    "relativePath": "resources/Skin/pifu_16.png"
  },
  "33e44586-c565-4851-bbdf-e47c13185bf8": {
    "asset": 1570778684000,
    "meta": 1699337209858,
    "relativePath": "resources/toast/bg_kuang1_yx.png"
  },
  "f2c105d6-9b5f-4391-9546-02f5c95165b6": {
    "asset": 1583117898000,
    "meta": 1583117917000,
    "relativePath": "Scene"
  },
  "70849a61-5829-409e-858d-990370e5105a": {
    "asset": 1699337209859,
    "meta": 1699337209860,
    "relativePath": "resources/toast/toast.prefab"
  },
  "9c716b43-f0ff-4f54-bd33-ffe7ac076482": {
    "asset": 1699337209863,
    "meta": 1699337209863,
    "relativePath": "Scene/loadingScene.fire"
  },
  "a9608726-2b5b-403c-b7ec-e85ab82a97a4": {
    "asset": 1699337209867,
    "meta": 1699337209868,
    "relativePath": "Scene/gameScene.fire"
  },
  "95411f85-c9ea-4017-ae2b-4a4fbbb8c6f6": {
    "asset": 1583117054000,
    "meta": 1583117917000,
    "relativePath": "src"
  },
  "11e3f97b-1d77-49ec-a000-9f97e083a9ea": {
    "asset": 1583115748000,
    "meta": 1699337210048,
    "relativePath": "src/AudioManager.js"
  },
  "7dba17bd-6d9d-415a-8de2-f37540d9e83b": {
    "asset": 1699337210062,
    "meta": 1699337210066,
    "relativePath": "Scene/mainScene.fire"
  },
  "5df1ce07-7a63-4c4f-bbd0-8cbb18e27990": {
    "asset": 1583115748000,
    "meta": 1699337210084,
    "relativePath": "src/bar.js"
  },
  "3bb6d94d-7879-40df-b07a-fa4d45494ad7": {
    "asset": 1583115748000,
    "meta": 1699337210126,
    "relativePath": "src/bgItem.js"
  },
  "240ab5ee-8e4f-4e7e-ba27-8404bb0b43d6": {
    "asset": 1583115748000,
    "meta": 1699337210201,
    "relativePath": "src/bgNode.js"
  },
  "2425d32a-ce9b-4468-8874-ec95c9467479": {
    "asset": 1583116980000,
    "meta": 1699337210210,
    "relativePath": "src/block.js"
  },
  "b4e2a761-b039-44b6-8c19-e88ea0a41917": {
    "asset": 1583115748000,
    "meta": 1699337210220,
    "relativePath": "src/blockParticle.js"
  },
  "3ca45cfe-b574-4214-9c34-d167d0a72f6c": {
    "asset": 1583115748000,
    "meta": 1699337210253,
    "relativePath": "src/bodyParticle.js"
  },
  "42196fc0-c53b-4720-a67b-9c5dac1ef276": {
    "asset": 1583115748000,
    "meta": 1699337210301,
    "relativePath": "src/BoutiqueDockAD.js"
  },
  "c74e898f-05e8-4cb9-a25e-2403150a7b77": {
    "asset": 1583115748000,
    "meta": 1699337210356,
    "relativePath": "src/BoutiquenamicImage.js"
  },
  "13e3d6ea-1e0f-4524-9e3a-4de59eb4fd32": {
    "asset": 1583115748000,
    "meta": 1699337210367,
    "relativePath": "src/boxNode.js"
  },
  "f7580cd3-741e-4fae-a386-53b1129c41f5": {
    "asset": 1583115748000,
    "meta": 1699337210415,
    "relativePath": "src/btn_hb.js"
  },
  "75bd314c-b5e7-4652-b837-3afe607902a9": {
    "asset": 1583115748000,
    "meta": 1699337210439,
    "relativePath": "src/dailyNode.js"
  },
  "6e818e66-ef84-48c2-9c35-2d305a189ce0": {
    "asset": 1583115748000,
    "meta": 1699337210493,
    "relativePath": "src/dockAD.js"
  },
  "994fcd38-8b36-4046-b87b-87c222542f13": {
    "asset": 1583115748000,
    "meta": 1699337210539,
    "relativePath": "src/dockdynamicImage.js"
  },
  "23e59639-e8d4-44e0-9059-c1b9979a8112": {
    "asset": 1583115748000,
    "meta": 1699337210591,
    "relativePath": "src/dynamicImage.js"
  },
  "a659cbd8-027c-4d72-bc9d-e52a05911d96": {
    "asset": 1583115748000,
    "meta": 1699337210599,
    "relativePath": "src/dynamicImage2.js"
  },
  "fb3ed2b5-c5e5-40b9-b7ae-466e93f3c742": {
    "asset": 1583115748000,
    "meta": 1699337210614,
    "relativePath": "src/fcShop.js"
  },
  "3a2a8a34-75f9-4265-a2b5-5c648121491b": {
    "asset": 1583115748000,
    "meta": 1699337210627,
    "relativePath": "src/food.js"
  },
  "27b7476a-8b5b-48b1-8b45-28c9e394ba34": {
    "asset": 1583115748000,
    "meta": 1699337210663,
    "relativePath": "src/fuliNode.js"
  },
  "66d949c4-b2a1-4675-8cb3-af25d2889b9d": {
    "asset": 1583116847000,
    "meta": 1699337210833,
    "relativePath": "src/gameEnd.js"
  },
  "6589ff5d-a99c-4ca9-a4d2-bf82dcc1d0af": {
    "asset": 1583115748000,
    "meta": 1699337210866,
    "relativePath": "src/gameMatrix.js"
  },
  "109c599f-fa0e-4c04-a23a-2f721c597829": {
    "asset": 1583115748000,
    "meta": 1699337210885,
    "relativePath": "src/gameScene.js"
  },
  "53606488-9469-4f33-9c62-330f4bfff81d": {
    "asset": 1583115748000,
    "meta": 1699337211098,
    "relativePath": "src/getGoldNode.js"
  },
  "b32dc59f-1291-4379-8927-f094de9cff3d": {
    "asset": 1583116865000,
    "meta": 1699337211112,
    "relativePath": "src/global.js"
  },
  "58c5d6fb-7421-4989-8670-f33cd07bf259": {
    "asset": 1583115748000,
    "meta": 1699337211125,
    "relativePath": "src/guideNode.js"
  },
  "43342659-d88a-4258-bd01-b5deb0869751": {
    "asset": 1583115748000,
    "meta": 1699337211147,
    "relativePath": "src/hbNode.js"
  },
  "e16dce6a-63e3-48c3-9e84-c93614b29714": {
    "asset": 1583116211000,
    "meta": 1699337211153,
    "relativePath": "src/HTTP.js"
  },
  "27ce9767-1cf9-4963-acaa-8f0a12dce25b": {
    "asset": 1583115748000,
    "meta": 1699337211179,
    "relativePath": "src/loading.js"
  },
  "4c0deab1-43c9-4d59-b502-26b99cf6663d": {
    "asset": 1583115748000,
    "meta": 1699337211235,
    "relativePath": "src/loopDock.js"
  },
  "94db3763-c81b-4fe7-bb84-a32364a67c9b": {
    "asset": 1583115748000,
    "meta": 1699337211335,
    "relativePath": "src/loopDockImgs.js"
  },
  "f7cac180-2f8a-422b-9f57-3887e2a19b19": {
    "asset": 1583115748000,
    "meta": 1699337211374,
    "relativePath": "src/mainScene.js"
  },
  "ea3eddf3-c595-4a4a-94e4-ed267b468c66": {
    "asset": 1583116230000,
    "meta": 1699337211392,
    "relativePath": "src/Md5.js"
  },
  "dd04438e-6ba7-444d-a472-561e6b73b0cf": {
    "asset": 1583117519000,
    "meta": 1699337211418,
    "relativePath": "src/poolNode.js"
  },
  "65f9b7fb-9d36-441e-a744-82c6336a523f": {
    "asset": 1583117486000,
    "meta": 1699337211441,
    "relativePath": "src/prefabPool.js"
  },
  "28d52b48-8d40-464b-84f4-f49eee8c0a14": {
    "asset": 1583115748000,
    "meta": 1699337211448,
    "relativePath": "src/propBox.js"
  },
  "56eb41a9-224a-4933-afe9-eca697761102": {
    "asset": 1583115748000,
    "meta": 1699337211457,
    "relativePath": "src/shootBall.js"
  },
  "25c8fa4c-1627-4585-a19b-07982de7e986": {
    "asset": 1583115748000,
    "meta": 1699337211467,
    "relativePath": "src/skill.js"
  },
  "81ca0e30-25ff-4c88-96b2-d40c998ee791": {
    "asset": 1583115748000,
    "meta": 1699337211481,
    "relativePath": "src/skinBox.js"
  },
  "b79335be-e39a-426c-99f9-b3699a503e98": {
    "asset": 1583115748000,
    "meta": 1699337211536,
    "relativePath": "src/skinItem.js"
  },
  "98a08245-fb8c-4bf3-b06f-7edeb22ce9ff": {
    "asset": 1583115748000,
    "meta": 1699337211568,
    "relativePath": "src/skinNode.js"
  },
  "217d085b-88bf-4c7b-b1ca-765852cdc23e": {
    "asset": 1583115748000,
    "meta": 1699337211597,
    "relativePath": "src/snake.js"
  },
  "ef52704d-7b4a-4dbb-8b9b-1058399f584e": {
    "asset": 1583115748000,
    "meta": 1699337211608,
    "relativePath": "src/snakeHead.js"
  },
  "2308555a-007f-405f-a7a5-839435cb6753": {
    "asset": 1583115748000,
    "meta": 1699337211654,
    "relativePath": "src/sortNode.js"
  },
  "cf39af33-7c12-48f7-81ef-22146def626c": {
    "asset": 1583117140000,
    "meta": 1699337211656,
    "relativePath": "src/wx.js"
  },
  "430eccbf-bf2c-4e6e-8c0c-884bbb487f32": {
    "asset": 1577454458000,
    "meta": 1699337301250,
    "relativePath": "effects/__builtin-editor-gizmo-line.effect"
  },
  "6c5cf6e1-b044-4eac-9431-835644d57381": {
    "asset": 1577454458000,
    "meta": 1699337301276,
    "relativePath": "effects/__builtin-editor-gizmo-unlit.effect"
  },
  "115286d1-2e10-49ee-aab4-341583f607e8": {
    "asset": 1577454458000,
    "meta": 1699337301341,
    "relativePath": "effects/__builtin-editor-gizmo.effect"
  },
  "abc2cb62-7852-4525-a90d-d474487b88f2": {
    "asset": 1577454458000,
    "meta": 1699337301435,
    "relativePath": "effects/builtin-phong.effect"
  },
  "e2f00085-c597-422d-9759-52c360279106": {
    "asset": 1577454458000,
    "meta": 1699337301437,
    "relativePath": "effects/builtin-toon.effect"
  },
  "71561142-4c83-4933-afca-cb7a17f67053": {
    "asset": 1577454458000,
    "meta": 1699337301449,
    "relativePath": "image/default_btn_disabled.png"
  },
  "e851e89b-faa2-4484-bea6-5c01dd9f06e2": {
    "asset": 1577454458000,
    "meta": 1699337301450,
    "relativePath": "image/default_btn_normal.png"
  },
  "edd215b9-2796-4a05-aaf5-81f96c9281ce": {
    "asset": 1577454458000,
    "meta": 1699337301460,
    "relativePath": "image/default_editbox_bg.png"
  },
  "b43ff3c2-02bb-4874-81f7-f2dea6970f18": {
    "asset": 1577454458000,
    "meta": 1699337301461,
    "relativePath": "image/default_btn_pressed.png"
  },
  "99170b0b-d210-46f1-b213-7d9e3f23098a": {
    "asset": 1577454458000,
    "meta": 1699337301471,
    "relativePath": "image/default_progressbar_bg.png"
  },
  "d81ec8ad-247c-4e62-aa3c-d35c4193c7af": {
    "asset": 1577454458000,
    "meta": 1699337301472,
    "relativePath": "image/default_panel.png"
  },
  "567dcd80-8bf4-4535-8a5a-313f1caf078a": {
    "asset": 1577454458000,
    "meta": 1699337301482,
    "relativePath": "image/default_radio_button_off.png"
  },
  "cfef78f1-c8df-49b7-8ed0-4c953ace2621": {
    "asset": 1577454458000,
    "meta": 1699337301483,
    "relativePath": "image/default_progressbar.png"
  },
  "9d60001f-b5f4-4726-a629-2659e3ded0b8": {
    "asset": 1577454458000,
    "meta": 1699337301494,
    "relativePath": "image/default_radio_button_on.png"
  },
  "4bab67cb-18e6-4099-b840-355f0473f890": {
    "asset": 1577454458000,
    "meta": 1699337301495,
    "relativePath": "image/default_scrollbar_bg.png"
  },
  "d6d3ca85-4681-47c1-b5dd-d036a9d39ea2": {
    "asset": 1577454458000,
    "meta": 1699337301504,
    "relativePath": "image/default_scrollbar_vertical.png"
  },
  "617323dd-11f4-4dd3-8eec-0caf6b3b45b9": {
    "asset": 1577454458000,
    "meta": 1699337301505,
    "relativePath": "image/default_scrollbar_vertical_bg.png"
  },
  "0275e94c-56a7-410f-bd1a-fc7483f7d14a": {
    "asset": 1577454458000,
    "meta": 1699337301513,
    "relativePath": "image/default_sprite_splash.png"
  },
  "0291c134-b3da-4098-b7b5-e397edbe947f": {
    "asset": 1577454458000,
    "meta": 1699337301515,
    "relativePath": "image/default_scrollbar.png"
  },
  "6e056173-d285-473c-b206-40a7fff5386e": {
    "asset": 1577454458000,
    "meta": 1699337301524,
    "relativePath": "image/default_sprite.png"
  },
  "73a0903d-d80e-4e3c-aa67-f999543c08f5": {
    "asset": 1577454458000,
    "meta": 1699337301525,
    "relativePath": "image/default_toggle_checkmark.png"
  },
  "c25b9d50-c8fc-4d27-beeb-6e7c1f2e5c0f": {
    "asset": 1577454458000,
    "meta": 1699337301533,
    "relativePath": "image/default_toggle_disabled.png"
  },
  "d29077ba-1627-4a72-9579-7b56a235340c": {
    "asset": 1577454458000,
    "meta": 1699337301535,
    "relativePath": "image/default_toggle_normal.png"
  },
  "c4480a0a-6ac5-443f-8b40-361a14257fc8": {
    "asset": 1577454458000,
    "meta": 1699337301537,
    "relativePath": "materials/builtin-phong.mtl"
  },
  "2be36297-9abb-4fee-8049-9ed5e271da8a": {
    "asset": 1577454458000,
    "meta": 1699337301542,
    "relativePath": "misc/default_video.mp4"
  },
  "a87cc147-01b2-43f8-8e42-a7ca90b0c757": {
    "asset": 1590148410069,
    "meta": 1699337301544,
    "relativePath": "model/prefab/box.prefab"
  },
  "b181c1e4-0a72-4a91-bfb0-ae6f36ca60bd": {
    "asset": 1577454458000,
    "meta": 1699337301546,
    "relativePath": "image/default_toggle_pressed.png"
  },
  "fe1417b6-fe6b-46a4-ae7c-9fd331f33a2a": {
    "asset": 1590148410070,
    "meta": 1699337301549,
    "relativePath": "model/prefab/capsule.prefab"
  },
  "b5fc2cf2-7942-483d-be1f-bbeadc4714ad": {
    "asset": 1590148410071,
    "meta": 1699337301549,
    "relativePath": "model/prefab/cone.prefab"
  },
  "1c5e4038-953a-44c2-b620-0bbfc6170477": {
    "asset": 1590148410073,
    "meta": 1699337301552,
    "relativePath": "model/prefab/cylinder.prefab"
  },
  "3f376125-a699-40ca-ad05-04d662eaa1f2": {
    "asset": 1590148410074,
    "meta": 1699337301554,
    "relativePath": "model/prefab/plane.prefab"
  },
  "2d9a4b85-b0ab-4c46-84c5-18f393ab2058": {
    "asset": 1590148410078,
    "meta": 1699337301557,
    "relativePath": "model/prefab/sphere.prefab"
  },
  "6c9ef10d-b479-420b-bfe6-39cdda6a8ae0": {
    "asset": 1590148410075,
    "meta": 1699337301557,
    "relativePath": "model/prefab/quad.prefab"
  },
  "de510076-056b-484f-b94c-83bef217d0e1": {
    "asset": 1590148410077,
    "meta": 1699337301568,
    "relativePath": "model/prefab/torus.prefab"
  },
  "8a96b965-2dc0-4e03-aa90-3b79cb93b5b4": {
    "asset": 1577454458000,
    "meta": 1699337301580,
    "relativePath": "obsolete/atom.png"
  },
  "b8223619-7e38-47c4-841f-9160c232495a": {
    "asset": 1577454458000,
    "meta": 1699337301775,
    "relativePath": "obsolete/atom.plist"
  },
  "b2687ac4-099e-403c-a192-ff477686f4f5": {
    "asset": 1577454458000,
    "meta": 1699337301776,
    "relativePath": "particle/atom.plist"
  },
  "d0a82d39-bede-46c4-b698-c81ff0dedfff": {
    "asset": 1577454458000,
    "meta": 1699337301589,
    "relativePath": "particle/atom.png"
  },
  "972b9a4d-47ee-4c74-b5c3-61d8a69bc29f": {
    "asset": 1590148410119,
    "meta": 1699337301591,
    "relativePath": "prefab/button.prefab"
  },
  "897ef7a1-4860-4f64-968d-f5924b18668a": {
    "asset": 1590148410121,
    "meta": 1699337301593,
    "relativePath": "prefab/camera.prefab"
  },
  "2c937608-2562-40ea-b264-7395df6f0cea": {
    "asset": 1590148410123,
    "meta": 1699337301595,
    "relativePath": "prefab/canvas.prefab"
  },
  "61aeb05b-3b32-452b-8eed-2b76deeed554": {
    "asset": 1590148410125,
    "meta": 1699337301596,
    "relativePath": "prefab/editbox.prefab"
  },
  "27756ebb-3d33-44b0-9b96-e858fadd4dd4": {
    "asset": 1590148410126,
    "meta": 1699337301597,
    "relativePath": "prefab/label.prefab"
  },
  "785a442c-3ceb-45be-a46e-7317f625f3b9": {
    "asset": 1590148410128,
    "meta": 1699337301599,
    "relativePath": "prefab/layout.prefab"
  },
  "61906da3-7003-4bda-9abc-5769c76faee4": {
    "asset": 1590148410130,
    "meta": 1699337301600,
    "relativePath": "prefab/light/ambient.prefab"
  },
  "ddb99b39-7004-47cd-9705-751905c43c46": {
    "asset": 1590148410131,
    "meta": 1699337301602,
    "relativePath": "prefab/light/directional.prefab"
  },
  "0cf30284-9073-46bc-9eba-e62b69dbbff3": {
    "asset": 1590148410132,
    "meta": 1699337301604,
    "relativePath": "prefab/light/point.prefab"
  },
  "f5331fd2-bf42-4ee3-a3fd-3e1657600eff": {
    "asset": 1590148410134,
    "meta": 1699337301606,
    "relativePath": "prefab/light/spot.prefab"
  },
  "ca8401fe-ad6e-41a8-bd46-8e3e4e9945be": {
    "asset": 1590148410135,
    "meta": 1699337301608,
    "relativePath": "prefab/pageview.prefab"
  },
  "cd33edea-55f5-46c2-958d-357a01384a36": {
    "asset": 1590148410137,
    "meta": 1699337301609,
    "relativePath": "prefab/particlesystem.prefab"
  },
  "5965ffac-69da-4b55-bcde-9225d0613c28": {
    "asset": 1590148410139,
    "meta": 1699337301611,
    "relativePath": "prefab/progressBar.prefab"
  },
  "4a37dd57-78cd-4cec-aad4-f11a73d12b63": {
    "asset": 1590148410140,
    "meta": 1699337301612,
    "relativePath": "prefab/richtext.prefab"
  },
  "32044bd2-481f-4cf1-a656-e2b2fb1594eb": {
    "asset": 1590148410142,
    "meta": 1699337301614,
    "relativePath": "prefab/scrollview.prefab"
  },
  "0004d1cf-a0ad-47d8-ab17-34d3db9d35a3": {
    "asset": 1590148410145,
    "meta": 1699337301615,
    "relativePath": "prefab/slider.prefab"
  },
  "1f55e3be-b89b-4b79-88de-47fd31018044": {
    "asset": 1590148410146,
    "meta": 1699337301617,
    "relativePath": "prefab/sprite_splash.prefab"
  },
  "96083d03-c332-4a3f-9386-d03e2d19e8ee": {
    "asset": 1590148410148,
    "meta": 1699337301618,
    "relativePath": "prefab/sprite.prefab"
  },
  "7de03a80-4457-438d-95a7-3e7cdffd6086": {
    "asset": 1590148410149,
    "meta": 1699337301620,
    "relativePath": "prefab/tiledmap.prefab"
  },
  "0e42ba95-1fa1-46aa-b2cf-143cd1bcee2c": {
    "asset": 1590148410153,
    "meta": 1699337301622,
    "relativePath": "prefab/tiledtile.prefab"
  },
  "0d784963-d024-4ea6-a7db-03be0ad63010": {
    "asset": 1590148410161,
    "meta": 1699337301623,
    "relativePath": "prefab/toggle.prefab"
  },
  "bf0a434c-84dd-4a8e-a08a-7a36f180cc75": {
    "asset": 1590148410165,
    "meta": 1699337301625,
    "relativePath": "prefab/toggleContainer.prefab"
  },
  "d1b8be49-b0a0-435c-83b7-552bed4bbe35": {
    "asset": 1590148410168,
    "meta": 1699337301627,
    "relativePath": "prefab/toggleGroup.prefab"
  },
  "232d2782-c4bd-4bb4-9e01-909f03d6d3b9": {
    "asset": 1590148410180,
    "meta": 1699337301628,
    "relativePath": "prefab/videoplayer.prefab"
  },
  "8c5001fd-07ee-4a4b-a8a0-63e15195e94d": {
    "asset": 1590148410196,
    "meta": 1699337301630,
    "relativePath": "prefab/webview.prefab"
  },
  "144c3297-af63-49e8-b8ef-1cfa29b3be28": {
    "asset": 1577454458000,
    "meta": 1699337301638,
    "relativePath": "resources/effects/builtin-2d-gray-sprite.effect"
  },
  "0e93aeaa-0b53-4e40-b8e0-6268b4e07bd7": {
    "asset": 1577454458000,
    "meta": 1699337301646,
    "relativePath": "resources/effects/builtin-2d-spine.effect"
  },
  "2874f8dd-416c-4440-81b7-555975426e93": {
    "asset": 1577454458000,
    "meta": 1699337301657,
    "relativePath": "resources/effects/builtin-2d-sprite.effect"
  },
  "c0040c95-c57f-49cd-9cbc-12316b73d0d4": {
    "asset": 1577454458000,
    "meta": 1699337301668,
    "relativePath": "resources/effects/builtin-clear-stencil.effect"
  },
  "79eafaef-b7ef-45d9-9c3f-591dc836fc7a": {
    "asset": 1577454458000,
    "meta": 1699337301689,
    "relativePath": "resources/effects/builtin-unlit-transparent.effect"
  },
  "6d91e591-4ce0-465c-809f-610ec95019c6": {
    "asset": 1577454458000,
    "meta": 1699337301706,
    "relativePath": "resources/effects/builtin-unlit.effect"
  },
  "6f801092-0c37-4f30-89ef-c8d960825b36": {
    "asset": 1577454458000,
    "meta": 1699337301708,
    "relativePath": "resources/materials/builtin-2d-base.mtl"
  },
  "3a7bb79f-32fd-422e-ada2-96f518fed422": {
    "asset": 1577454458000,
    "meta": 1699337301709,
    "relativePath": "resources/materials/builtin-2d-gray-sprite.mtl"
  },
  "7afd064b-113f-480e-b793-8817d19f63c3": {
    "asset": 1577454458000,
    "meta": 1699337301711,
    "relativePath": "resources/materials/builtin-2d-spine.mtl"
  },
  "eca5d2f2-8ef6-41c2-bbe6-f9c79d09c432": {
    "asset": 1577454458000,
    "meta": 1699337301720,
    "relativePath": "resources/materials/builtin-2d-sprite.mtl"
  },
  "cf7e0bb8-a81c-44a9-ad79-d28d43991032": {
    "asset": 1577454458000,
    "meta": 1699337301722,
    "relativePath": "resources/materials/builtin-clear-stencil.mtl"
  },
  "2a296057-247c-4a1c-bbeb-0548b6c98650": {
    "asset": 1577454458000,
    "meta": 1699337301740,
    "relativePath": "resources/materials/builtin-unlit.mtl"
  },
  "954fec8b-cd16-4bb9-a3b7-7719660e7558": {
    "asset": 1577454458000,
    "meta": 1699337301800,
    "relativePath": "model/primitives.fbx"
  }
}