[
  {
    "__type__": "cc.Prefab",
    "_name": "food",
    "data": {
      "__id__": 1
    },
    "optimizationPolicy": 0,
    "asyncLoadAssets": false,
    "readonly": false
  },
  {
    "__type__": "cc.Node",
    "_name": "food",
    "_components": [
      {
        "__type__": "cc.Sprite",
        "node": {
          "__id__": 1
        },
        "_spriteFrame": {
          "__uuid__": "54128c51-7ff1-4683-8d91-9722820a643d"
        }
      },
      {
        "__type__": "3a2a8o0dflCZaK1XGSBIUkb",
        "node": {
          "__id__": 1
        },
        "pickRadius": 36
      }
    ],
    "_prefab": {
      "__type__": "cc.PrefabInfo",
      "root": {
        "__id__": 1
      },
      "asset": {
        "__uuid__": "9d93efae-5ddd-4b3b-b351-8457e5bb88a2"
      },
      "fileId": "48y+gtDx9PrKB+Ax6g5SUy"
    },
    "_contentSize": {
      "__type__": "cc.Size",
      "width": 39,
      "height": 40
    },
    "_scale": {
      "__type__": "cc.Vec3",
      "x": 1,
      "y": 1,
      "z": 1
    },
    "_trs": {
      "__type__": "TypedArray",
      "ctor": "Float64Array",
      "array": [
        0,
        0,
        0,
        0,
        0,
        0,
        1,
        1,
        1,
        1
      ]
    }
  }
]