[
  {
    "__type__": "cc.Prefab",
    "_name": "boxNode",
    "data": {
      "__id__": 1
    },
    "optimizationPolicy": 0,
    "asyncLoadAssets": false,
    "readonly": false
  },
  {
    "__type__": "cc.Node",
    "_name": "boxNode",
    "_children": [
      {
        "__id__": 2
      },
      {
        "__id__": 3
      },
      {
        "__id__": 14
      },
      {
        "__id__": 25
      },
      {
        "__id__": 38
      }
    ],
    "_level": 1,
    "_components": [
      {
        "__type__": "cc.Widget",
        "node": {
          "__id__": 1
        },
        "alignMode": 0,
        "_alignFlags": 45
      },
      {
        "__type__": "13e3dbqHg9FJJ46TeWetP0y",
        "node": {
          "__id__": 1
        },
        "huDunNode": {
          "__id__": 3
        },
        "kaiJuDaoJuNode": {
          "__id__": 14
        },
        "propBaoXiang": {
          "__id__": 25
        },
        "skinNode": {
          "__id__": 38
        }
      },
      {
        "__type__": "cc.BlockInputEvents",
        "node": {
          "__id__": 1
        }
      }
    ],
    "_prefab": {
      "__type__": "cc.PrefabInfo",
      "root": {
        "__id__": 1
      },
      "asset": {
        "__uuid__": "7489921c-7ee2-412c-ba14-c4a72b7a6257"
      },
      "fileId": "67VM0fyiZFfYR/aW0rRfJ9"
    },
    "_contentSize": {
      "__type__": "cc.Size",
      "width": 720,
      "height": 1280
    },
    "_zIndex": 0,
    "_trs": {
      "__type__": "TypedArray",
      "ctor": "Float64Array",
      "array": [
        360,
        640,
        0,
        0,
        0,
        0,
        1,
        1,
        1,
        1
      ]
    }
  },
  {
    "__type__": "cc.Node",
    "_name": "bgColor",
    "_parent": {
      "__id__": 1
    },
    "_components": [
      {
        "__type__": "cc.Sprite",
        "node": {
          "__id__": 2
        },
        "_spriteFrame": {
          "__uuid__": "a23235d1-15db-4b95-8439-a2e005bfff91"
        },
        "_sizeMode": 0
      },
      {
        "__type__": "cc.Widget",
        "node": {
          "__id__": 2
        },
        "alignMode": 0,
        "_alignFlags": 45,
        "_originalWidth": 100,
        "_originalHeight": 100
      }
    ],
    "_prefab": {
      "__type__": "cc.PrefabInfo",
      "root": {
        "__id__": 1
      },
      "asset": {
        "__uuid__": "7489921c-7ee2-412c-ba14-c4a72b7a6257"
      },
      "fileId": "c03pyu57VKxYpPSSWdXrIK"
    },
    "_opacity": 125,
    "_color": {
      "__type__": "cc.Color"
    },
    "_contentSize": {
      "__type__": "cc.Size",
      "width": 720,
      "height": 1280
    },
    "_zIndex": 0,
    "_trs": {
      "__type__": "TypedArray",
      "ctor": "Float64Array",
      "array": [
        0,
        0,
        0,
        0,
        0,
        0,
        1,
        1,
        1,
        1
      ]
    }
  },
  {
    "__type__": "cc.Node",
    "_name": "huDunNode",
    "_objFlags": 512,
    "_parent": {
      "__id__": 1
    },
    "_children": [
      {
        "__id__": 4
      },
      {
        "__id__": 5
      },
      {
        "__id__": 8
      },
      {
        "__id__": 9
      },
      {
        "__id__": 11
      }
    ],
    "_active": false,
    "_components": [
      {
        "__type__": "cc.Sprite",
        "node": {
          "__id__": 3
        },
        "_spriteFrame": {
          "__uuid__": "1664af47-a2cf-4a08-bc72-34e5551572f2"
        },
        "_sizeMode": 2
      },
      {
        "__type__": "cc.Widget",
        "node": {
          "__id__": 3
        },
        "alignMode": 0,
        "_alignFlags": 18,
        "_verticalCenter": -200
      }
    ],
    "_prefab": {
      "__type__": "cc.PrefabInfo",
      "root": {
        "__id__": 1
      },
      "asset": {
        "__uuid__": "7489921c-7ee2-412c-ba14-c4a72b7a6257"
      },
      "fileId": "f97745srJE9ZCizSJ4FGyN"
    },
    "_contentSize": {
      "__type__": "cc.Size",
      "width": 720,
      "height": 230
    },
    "_zIndex": 0,
    "_trs": {
      "__type__": "TypedArray",
      "ctor": "Float64Array",
      "array": [
        null,
        -200,
        0,
        0,
        0,
        0,
        1,
        1,
        1,
        1
      ]
    }
  },
  {
    "__type__": "cc.Node",
    "_name": "contentLb",
    "_parent": {
      "__id__": 3
    },
    "_components": [
      {
        "__type__": "cc.Label",
        "node": {
          "__id__": 4
        },
        "_useOriginalSize": false,
        "_string": "危险！！！\n送你一个无敌道具，助你追上好友",
        "_N$string": "危险！！！\n送你一个无敌道具，助你追上好友",
        "_fontSize": 30,
        "_lineHeight": 32,
        "_N$verticalAlign": 1,
        "_N$overflow": 2
      }
    ],
    "_prefab": {
      "__type__": "cc.PrefabInfo",
      "root": {
        "__id__": 1
      },
      "asset": {
        "__uuid__": "7489921c-7ee2-412c-ba14-c4a72b7a6257"
      },
      "fileId": "d7+LEYHBdIJ7gpi4uZdMM+"
    },
    "_contentSize": {
      "__type__": "cc.Size",
      "width": 456,
      "height": 80
    },
    "_zIndex": 0,
    "_trs": {
      "__type__": "TypedArray",
      "ctor": "Float64Array",
      "array": [
        87,
        45,
        0,
        0,
        0,
        0,
        1,
        1,
        1,
        1
      ]
    }
  },
  {
    "__type__": "cc.Node",
    "_name": "btnUse",
    "_parent": {
      "__id__": 3
    },
    "_children": [
      {
        "__id__": 6
      },
      {
        "__id__": 7
      }
    ],
    "_active": false,
    "_components": [
      {
        "__type__": "cc.Sprite",
        "node": {
          "__id__": 5
        },
        "_spriteFrame": {
          "__uuid__": "03639f9e-7b46-412b-b37b-f36b485edef7"
        },
        "_sizeMode": 2
      },
      {
        "__type__": "cc.Button",
        "node": {
          "__id__": 5
        },
        "clickEvents": [
          {
            "__type__": "cc.ClickEvent",
            "target": {
              "__id__": 1
            },
            "_componentId": "13e3dbqHg9FJJ46TeWetP0y",
            "handler": "btnUseHuDunClick"
          }
        ],
        "_N$transition": 3,
        "transition": 3,
        "_N$normalColor": {
          "__type__": "cc.Color",
          "r": 255,
          "g": 255,
          "b": 255
        },
        "_N$pressedColor": {
          "__type__": "cc.Color",
          "r": 255,
          "g": 255,
          "b": 255
        },
        "pressedColor": {
          "__type__": "cc.Color",
          "r": 255,
          "g": 255,
          "b": 255
        },
        "_N$disabledColor": {
          "__type__": "cc.Color",
          "r": 255,
          "g": 255,
          "b": 255
        },
        "_N$normalSprite": {
          "__uuid__": "f0048c10-f03e-4c97-b9d3-3506e1d58952"
        },
        "_N$pressedSprite": {
          "__uuid__": "e9ec654c-97a2-4787-9325-e6a10375219a"
        },
        "pressedSprite": {
          "__uuid__": "e9ec654c-97a2-4787-9325-e6a10375219a"
        },
        "_N$hoverSprite": {
          "__uuid__": "e9ec654c-97a2-4787-9325-e6a10375219a"
        },
        "hoverSprite": {
          "__uuid__": "e9ec654c-97a2-4787-9325-e6a10375219a"
        },
        "_N$disabledSprite": {
          "__uuid__": "29158224-f8dd-4661-a796-1ffab537140e"
        },
        "_N$target": {
          "__id__": 5
        }
      }
    ],
    "_prefab": {
      "__type__": "cc.PrefabInfo",
      "root": {
        "__id__": 1
      },
      "asset": {
        "__uuid__": "7489921c-7ee2-412c-ba14-c4a72b7a6257"
      },
      "fileId": "11ID7SB4lJwrhgwhCWG7yO"
    },
    "_contentSize": {
      "__type__": "cc.Size",
      "width": 225,
      "height": 75
    },
    "_zIndex": 0,
    "_trs": {
      "__type__": "TypedArray",
      "ctor": "Float64Array",
      "array": [
        null,
        -53.3,
        0,
        0,
        0,
        0,
        1,
        1,
        1,
        1
      ]
    }
  },
  {
    "__type__": "cc.Node",
    "_name": "time",
    "_parent": {
      "__id__": 5
    },
    "_components": [
      {
        "__type__": "cc.Label",
        "node": {
          "__id__": 6
        },
        "_useOriginalSize": false,
        "_string": "(15s)",
        "_N$string": "(15s)",
        "_fontSize": 30,
        "_N$verticalAlign": 1
      }
    ],
    "_prefab": {
      "__type__": "cc.PrefabInfo",
      "root": {
        "__id__": 1
      },
      "asset": {
        "__uuid__": "7489921c-7ee2-412c-ba14-c4a72b7a6257"
      },
      "fileId": "4fWyq8dB5Mgop6DNkcLBFa"
    },
    "_color": {
      "__type__": "cc.Color"
    },
    "_contentSize": {
      "__type__": "cc.Size",
      "width": 68.35,
      "height": 40
    },
    "_zIndex": 0,
    "_trs": {
      "__type__": "TypedArray",
      "ctor": "Float64Array",
      "array": [
        46.9,
        null,
        0,
        0,
        0,
        0,
        1,
        1,
        1,
        1
      ]
    }
  },
  {
    "__type__": "cc.Node",
    "_name": "Label",
    "_parent": {
      "__id__": 5
    },
    "_components": [
      {
        "__type__": "cc.Label",
        "node": {
          "__id__": 7
        },
        "_useOriginalSize": false,
        "_string": "使用",
        "_N$string": "使用",
        "_fontSize": 36,
        "_enableWrapText": false,
        "_N$horizontalAlign": 1,
        "_N$verticalAlign": 1,
        "_N$overflow": 1
      }
    ],
    "_prefab": {
      "__type__": "cc.PrefabInfo",
      "root": {
        "__id__": 1
      },
      "asset": {
        "__uuid__": "7489921c-7ee2-412c-ba14-c4a72b7a6257"
      },
      "fileId": "19/6rKMFNFM4xFJH+iMrdl"
    },
    "_color": {
      "__type__": "cc.Color"
    },
    "_contentSize": {
      "__type__": "cc.Size",
      "width": 70.7,
      "height": 40
    },
    "_zIndex": 0,
    "_trs": {
      "__type__": "TypedArray",
      "ctor": "Float64Array",
      "array": [
        -37.4,
        null,
        0,
        0,
        0,
        0,
        1,
        1,
        1,
        1
      ]
    }
  },
  {
    "__type__": "cc.Node",
    "_name": "icon",
    "_parent": {
      "__id__": 3
    },
    "_components": [
      {
        "__type__": "cc.Sprite",
        "node": {
          "__id__": 8
        },
        "_spriteFrame": {
          "__uuid__": "540e9f14-da60-4186-bfbf-0b32d6806fc4"
        }
      }
    ],
    "_prefab": {
      "__type__": "cc.PrefabInfo",
      "root": {
        "__id__": 1
      },
      "asset": {
        "__uuid__": "7489921c-7ee2-412c-ba14-c4a72b7a6257"
      },
      "fileId": "0c69aTXutIF7UvnGE9iAuS"
    },
    "_contentSize": {
      "__type__": "cc.Size",
      "width": 98,
      "height": 98
    },
    "_zIndex": 0,
    "_trs": {
      "__type__": "TypedArray",
      "ctor": "Float64Array",
      "array": [
        -219.6,
        32.8,
        0,
        0,
        0,
        0,
        1,
        1,
        1,
        1
      ]
    }
  },
  {
    "__type__": "cc.Node",
    "_name": "btnClose",
    "_parent": {
      "__id__": 3
    },
    "_children": [
      {
        "__id__": 10
      }
    ],
    "_active": false,
    "_level": 1,
    "_components": [
      {
        "__type__": "cc.Sprite",
        "node": {
          "__id__": 9
        },
        "_sizeMode": 0
      },
      {
        "__type__": "cc.Button",
        "node": {
          "__id__": 9
        },
        "clickEvents": [
          {
            "__type__": "cc.ClickEvent",
            "target": {
              "__id__": 1
            },
            "_componentId": "13e3dbqHg9FJJ46TeWetP0y",
            "handler": "btnCloseClick"
          }
        ],
        "_N$transition": 3,
        "transition": 3,
        "_N$normalColor": {
          "__type__": "cc.Color",
          "r": 255,
          "g": 255,
          "b": 255
        },
        "_N$pressedColor": {
          "__type__": "cc.Color",
          "r": 255,
          "g": 255,
          "b": 255
        },
        "pressedColor": {
          "__type__": "cc.Color",
          "r": 255,
          "g": 255,
          "b": 255
        },
        "_N$disabledColor": {
          "__type__": "cc.Color",
          "r": 255,
          "g": 255,
          "b": 255
        },
        "_N$normalSprite": {
          "__uuid__": "f0048c10-f03e-4c97-b9d3-3506e1d58952"
        },
        "_N$pressedSprite": {
          "__uuid__": "e9ec654c-97a2-4787-9325-e6a10375219a"
        },
        "pressedSprite": {
          "__uuid__": "e9ec654c-97a2-4787-9325-e6a10375219a"
        },
        "_N$hoverSprite": {
          "__uuid__": "f0048c10-f03e-4c97-b9d3-3506e1d58952"
        },
        "hoverSprite": {
          "__uuid__": "f0048c10-f03e-4c97-b9d3-3506e1d58952"
        },
        "_N$disabledSprite": {
          "__uuid__": "29158224-f8dd-4661-a796-1ffab537140e"
        },
        "_N$target": {
          "__id__": 9
        }
      }
    ],
    "_prefab": {
      "__type__": "cc.PrefabInfo",
      "root": {
        "__id__": 1
      },
      "asset": {
        "__uuid__": "7489921c-7ee2-412c-ba14-c4a72b7a6257"
      },
      "fileId": "aehVPgqL9Jjqhhg1uNtOTh"
    },
    "_opacity": 125,
    "_contentSize": {
      "__type__": "cc.Size",
      "width": 50,
      "height": 50
    },
    "_zIndex": 0,
    "_trs": {
      "__type__": "TypedArray",
      "ctor": "Float64Array",
      "array": [
        337,
        95,
        0,
        0,
        0,
        0,
        1,
        1,
        1,
        1
      ]
    }
  },
  {
    "__type__": "cc.Node",
    "_name": "close",
    "_parent": {
      "__id__": 9
    },
    "_level": 2,
    "_components": [
      {
        "__type__": "cc.Sprite",
        "node": {
          "__id__": 10
        },
        "_spriteFrame": {
          "__uuid__": "36dcb6fd-7a3e-474e-9a50-480b4677bc6c"
        },
        "_sizeMode": 0
      }
    ],
    "_prefab": {
      "__type__": "cc.PrefabInfo",
      "root": {
        "__id__": 1
      },
      "asset": {
        "__uuid__": "7489921c-7ee2-412c-ba14-c4a72b7a6257"
      },
      "fileId": "ffurMKTU5MzoC7xR5s1T5J"
    },
    "_opacity": 125,
    "_contentSize": {
      "__type__": "cc.Size",
      "width": 23,
      "height": 23
    },
    "_zIndex": 0,
    "_trs": {
      "__type__": "TypedArray",
      "ctor": "Float64Array",
      "array": [
        0,
        0,
        0,
        0,
        0,
        0,
        1,
        1,
        1,
        1
      ]
    }
  },
  {
    "__type__": "cc.Node",
    "_name": "btnVideo",
    "_parent": {
      "__id__": 3
    },
    "_children": [
      {
        "__id__": 12
      }
    ],
    "_level": 1,
    "_components": [
      {
        "__type__": "cc.Sprite",
        "node": {
          "__id__": 11
        },
        "_spriteFrame": {
          "__uuid__": "03639f9e-7b46-412b-b37b-f36b485edef7"
        },
        "_type": 1,
        "_sizeMode": 0
      },
      {
        "__type__": "cc.Button",
        "node": {
          "__id__": 11
        },
        "clickEvents": [
          {
            "__type__": "cc.ClickEvent",
            "target": {
              "__id__": 1
            },
            "_componentId": "13e3dbqHg9FJJ46TeWetP0y",
            "handler": "videoClick"
          }
        ],
        "_N$transition": 3,
        "transition": 3,
        "_N$normalColor": {
          "__type__": "cc.Color",
          "r": 255,
          "g": 255,
          "b": 255
        },
        "_N$pressedColor": {
          "__type__": "cc.Color",
          "r": 255,
          "g": 255,
          "b": 255
        },
        "pressedColor": {
          "__type__": "cc.Color",
          "r": 255,
          "g": 255,
          "b": 255
        },
        "_N$disabledColor": {
          "__type__": "cc.Color",
          "r": 255,
          "g": 255,
          "b": 255
        },
        "_N$normalSprite": {
          "__uuid__": "03639f9e-7b46-412b-b37b-f36b485edef7"
        },
        "_N$pressedSprite": {
          "__uuid__": "e9ec654c-97a2-4787-9325-e6a10375219a"
        },
        "pressedSprite": {
          "__uuid__": "e9ec654c-97a2-4787-9325-e6a10375219a"
        },
        "_N$hoverSprite": {
          "__uuid__": "f0048c10-f03e-4c97-b9d3-3506e1d58952"
        },
        "hoverSprite": {
          "__uuid__": "f0048c10-f03e-4c97-b9d3-3506e1d58952"
        },
        "_N$disabledSprite": {
          "__uuid__": "29158224-f8dd-4661-a796-1ffab537140e"
        },
        "_N$target": {
          "__id__": 11
        }
      }
    ],
    "_prefab": {
      "__type__": "cc.PrefabInfo",
      "root": {
        "__id__": 1
      },
      "asset": {
        "__uuid__": "7489921c-7ee2-412c-ba14-c4a72b7a6257"
      },
      "fileId": "e327RWEehOY5gfIgLlI/x3"
    },
    "_contentSize": {
      "__type__": "cc.Size",
      "width": 225,
      "height": 75
    },
    "_zIndex": 0,
    "_trs": {
      "__type__": "TypedArray",
      "ctor": "Float64Array",
      "array": [
        null,
        -53.3,
        0,
        0,
        0,
        0,
        1,
        1,
        1,
        1
      ]
    }
  },
  {
    "__type__": "cc.Node",
    "_name": "video",
    "_parent": {
      "__id__": 11
    },
    "_children": [
      {
        "__id__": 13
      }
    ],
    "_level": 2,
    "_components": [
      {
        "__type__": "cc.Sprite",
        "node": {
          "__id__": 12
        },
        "_sizeMode": 0
      }
    ],
    "_prefab": {
      "__type__": "cc.PrefabInfo",
      "root": {
        "__id__": 1
      },
      "asset": {
        "__uuid__": "7489921c-7ee2-412c-ba14-c4a72b7a6257"
      },
      "fileId": "1dTugOVRlAeaDGjBUNKfsz"
    },
    "_zIndex": 0,
    "_trs": {
      "__type__": "TypedArray",
      "ctor": "Float64Array",
      "array": [
        6,
        null,
        0,
        0,
        0,
        0,
        1,
        1,
        1,
        1
      ]
    }
  },
  {
    "__type__": "cc.Node",
    "_name": "Label",
    "_parent": {
      "__id__": 12
    },
    "_level": 3,
    "_components": [
      {
        "__type__": "cc.Label",
        "node": {
          "__id__": 13
        },
        "_useOriginalSize": false,
        "_string": "免费使用 ",
        "_N$string": "免费使用 ",
        "_fontSize": 30,
        "_lineHeight": 36,
        "_enableWrapText": false,
        "_N$horizontalAlign": 1,
        "_N$verticalAlign": 1,
        "_N$overflow": 2
      },
      {
        "__type__": "cc.Widget",
        "node": {
          "__id__": 13
        },
        "_alignFlags": 8,
        "_left": -65.75,
        "_right": -143,
        "_originalWidth": 144
      }
    ],
    "_prefab": {
      "__type__": "cc.PrefabInfo",
      "root": {
        "__id__": 1
      },
      "asset": {
        "__uuid__": "7489921c-7ee2-412c-ba14-c4a72b7a6257"
      },
      "fileId": "85l1wF4l5LGrJvbp+SlXpW"
    },
    "_color": {
      "__type__": "cc.Color"
    },
    "_contentSize": {
      "__type__": "cc.Size",
      "width": 131.5,
      "height": 36.9
    },
    "_zIndex": 0,
    "_trs": {
      "__type__": "TypedArray",
      "ctor": "Float64Array",
      "array": [
        0,
        0,
        0,
        0,
        0,
        0,
        1,
        1,
        1,
        1
      ]
    }
  },
  {
    "__type__": "cc.Node",
    "_name": "kaiJuDaoJuNode",
    "_objFlags": 512,
    "_parent": {
      "__id__": 1
    },
    "_children": [
      {
        "__id__": 15
      },
      {
        "__id__": 16
      },
      {
        "__id__": 19
      },
      {
        "__id__": 20
      },
      {
        "__id__": 22
      }
    ],
    "_components": [
      {
        "__type__": "cc.Sprite",
        "node": {
          "__id__": 14
        },
        "_spriteFrame": {
          "__uuid__": "1664af47-a2cf-4a08-bc72-34e5551572f2"
        },
        "_sizeMode": 2
      },
      {
        "__type__": "cc.Widget",
        "node": {
          "__id__": 14
        },
        "alignMode": 0,
        "_alignFlags": 18,
        "_verticalCenter": -200
      }
    ],
    "_prefab": {
      "__type__": "cc.PrefabInfo",
      "root": {
        "__id__": 1
      },
      "asset": {
        "__uuid__": "7489921c-7ee2-412c-ba14-c4a72b7a6257"
      },
      "fileId": "7b4kUb0EREFpo72fiCn50K"
    },
    "_contentSize": {
      "__type__": "cc.Size",
      "width": 720,
      "height": 230
    },
    "_zIndex": 0,
    "_trs": {
      "__type__": "TypedArray",
      "ctor": "Float64Array",
      "array": [
        null,
        -200,
        0,
        0,
        0,
        0,
        1,
        1,
        1,
        1
      ]
    }
  },
  {
    "__type__": "cc.Node",
    "_name": "contentLb",
    "_parent": {
      "__id__": 14
    },
    "_components": [
      {
        "__type__": "cc.Label",
        "node": {
          "__id__": 15
        },
        "_useOriginalSize": false,
        "_string": "送你一个无敌，为你无敌冲刺8秒",
        "_N$string": "送你一个无敌，为你无敌冲刺8秒",
        "_fontSize": 30,
        "_lineHeight": 32,
        "_N$verticalAlign": 1,
        "_N$overflow": 2
      }
    ],
    "_prefab": {
      "__type__": "cc.PrefabInfo",
      "root": {
        "__id__": 1
      },
      "asset": {
        "__uuid__": "7489921c-7ee2-412c-ba14-c4a72b7a6257"
      },
      "fileId": "04nfWhUwZCb5h8fmf1pvKP"
    },
    "_contentSize": {
      "__type__": "cc.Size",
      "width": 418,
      "height": 86
    },
    "_zIndex": 0,
    "_trs": {
      "__type__": "TypedArray",
      "ctor": "Float64Array",
      "array": [
        74,
        48,
        0,
        0,
        0,
        0,
        1,
        1,
        1,
        1
      ]
    }
  },
  {
    "__type__": "cc.Node",
    "_name": "btnUse",
    "_parent": {
      "__id__": 14
    },
    "_children": [
      {
        "__id__": 17
      },
      {
        "__id__": 18
      }
    ],
    "_active": false,
    "_components": [
      {
        "__type__": "cc.Sprite",
        "node": {
          "__id__": 16
        },
        "_spriteFrame": {
          "__uuid__": "03639f9e-7b46-412b-b37b-f36b485edef7"
        },
        "_sizeMode": 2
      },
      {
        "__type__": "cc.Button",
        "node": {
          "__id__": 16
        },
        "clickEvents": [
          {
            "__type__": "cc.ClickEvent",
            "target": {
              "__id__": 1
            },
            "_componentId": "13e3dbqHg9FJJ46TeWetP0y",
            "handler": "btnUseKaiJuDaoJuClick"
          }
        ],
        "_N$transition": 3,
        "transition": 3,
        "_N$normalColor": {
          "__type__": "cc.Color",
          "r": 255,
          "g": 255,
          "b": 255
        },
        "_N$pressedColor": {
          "__type__": "cc.Color",
          "r": 255,
          "g": 255,
          "b": 255
        },
        "pressedColor": {
          "__type__": "cc.Color",
          "r": 255,
          "g": 255,
          "b": 255
        },
        "_N$disabledColor": {
          "__type__": "cc.Color",
          "r": 255,
          "g": 255,
          "b": 255
        },
        "_N$normalSprite": {
          "__uuid__": "f0048c10-f03e-4c97-b9d3-3506e1d58952"
        },
        "_N$pressedSprite": {
          "__uuid__": "e9ec654c-97a2-4787-9325-e6a10375219a"
        },
        "pressedSprite": {
          "__uuid__": "e9ec654c-97a2-4787-9325-e6a10375219a"
        },
        "_N$hoverSprite": {
          "__uuid__": "e9ec654c-97a2-4787-9325-e6a10375219a"
        },
        "hoverSprite": {
          "__uuid__": "e9ec654c-97a2-4787-9325-e6a10375219a"
        },
        "_N$disabledSprite": {
          "__uuid__": "29158224-f8dd-4661-a796-1ffab537140e"
        },
        "_N$target": {
          "__id__": 16
        }
      }
    ],
    "_prefab": {
      "__type__": "cc.PrefabInfo",
      "root": {
        "__id__": 1
      },
      "asset": {
        "__uuid__": "7489921c-7ee2-412c-ba14-c4a72b7a6257"
      },
      "fileId": "61b+0CflBGhJji4JkgSOeM"
    },
    "_contentSize": {
      "__type__": "cc.Size",
      "width": 225,
      "height": 75
    },
    "_zIndex": 0,
    "_trs": {
      "__type__": "TypedArray",
      "ctor": "Float64Array",
      "array": [
        null,
        -53.3,
        0,
        0,
        0,
        0,
        1,
        1,
        1,
        1
      ]
    }
  },
  {
    "__type__": "cc.Node",
    "_name": "Label",
    "_parent": {
      "__id__": 16
    },
    "_components": [
      {
        "__type__": "cc.Label",
        "node": {
          "__id__": 17
        },
        "_useOriginalSize": false,
        "_string": "使用",
        "_N$string": "使用",
        "_fontSize": 36,
        "_enableWrapText": false,
        "_N$horizontalAlign": 1,
        "_N$verticalAlign": 1,
        "_N$overflow": 1
      }
    ],
    "_prefab": {
      "__type__": "cc.PrefabInfo",
      "root": {
        "__id__": 1
      },
      "asset": {
        "__uuid__": "7489921c-7ee2-412c-ba14-c4a72b7a6257"
      },
      "fileId": "b3Zv3bbUJCu7U+hZsbMnzo"
    },
    "_color": {
      "__type__": "cc.Color"
    },
    "_contentSize": {
      "__type__": "cc.Size",
      "width": 70.7,
      "height": 40
    },
    "_zIndex": 0,
    "_trs": {
      "__type__": "TypedArray",
      "ctor": "Float64Array",
      "array": [
        -37.4,
        null,
        0,
        0,
        0,
        0,
        1,
        1,
        1,
        1
      ]
    }
  },
  {
    "__type__": "cc.Node",
    "_name": "time",
    "_parent": {
      "__id__": 16
    },
    "_components": [
      {
        "__type__": "cc.Label",
        "node": {
          "__id__": 18
        },
        "_useOriginalSize": false,
        "_string": "(15s)",
        "_N$string": "(15s)",
        "_fontSize": 30,
        "_N$verticalAlign": 1
      }
    ],
    "_prefab": {
      "__type__": "cc.PrefabInfo",
      "root": {
        "__id__": 1
      },
      "asset": {
        "__uuid__": "7489921c-7ee2-412c-ba14-c4a72b7a6257"
      },
      "fileId": "f5F4a23v5Pg6Ed3A5MJINE"
    },
    "_color": {
      "__type__": "cc.Color"
    },
    "_contentSize": {
      "__type__": "cc.Size",
      "width": 68.35,
      "height": 40
    },
    "_zIndex": 0,
    "_trs": {
      "__type__": "TypedArray",
      "ctor": "Float64Array",
      "array": [
        36.9,
        null,
        0,
        0,
        0,
        0,
        1,
        1,
        1,
        1
      ]
    }
  },
  {
    "__type__": "cc.Node",
    "_name": "icon",
    "_parent": {
      "__id__": 14
    },
    "_components": [
      {
        "__type__": "cc.Sprite",
        "node": {
          "__id__": 19
        },
        "_spriteFrame": {
          "__uuid__": "540e9f14-da60-4186-bfbf-0b32d6806fc4"
        }
      }
    ],
    "_prefab": {
      "__type__": "cc.PrefabInfo",
      "root": {
        "__id__": 1
      },
      "asset": {
        "__uuid__": "7489921c-7ee2-412c-ba14-c4a72b7a6257"
      },
      "fileId": "f6CCV0ELxCbKVWQ/f4QXKi"
    },
    "_contentSize": {
      "__type__": "cc.Size",
      "width": 98,
      "height": 98
    },
    "_zIndex": 0,
    "_trs": {
      "__type__": "TypedArray",
      "ctor": "Float64Array",
      "array": [
        -214,
        37,
        0,
        0,
        0,
        0,
        1,
        1,
        1,
        1
      ]
    }
  },
  {
    "__type__": "cc.Node",
    "_name": "btnClose",
    "_parent": {
      "__id__": 14
    },
    "_children": [
      {
        "__id__": 21
      }
    ],
    "_level": 1,
    "_components": [
      {
        "__type__": "cc.Sprite",
        "node": {
          "__id__": 20
        },
        "_sizeMode": 0
      },
      {
        "__type__": "cc.Button",
        "node": {
          "__id__": 20
        },
        "clickEvents": [
          {
            "__type__": "cc.ClickEvent",
            "target": {
              "__id__": 1
            },
            "_componentId": "13e3dbqHg9FJJ46TeWetP0y",
            "handler": "closeKJDJClick"
          }
        ],
        "_N$transition": 3,
        "transition": 3,
        "_N$normalColor": {
          "__type__": "cc.Color",
          "r": 255,
          "g": 255,
          "b": 255
        },
        "_N$pressedColor": {
          "__type__": "cc.Color",
          "r": 255,
          "g": 255,
          "b": 255
        },
        "pressedColor": {
          "__type__": "cc.Color",
          "r": 255,
          "g": 255,
          "b": 255
        },
        "_N$disabledColor": {
          "__type__": "cc.Color",
          "r": 255,
          "g": 255,
          "b": 255
        },
        "_N$normalSprite": {
          "__uuid__": "f0048c10-f03e-4c97-b9d3-3506e1d58952"
        },
        "_N$pressedSprite": {
          "__uuid__": "e9ec654c-97a2-4787-9325-e6a10375219a"
        },
        "pressedSprite": {
          "__uuid__": "e9ec654c-97a2-4787-9325-e6a10375219a"
        },
        "_N$hoverSprite": {
          "__uuid__": "f0048c10-f03e-4c97-b9d3-3506e1d58952"
        },
        "hoverSprite": {
          "__uuid__": "f0048c10-f03e-4c97-b9d3-3506e1d58952"
        },
        "_N$disabledSprite": {
          "__uuid__": "29158224-f8dd-4661-a796-1ffab537140e"
        },
        "_N$target": {
          "__id__": 20
        }
      }
    ],
    "_prefab": {
      "__type__": "cc.PrefabInfo",
      "root": {
        "__id__": 1
      },
      "asset": {
        "__uuid__": "7489921c-7ee2-412c-ba14-c4a72b7a6257"
      },
      "fileId": "11mfCs+z1O8LPNPNemAso4"
    },
    "_opacity": 125,
    "_contentSize": {
      "__type__": "cc.Size",
      "width": 50,
      "height": 50
    },
    "_zIndex": 0,
    "_trs": {
      "__type__": "TypedArray",
      "ctor": "Float64Array",
      "array": [
        337.7,
        95.1,
        0,
        0,
        0,
        0,
        1,
        1,
        1,
        1
      ]
    }
  },
  {
    "__type__": "cc.Node",
    "_name": "close",
    "_parent": {
      "__id__": 20
    },
    "_level": 2,
    "_components": [
      {
        "__type__": "cc.Sprite",
        "node": {
          "__id__": 21
        },
        "_spriteFrame": {
          "__uuid__": "36dcb6fd-7a3e-474e-9a50-480b4677bc6c"
        },
        "_sizeMode": 0
      }
    ],
    "_prefab": {
      "__type__": "cc.PrefabInfo",
      "root": {
        "__id__": 1
      },
      "asset": {
        "__uuid__": "7489921c-7ee2-412c-ba14-c4a72b7a6257"
      },
      "fileId": "fchAnaZwFDe66KVFuJHo0W"
    },
    "_opacity": 125,
    "_contentSize": {
      "__type__": "cc.Size",
      "width": 23,
      "height": 23
    },
    "_zIndex": 0,
    "_trs": {
      "__type__": "TypedArray",
      "ctor": "Float64Array",
      "array": [
        0,
        0,
        0,
        0,
        0,
        0,
        1,
        1,
        1,
        1
      ]
    }
  },
  {
    "__type__": "cc.Node",
    "_name": "btnVideo",
    "_parent": {
      "__id__": 14
    },
    "_children": [
      {
        "__id__": 23
      }
    ],
    "_level": 1,
    "_components": [
      {
        "__type__": "cc.Sprite",
        "node": {
          "__id__": 22
        },
        "_spriteFrame": {
          "__uuid__": "03639f9e-7b46-412b-b37b-f36b485edef7"
        },
        "_type": 1,
        "_sizeMode": 0
      },
      {
        "__type__": "cc.Button",
        "node": {
          "__id__": 22
        },
        "clickEvents": [
          {
            "__type__": "cc.ClickEvent",
            "target": {
              "__id__": 1
            },
            "_componentId": "13e3dbqHg9FJJ46TeWetP0y",
            "handler": "videoClick"
          }
        ],
        "_N$transition": 3,
        "transition": 3,
        "_N$normalColor": {
          "__type__": "cc.Color",
          "r": 255,
          "g": 255,
          "b": 255
        },
        "_N$pressedColor": {
          "__type__": "cc.Color",
          "r": 255,
          "g": 255,
          "b": 255
        },
        "pressedColor": {
          "__type__": "cc.Color",
          "r": 255,
          "g": 255,
          "b": 255
        },
        "_N$disabledColor": {
          "__type__": "cc.Color",
          "r": 255,
          "g": 255,
          "b": 255
        },
        "_N$normalSprite": {
          "__uuid__": "03639f9e-7b46-412b-b37b-f36b485edef7"
        },
        "_N$pressedSprite": {
          "__uuid__": "e9ec654c-97a2-4787-9325-e6a10375219a"
        },
        "pressedSprite": {
          "__uuid__": "e9ec654c-97a2-4787-9325-e6a10375219a"
        },
        "_N$hoverSprite": {
          "__uuid__": "f0048c10-f03e-4c97-b9d3-3506e1d58952"
        },
        "hoverSprite": {
          "__uuid__": "f0048c10-f03e-4c97-b9d3-3506e1d58952"
        },
        "_N$disabledSprite": {
          "__uuid__": "29158224-f8dd-4661-a796-1ffab537140e"
        },
        "_N$target": {
          "__id__": 22
        }
      }
    ],
    "_prefab": {
      "__type__": "cc.PrefabInfo",
      "root": {
        "__id__": 1
      },
      "asset": {
        "__uuid__": "7489921c-7ee2-412c-ba14-c4a72b7a6257"
      },
      "fileId": "b8LKTQD3JBRJUz/EV12VaB"
    },
    "_contentSize": {
      "__type__": "cc.Size",
      "width": 225,
      "height": 75
    },
    "_zIndex": 0,
    "_trs": {
      "__type__": "TypedArray",
      "ctor": "Float64Array",
      "array": [
        null,
        -53.3,
        0,
        0,
        0,
        0,
        1,
        1,
        1,
        1
      ]
    }
  },
  {
    "__type__": "cc.Node",
    "_name": "video",
    "_parent": {
      "__id__": 22
    },
    "_children": [
      {
        "__id__": 24
      }
    ],
    "_level": 2,
    "_components": [
      {
        "__type__": "cc.Sprite",
        "node": {
          "__id__": 23
        },
        "_sizeMode": 0
      }
    ],
    "_prefab": {
      "__type__": "cc.PrefabInfo",
      "root": {
        "__id__": 1
      },
      "asset": {
        "__uuid__": "7489921c-7ee2-412c-ba14-c4a72b7a6257"
      },
      "fileId": "2bv1sgMLtIh6dtDdNm4OsW"
    },
    "_zIndex": 0,
    "_trs": {
      "__type__": "TypedArray",
      "ctor": "Float64Array",
      "array": [
        6,
        null,
        0,
        0,
        0,
        0,
        1,
        1,
        1,
        1
      ]
    }
  },
  {
    "__type__": "cc.Node",
    "_name": "Label",
    "_parent": {
      "__id__": 23
    },
    "_level": 3,
    "_components": [
      {
        "__type__": "cc.Label",
        "node": {
          "__id__": 24
        },
        "_useOriginalSize": false,
        "_string": "免费使用 ",
        "_N$string": "免费使用 ",
        "_fontSize": 30,
        "_lineHeight": 36,
        "_enableWrapText": false,
        "_N$horizontalAlign": 1,
        "_N$verticalAlign": 1,
        "_N$overflow": 2
      },
      {
        "__type__": "cc.Widget",
        "node": {
          "__id__": 24
        },
        "_alignFlags": 8,
        "_left": -65.75,
        "_right": -143,
        "_originalWidth": 144
      }
    ],
    "_prefab": {
      "__type__": "cc.PrefabInfo",
      "root": {
        "__id__": 1
      },
      "asset": {
        "__uuid__": "7489921c-7ee2-412c-ba14-c4a72b7a6257"
      },
      "fileId": "e6BrlQXtRHiI/V9MgrphYk"
    },
    "_color": {
      "__type__": "cc.Color"
    },
    "_contentSize": {
      "__type__": "cc.Size",
      "width": 131.5,
      "height": 36.9
    },
    "_zIndex": 0,
    "_trs": {
      "__type__": "TypedArray",
      "ctor": "Float64Array",
      "array": [
        0,
        0,
        0,
        0,
        0,
        0,
        1,
        1,
        1,
        1
      ]
    }
  },
  {
    "__type__": "cc.Node",
    "_name": "propBaoXiang",
    "_objFlags": 512,
    "_parent": {
      "__id__": 1
    },
    "_children": [
      {
        "__id__": 26
      },
      {
        "__id__": 27
      },
      {
        "__id__": 30
      },
      {
        "__id__": 33
      },
      {
        "__id__": 36
      },
      {
        "__id__": 37
      }
    ],
    "_active": false,
    "_components": [
      {
        "__type__": "cc.Sprite",
        "node": {
          "__id__": 25
        },
        "_spriteFrame": {
          "__uuid__": "0dca141b-3290-4b9c-82f2-8ccc5a27601c"
        },
        "_sizeMode": 0
      },
      {
        "__type__": "cc.Widget",
        "node": {
          "__id__": 25
        },
        "alignMode": 0,
        "_alignFlags": 18
      }
    ],
    "_prefab": {
      "__type__": "cc.PrefabInfo",
      "root": {
        "__id__": 1
      },
      "asset": {
        "__uuid__": "7489921c-7ee2-412c-ba14-c4a72b7a6257"
      },
      "fileId": "9agpLkWB9NTIVt+m/969an"
    },
    "_contentSize": {
      "__type__": "cc.Size",
      "width": 615,
      "height": 389
    },
    "_zIndex": 0,
    "_trs": {
      "__type__": "TypedArray",
      "ctor": "Float64Array",
      "array": [
        0,
        0,
        0,
        0,
        0,
        0,
        1,
        1,
        1,
        1
      ]
    }
  },
  {
    "__type__": "cc.Node",
    "_name": "btnClose",
    "_parent": {
      "__id__": 25
    },
    "_active": false,
    "_components": [
      {
        "__type__": "cc.Sprite",
        "node": {
          "__id__": 26
        },
        "_spriteFrame": {
          "__uuid__": "99fa78d7-bf95-4bdc-89d9-d2a47126232d"
        },
        "_sizeMode": 2
      },
      {
        "__type__": "cc.Button",
        "node": {
          "__id__": 26
        },
        "clickEvents": [
          {
            "__type__": "cc.ClickEvent",
            "target": {
              "__id__": 1
            },
            "_componentId": "13e3dbqHg9FJJ46TeWetP0y",
            "handler": "closePropBaoXiangClick"
          }
        ],
        "_N$transition": 3,
        "transition": 3,
        "_N$normalColor": {
          "__type__": "cc.Color",
          "r": 255,
          "g": 255,
          "b": 255
        },
        "_N$pressedColor": {
          "__type__": "cc.Color",
          "r": 255,
          "g": 255,
          "b": 255
        },
        "pressedColor": {
          "__type__": "cc.Color",
          "r": 255,
          "g": 255,
          "b": 255
        },
        "_N$disabledColor": {
          "__type__": "cc.Color",
          "r": 255,
          "g": 255,
          "b": 255
        },
        "_N$normalSprite": {
          "__uuid__": "f0048c10-f03e-4c97-b9d3-3506e1d58952"
        },
        "_N$pressedSprite": {
          "__uuid__": "e9ec654c-97a2-4787-9325-e6a10375219a"
        },
        "pressedSprite": {
          "__uuid__": "e9ec654c-97a2-4787-9325-e6a10375219a"
        },
        "_N$hoverSprite": {
          "__uuid__": "e9ec654c-97a2-4787-9325-e6a10375219a"
        },
        "hoverSprite": {
          "__uuid__": "e9ec654c-97a2-4787-9325-e6a10375219a"
        },
        "_N$disabledSprite": {
          "__uuid__": "29158224-f8dd-4661-a796-1ffab537140e"
        },
        "_N$target": {
          "__id__": 26
        }
      }
    ],
    "_prefab": {
      "__type__": "cc.PrefabInfo",
      "root": {
        "__id__": 1
      },
      "asset": {
        "__uuid__": "7489921c-7ee2-412c-ba14-c4a72b7a6257"
      },
      "fileId": "ba90+OEcpBcZ4U2q4VuMcw"
    },
    "_contentSize": {
      "__type__": "cc.Size",
      "width": 74,
      "height": 74
    },
    "_zIndex": 0,
    "_trs": {
      "__type__": "TypedArray",
      "ctor": "Float64Array",
      "array": [
        271,
        356,
        0,
        0,
        0,
        0,
        1,
        1,
        1,
        1
      ]
    }
  },
  {
    "__type__": "cc.Node",
    "_name": "body",
    "_parent": {
      "__id__": 25
    },
    "_children": [
      {
        "__id__": 28
      },
      {
        "__id__": 29
      }
    ],
    "_components": [
      {
        "__type__": "cc.Sprite",
        "node": {
          "__id__": 27
        },
        "_spriteFrame": {
          "__uuid__": "e6f5b611-75cf-4b95-ab51-7ed73adfaf6f"
        }
      }
    ],
    "_prefab": {
      "__type__": "cc.PrefabInfo",
      "root": {
        "__id__": 1
      },
      "asset": {
        "__uuid__": "7489921c-7ee2-412c-ba14-c4a72b7a6257"
      },
      "fileId": "50aTwxHMhMirfNVB/mNbCT"
    },
    "_contentSize": {
      "__type__": "cc.Size",
      "width": 97,
      "height": 118
    },
    "_zIndex": 0,
    "_trs": {
      "__type__": "TypedArray",
      "ctor": "Float64Array",
      "array": [
        -98.9,
        35.2,
        0,
        0,
        0,
        0,
        1,
        1,
        1,
        1
      ]
    }
  },
  {
    "__type__": "cc.Node",
    "_name": "bodyLb",
    "_parent": {
      "__id__": 27
    },
    "_components": [
      {
        "__type__": "cc.Label",
        "node": {
          "__id__": 28
        },
        "_useOriginalSize": false,
        "_string": "+10",
        "_N$string": "+10",
        "_fontSize": 30,
        "_lineHeight": 30,
        "_N$horizontalAlign": 1,
        "_N$verticalAlign": 1,
        "_N$overflow": 2
      }
    ],
    "_prefab": {
      "__type__": "cc.PrefabInfo",
      "root": {
        "__id__": 1
      },
      "asset": {
        "__uuid__": "7489921c-7ee2-412c-ba14-c4a72b7a6257"
      },
      "fileId": "12GnPn/xVEL6dosPLR7usc"
    },
    "_color": {
      "__type__": "cc.Color",
      "r": 252,
      "g": 127,
      "b": 43
    },
    "_contentSize": {
      "__type__": "cc.Size",
      "width": 68,
      "height": 30
    },
    "_zIndex": 0,
    "_trs": {
      "__type__": "TypedArray",
      "ctor": "Float64Array",
      "array": [
        null,
        -29.4,
        0,
        0,
        0,
        0,
        1,
        1,
        1,
        1
      ]
    }
  },
  {
    "__type__": "cc.Node",
    "_name": "hdjl-snack",
    "_parent": {
      "__id__": 27
    },
    "_components": [
      {
        "__type__": "cc.Sprite",
        "node": {
          "__id__": 29
        },
        "_spriteFrame": {
          "__uuid__": "463d478e-388e-4e4b-b5d1-48cb0948f853"
        }
      }
    ],
    "_prefab": {
      "__type__": "cc.PrefabInfo",
      "root": {
        "__id__": 1
      },
      "asset": {
        "__uuid__": "7489921c-7ee2-412c-ba14-c4a72b7a6257"
      },
      "fileId": "55fSZEFQFDHKeUCVM+QPoX"
    },
    "_contentSize": {
      "__type__": "cc.Size",
      "width": 37,
      "height": 57
    },
    "_zIndex": 0,
    "_trs": {
      "__type__": "TypedArray",
      "ctor": "Float64Array",
      "array": [
        null,
        17,
        0,
        0,
        0,
        0,
        1,
        1,
        1,
        1
      ]
    }
  },
  {
    "__type__": "cc.Node",
    "_name": "gold",
    "_parent": {
      "__id__": 25
    },
    "_children": [
      {
        "__id__": 31
      },
      {
        "__id__": 32
      }
    ],
    "_components": [
      {
        "__type__": "cc.Sprite",
        "node": {
          "__id__": 30
        },
        "_spriteFrame": {
          "__uuid__": "e6f5b611-75cf-4b95-ab51-7ed73adfaf6f"
        }
      }
    ],
    "_prefab": {
      "__type__": "cc.PrefabInfo",
      "root": {
        "__id__": 1
      },
      "asset": {
        "__uuid__": "7489921c-7ee2-412c-ba14-c4a72b7a6257"
      },
      "fileId": "a1mafGLm5Ds6DJ3M9S+aAN"
    },
    "_contentSize": {
      "__type__": "cc.Size",
      "width": 97,
      "height": 118
    },
    "_zIndex": 0,
    "_trs": {
      "__type__": "TypedArray",
      "ctor": "Float64Array",
      "array": [
        72.3,
        35.2,
        0,
        0,
        0,
        0,
        1,
        1,
        1,
        1
      ]
    }
  },
  {
    "__type__": "cc.Node",
    "_name": "123_03",
    "_parent": {
      "__id__": 30
    },
    "_components": [
      {
        "__type__": "cc.Sprite",
        "node": {
          "__id__": 31
        },
        "_spriteFrame": {
          "__uuid__": "9b293c7e-33da-49ae-ad1b-d22604ddf83e"
        },
        "_sizeMode": 0
      }
    ],
    "_prefab": {
      "__type__": "cc.PrefabInfo",
      "root": {
        "__id__": 1
      },
      "asset": {
        "__uuid__": "7489921c-7ee2-412c-ba14-c4a72b7a6257"
      },
      "fileId": "a7t5D3qTpKOaiygSX5vhM+"
    },
    "_contentSize": {
      "__type__": "cc.Size",
      "width": 40,
      "height": 42
    },
    "_zIndex": 0,
    "_trs": {
      "__type__": "TypedArray",
      "ctor": "Float64Array",
      "array": [
        null,
        20,
        0,
        0,
        0,
        0,
        1,
        1,
        1,
        1
      ]
    }
  },
  {
    "__type__": "cc.Node",
    "_name": "goldLb",
    "_parent": {
      "__id__": 30
    },
    "_components": [
      {
        "__type__": "cc.Label",
        "node": {
          "__id__": 32
        },
        "_useOriginalSize": false,
        "_string": "+10",
        "_N$string": "+10",
        "_fontSize": 30,
        "_lineHeight": 30,
        "_N$horizontalAlign": 1,
        "_N$verticalAlign": 1,
        "_N$overflow": 2
      }
    ],
    "_prefab": {
      "__type__": "cc.PrefabInfo",
      "root": {
        "__id__": 1
      },
      "asset": {
        "__uuid__": "7489921c-7ee2-412c-ba14-c4a72b7a6257"
      },
      "fileId": "4fIUg1KTJBeb22GTsVDdl0"
    },
    "_color": {
      "__type__": "cc.Color",
      "r": 252,
      "g": 127,
      "b": 43
    },
    "_contentSize": {
      "__type__": "cc.Size",
      "width": 68,
      "height": 30
    },
    "_zIndex": 0,
    "_trs": {
      "__type__": "TypedArray",
      "ctor": "Float64Array",
      "array": [
        0.5,
        -26.1,
        0,
        0,
        0,
        0,
        1,
        1,
        1,
        1
      ]
    }
  },
  {
    "__type__": "cc.Node",
    "_name": "btnGet",
    "_parent": {
      "__id__": 25
    },
    "_children": [
      {
        "__id__": 34
      },
      {
        "__id__": 35
      }
    ],
    "_active": false,
    "_components": [
      {
        "__type__": "cc.Sprite",
        "node": {
          "__id__": 33
        },
        "_spriteFrame": {
          "__uuid__": "e9d277ba-71e0-4ee9-b755-31e03eef979c"
        },
        "_sizeMode": 2
      },
      {
        "__type__": "cc.Button",
        "node": {
          "__id__": 33
        },
        "clickEvents": [
          {
            "__type__": "cc.ClickEvent",
            "target": {
              "__id__": 1
            },
            "_componentId": "13e3dbqHg9FJJ46TeWetP0y",
            "handler": "btnGetPropBoxXiang"
          }
        ],
        "_N$transition": 3,
        "transition": 3,
        "_N$normalColor": {
          "__type__": "cc.Color",
          "r": 255,
          "g": 255,
          "b": 255
        },
        "_N$pressedColor": {
          "__type__": "cc.Color",
          "r": 255,
          "g": 255,
          "b": 255
        },
        "pressedColor": {
          "__type__": "cc.Color",
          "r": 255,
          "g": 255,
          "b": 255
        },
        "_N$disabledColor": {
          "__type__": "cc.Color",
          "r": 255,
          "g": 255,
          "b": 255
        },
        "_N$normalSprite": {
          "__uuid__": "f0048c10-f03e-4c97-b9d3-3506e1d58952"
        },
        "_N$pressedSprite": {
          "__uuid__": "e9ec654c-97a2-4787-9325-e6a10375219a"
        },
        "pressedSprite": {
          "__uuid__": "e9ec654c-97a2-4787-9325-e6a10375219a"
        },
        "_N$hoverSprite": {
          "__uuid__": "e9ec654c-97a2-4787-9325-e6a10375219a"
        },
        "hoverSprite": {
          "__uuid__": "e9ec654c-97a2-4787-9325-e6a10375219a"
        },
        "_N$disabledSprite": {
          "__uuid__": "29158224-f8dd-4661-a796-1ffab537140e"
        },
        "_N$target": {
          "__id__": 33
        }
      }
    ],
    "_prefab": {
      "__type__": "cc.PrefabInfo",
      "root": {
        "__id__": 1
      },
      "asset": {
        "__uuid__": "7489921c-7ee2-412c-ba14-c4a72b7a6257"
      },
      "fileId": "a7HGbQm6ZHFYG4KL5ch4vE"
    },
    "_contentSize": {
      "__type__": "cc.Size",
      "width": 282,
      "height": 92
    },
    "_zIndex": 0,
    "_trs": {
      "__type__": "TypedArray",
      "ctor": "Float64Array",
      "array": [
        null,
        -290,
        0,
        0,
        0,
        0,
        1,
        1,
        1,
        1
      ]
    }
  },
  {
    "__type__": "cc.Node",
    "_name": "Label",
    "_parent": {
      "__id__": 33
    },
    "_active": false,
    "_components": [
      {
        "__type__": "cc.Label",
        "node": {
          "__id__": 34
        },
        "_useOriginalSize": false,
        "_string": "领取",
        "_N$string": "领取",
        "_fontSize": 30,
        "_enableWrapText": false,
        "_N$horizontalAlign": 1,
        "_N$verticalAlign": 1,
        "_N$overflow": 1
      },
      {
        "__type__": "cc.Widget",
        "node": {
          "__id__": 34
        },
        "_wasAlignOnce": {},
        "isAlignOnce": {},
        "_alignFlags": 18,
        "_verticalCenter": 11
      }
    ],
    "_prefab": {
      "__type__": "cc.PrefabInfo",
      "root": {
        "__id__": 1
      },
      "asset": {
        "__uuid__": "7489921c-7ee2-412c-ba14-c4a72b7a6257"
      },
      "fileId": "fdCYxlGzVNA4jM+sSZosAh"
    },
    "_color": {
      "__type__": "cc.Color"
    },
    "_contentSize": {
      "__type__": "cc.Size",
      "width": 70.7,
      "height": 40
    },
    "_zIndex": 0,
    "_trs": {
      "__type__": "TypedArray",
      "ctor": "Float64Array",
      "array": [
        null,
        11,
        0,
        0,
        0,
        0,
        1,
        1,
        1,
        1
      ]
    }
  },
  {
    "__type__": "cc.Node",
    "_name": "Label2",
    "_parent": {
      "__id__": 33
    },
    "_active": false,
    "_components": [
      {
        "__type__": "cc.Label",
        "node": {
          "__id__": 35
        },
        "_useOriginalSize": false,
        "_string": "并分享",
        "_N$string": "并分享",
        "_fontSize": 18,
        "_lineHeight": 18,
        "_N$horizontalAlign": 1,
        "_N$verticalAlign": 1
      }
    ],
    "_prefab": {
      "__type__": "cc.PrefabInfo",
      "root": {
        "__id__": 1
      },
      "asset": {
        "__uuid__": "7489921c-7ee2-412c-ba14-c4a72b7a6257"
      },
      "fileId": "13Wt0rdnNHmbTM0tiT0LxY"
    },
    "_color": {
      "__type__": "cc.Color"
    },
    "_contentSize": {
      "__type__": "cc.Size",
      "width": 54,
      "height": 18
    },
    "_zIndex": 0,
    "_trs": {
      "__type__": "TypedArray",
      "ctor": "Float64Array",
      "array": [
        null,
        -16.6,
        0,
        0,
        0,
        0,
        1,
        1,
        1,
        1
      ]
    }
  },
  {
    "__type__": "cc.Node",
    "_name": "hdjl-text",
    "_parent": {
      "__id__": 25
    },
    "_components": [
      {
        "__type__": "cc.Sprite",
        "node": {
          "__id__": 36
        },
        "_spriteFrame": {
          "__uuid__": "2776a4a5-0d88-4f80-9df8-21a76fa16f09"
        }
      }
    ],
    "_prefab": {
      "__type__": "cc.PrefabInfo",
      "root": {
        "__id__": 1
      },
      "asset": {
        "__uuid__": "7489921c-7ee2-412c-ba14-c4a72b7a6257"
      },
      "fileId": "edJo4lpOBNfpx1sS1JwVa2"
    },
    "_contentSize": {
      "__type__": "cc.Size",
      "width": 336,
      "height": 50
    },
    "_zIndex": 0,
    "_trs": {
      "__type__": "TypedArray",
      "ctor": "Float64Array",
      "array": [
        11,
        288,
        0,
        0,
        0,
        0,
        1,
        1,
        1,
        1
      ]
    }
  },
  {
    "__type__": "cc.Node",
    "_name": "btnVideo",
    "_parent": {
      "__id__": 25
    },
    "_level": 1,
    "_components": [
      {
        "__type__": "cc.Sprite",
        "node": {
          "__id__": 37
        },
        "_spriteFrame": {
          "__uuid__": "fbcf8578-c173-4e1c-80e9-695509c9f797"
        }
      },
      {
        "__type__": "cc.Button",
        "node": {
          "__id__": 37
        },
        "clickEvents": [
          {
            "__type__": "cc.ClickEvent",
            "target": {
              "__id__": 1
            },
            "_componentId": "13e3dbqHg9FJJ46TeWetP0y",
            "handler": "videoClick"
          }
        ],
        "_N$transition": 3,
        "transition": 3,
        "_N$normalColor": {
          "__type__": "cc.Color",
          "r": 255,
          "g": 255,
          "b": 255
        },
        "_N$pressedColor": {
          "__type__": "cc.Color",
          "r": 255,
          "g": 255,
          "b": 255
        },
        "pressedColor": {
          "__type__": "cc.Color",
          "r": 255,
          "g": 255,
          "b": 255
        },
        "_N$disabledColor": {
          "__type__": "cc.Color",
          "r": 255,
          "g": 255,
          "b": 255
        },
        "_N$normalSprite": {
          "__uuid__": "f0048c10-f03e-4c97-b9d3-3506e1d58952"
        },
        "_N$pressedSprite": {
          "__uuid__": "e9ec654c-97a2-4787-9325-e6a10375219a"
        },
        "pressedSprite": {
          "__uuid__": "e9ec654c-97a2-4787-9325-e6a10375219a"
        },
        "_N$hoverSprite": {
          "__uuid__": "f0048c10-f03e-4c97-b9d3-3506e1d58952"
        },
        "hoverSprite": {
          "__uuid__": "f0048c10-f03e-4c97-b9d3-3506e1d58952"
        },
        "_N$disabledSprite": {
          "__uuid__": "29158224-f8dd-4661-a796-1ffab537140e"
        },
        "_N$target": {
          "__id__": 37
        }
      }
    ],
    "_prefab": {
      "__type__": "cc.PrefabInfo",
      "root": {
        "__id__": 1
      },
      "asset": {
        "__uuid__": "7489921c-7ee2-412c-ba14-c4a72b7a6257"
      },
      "fileId": "ddt5b8H/BGcaw8TDi6qqKu"
    },
    "_contentSize": {
      "__type__": "cc.Size",
      "width": 280,
      "height": 84
    },
    "_zIndex": 0,
    "_trs": {
      "__type__": "TypedArray",
      "ctor": "Float64Array",
      "array": [
        0.8,
        -286.5,
        0,
        0,
        0,
        0,
        1,
        1,
        1,
        1
      ]
    }
  },
  {
    "__type__": "cc.Node",
    "_name": "skinNode",
    "_objFlags": 512,
    "_parent": {
      "__id__": 1
    },
    "_children": [
      {
        "__id__": 39
      },
      {
        "__id__": 40
      },
      {
        "__id__": 41
      },
      {
        "__id__": 44
      },
      {
        "__id__": 45
      },
      {
        "__id__": 46
      },
      {
        "__id__": 47
      },
      {
        "__id__": 48
      }
    ],
    "_active": false,
    "_components": [
      {
        "__type__": "cc.Sprite",
        "node": {
          "__id__": 38
        },
        "_spriteFrame": {
          "__uuid__": "6b7ea463-e9e5-457e-a0b1-89449ce37828"
        },
        "_sizeMode": 0
      },
      {
        "__type__": "cc.Widget",
        "node": {
          "__id__": 38
        },
        "alignMode": 0,
        "_alignFlags": 18
      }
    ],
    "_prefab": {
      "__type__": "cc.PrefabInfo",
      "root": {
        "__id__": 1
      },
      "asset": {
        "__uuid__": "7489921c-7ee2-412c-ba14-c4a72b7a6257"
      },
      "fileId": "4dyElTcq9BQJJOYjoYgVJk"
    },
    "_contentSize": {
      "__type__": "cc.Size",
      "width": 610,
      "height": 700
    },
    "_zIndex": 0,
    "_trs": {
      "__type__": "TypedArray",
      "ctor": "Float64Array",
      "array": [
        0,
        0,
        0,
        0,
        0,
        0,
        1,
        1,
        1,
        1
      ]
    }
  },
  {
    "__type__": "cc.Node",
    "_name": "light",
    "_parent": {
      "__id__": 38
    },
    "_components": [
      {
        "__type__": "cc.Sprite",
        "node": {
          "__id__": 39
        },
        "_spriteFrame": {
          "__uuid__": "bfed3578-a4bc-4904-b043-11b9a6a6a740"
        },
        "_sizeMode": 2
      }
    ],
    "_prefab": {
      "__type__": "cc.PrefabInfo",
      "root": {
        "__id__": 1
      },
      "asset": {
        "__uuid__": "7489921c-7ee2-412c-ba14-c4a72b7a6257"
      },
      "fileId": "ebQyaIk49Mgr5UdnUTnmoW"
    },
    "_contentSize": {
      "__type__": "cc.Size",
      "width": 603,
      "height": 596
    },
    "_anchorPoint": {
      "__type__": "cc.Vec2",
      "x": 0.5,
      "y": 0.6
    },
    "_zIndex": 0,
    "_trs": {
      "__type__": "TypedArray",
      "ctor": "Float64Array",
      "array": [
        null,
        109,
        0,
        0,
        0,
        0,
        1,
        0.7,
        0.7,
        1
      ]
    }
  },
  {
    "__type__": "cc.Node",
    "_name": "btnClose",
    "_parent": {
      "__id__": 38
    },
    "_active": false,
    "_components": [
      {
        "__type__": "cc.Sprite",
        "node": {
          "__id__": 40
        },
        "_spriteFrame": {
          "__uuid__": "99fa78d7-bf95-4bdc-89d9-d2a47126232d"
        },
        "_sizeMode": 2
      },
      {
        "__type__": "cc.Button",
        "node": {
          "__id__": 40
        },
        "clickEvents": [
          {
            "__type__": "cc.ClickEvent",
            "target": {
              "__id__": 1
            },
            "_componentId": "13e3dbqHg9FJJ46TeWetP0y",
            "handler": "closeSkinNodeClick"
          }
        ],
        "_N$transition": 3,
        "transition": 3,
        "_N$normalColor": {
          "__type__": "cc.Color",
          "r": 255,
          "g": 255,
          "b": 255
        },
        "_N$pressedColor": {
          "__type__": "cc.Color",
          "r": 255,
          "g": 255,
          "b": 255
        },
        "pressedColor": {
          "__type__": "cc.Color",
          "r": 255,
          "g": 255,
          "b": 255
        },
        "_N$disabledColor": {
          "__type__": "cc.Color",
          "r": 255,
          "g": 255,
          "b": 255
        },
        "_N$normalSprite": {
          "__uuid__": "f0048c10-f03e-4c97-b9d3-3506e1d58952"
        },
        "_N$pressedSprite": {
          "__uuid__": "e9ec654c-97a2-4787-9325-e6a10375219a"
        },
        "pressedSprite": {
          "__uuid__": "e9ec654c-97a2-4787-9325-e6a10375219a"
        },
        "_N$hoverSprite": {
          "__uuid__": "e9ec654c-97a2-4787-9325-e6a10375219a"
        },
        "hoverSprite": {
          "__uuid__": "e9ec654c-97a2-4787-9325-e6a10375219a"
        },
        "_N$disabledSprite": {
          "__uuid__": "29158224-f8dd-4661-a796-1ffab537140e"
        },
        "_N$target": {
          "__id__": 40
        }
      }
    ],
    "_prefab": {
      "__type__": "cc.PrefabInfo",
      "root": {
        "__id__": 1
      },
      "asset": {
        "__uuid__": "7489921c-7ee2-412c-ba14-c4a72b7a6257"
      },
      "fileId": "9fFDObL1BMNKifCITeMU1j"
    },
    "_contentSize": {
      "__type__": "cc.Size",
      "width": 74,
      "height": 74
    },
    "_zIndex": 0,
    "_trs": {
      "__type__": "TypedArray",
      "ctor": "Float64Array",
      "array": [
        288,
        333,
        0,
        0,
        0,
        0,
        1,
        1,
        1,
        1
      ]
    }
  },
  {
    "__type__": "cc.Node",
    "_name": "btnGet",
    "_parent": {
      "__id__": 38
    },
    "_children": [
      {
        "__id__": 42
      },
      {
        "__id__": 43
      }
    ],
    "_active": false,
    "_components": [
      {
        "__type__": "cc.Sprite",
        "node": {
          "__id__": 41
        },
        "_spriteFrame": {
          "__uuid__": "e9d277ba-71e0-4ee9-b755-31e03eef979c"
        },
        "_sizeMode": 2
      },
      {
        "__type__": "cc.Button",
        "node": {
          "__id__": 41
        },
        "clickEvents": [
          {
            "__type__": "cc.ClickEvent",
            "target": {
              "__id__": 1
            },
            "_componentId": "13e3dbqHg9FJJ46TeWetP0y",
            "handler": "btnGetSkinClick"
          }
        ],
        "_N$transition": 3,
        "transition": 3,
        "_N$normalColor": {
          "__type__": "cc.Color",
          "r": 255,
          "g": 255,
          "b": 255
        },
        "_N$pressedColor": {
          "__type__": "cc.Color",
          "r": 255,
          "g": 255,
          "b": 255
        },
        "pressedColor": {
          "__type__": "cc.Color",
          "r": 255,
          "g": 255,
          "b": 255
        },
        "_N$disabledColor": {
          "__type__": "cc.Color",
          "r": 255,
          "g": 255,
          "b": 255
        },
        "_N$normalSprite": {
          "__uuid__": "f0048c10-f03e-4c97-b9d3-3506e1d58952"
        },
        "_N$pressedSprite": {
          "__uuid__": "e9ec654c-97a2-4787-9325-e6a10375219a"
        },
        "pressedSprite": {
          "__uuid__": "e9ec654c-97a2-4787-9325-e6a10375219a"
        },
        "_N$hoverSprite": {
          "__uuid__": "e9ec654c-97a2-4787-9325-e6a10375219a"
        },
        "hoverSprite": {
          "__uuid__": "e9ec654c-97a2-4787-9325-e6a10375219a"
        },
        "_N$disabledSprite": {
          "__uuid__": "29158224-f8dd-4661-a796-1ffab537140e"
        },
        "_N$target": {
          "__id__": 41
        }
      }
    ],
    "_prefab": {
      "__type__": "cc.PrefabInfo",
      "root": {
        "__id__": 1
      },
      "asset": {
        "__uuid__": "7489921c-7ee2-412c-ba14-c4a72b7a6257"
      },
      "fileId": "dfTa9J8vVC8LVUGbF7e2y8"
    },
    "_contentSize": {
      "__type__": "cc.Size",
      "width": 282,
      "height": 92
    },
    "_zIndex": 0,
    "_trs": {
      "__type__": "TypedArray",
      "ctor": "Float64Array",
      "array": [
        6,
        -249,
        0,
        0,
        0,
        0,
        1,
        1,
        1,
        1
      ]
    }
  },
  {
    "__type__": "cc.Node",
    "_name": "Label",
    "_parent": {
      "__id__": 41
    },
    "_active": false,
    "_components": [
      {
        "__type__": "cc.Label",
        "node": {
          "__id__": 42
        },
        "_useOriginalSize": false,
        "_string": "领取",
        "_N$string": "领取",
        "_fontSize": 30,
        "_enableWrapText": false,
        "_N$horizontalAlign": 1,
        "_N$verticalAlign": 1,
        "_N$overflow": 1
      },
      {
        "__type__": "cc.Widget",
        "node": {
          "__id__": 42
        },
        "_wasAlignOnce": {},
        "isAlignOnce": {},
        "_alignFlags": 18,
        "_verticalCenter": 11
      }
    ],
    "_prefab": {
      "__type__": "cc.PrefabInfo",
      "root": {
        "__id__": 1
      },
      "asset": {
        "__uuid__": "7489921c-7ee2-412c-ba14-c4a72b7a6257"
      },
      "fileId": "0bridzS2tMiKq5uuoAI5Tk"
    },
    "_color": {
      "__type__": "cc.Color"
    },
    "_contentSize": {
      "__type__": "cc.Size",
      "width": 70.7,
      "height": 40
    },
    "_zIndex": 0,
    "_trs": {
      "__type__": "TypedArray",
      "ctor": "Float64Array",
      "array": [
        null,
        11,
        0,
        0,
        0,
        0,
        1,
        1,
        1,
        1
      ]
    }
  },
  {
    "__type__": "cc.Node",
    "_name": "Label2",
    "_parent": {
      "__id__": 41
    },
    "_active": false,
    "_components": [
      {
        "__type__": "cc.Label",
        "node": {
          "__id__": 43
        },
        "_useOriginalSize": false,
        "_string": "并分享",
        "_N$string": "并分享",
        "_fontSize": 18,
        "_lineHeight": 18,
        "_N$horizontalAlign": 1,
        "_N$verticalAlign": 1
      }
    ],
    "_prefab": {
      "__type__": "cc.PrefabInfo",
      "root": {
        "__id__": 1
      },
      "asset": {
        "__uuid__": "7489921c-7ee2-412c-ba14-c4a72b7a6257"
      },
      "fileId": "f9KayxK9pAg4WNeFr1rs+/"
    },
    "_color": {
      "__type__": "cc.Color"
    },
    "_contentSize": {
      "__type__": "cc.Size",
      "width": 54,
      "height": 18
    },
    "_zIndex": 0,
    "_trs": {
      "__type__": "TypedArray",
      "ctor": "Float64Array",
      "array": [
        null,
        -16.6,
        0,
        0,
        0,
        0,
        1,
        1,
        1,
        1
      ]
    }
  },
  {
    "__type__": "cc.Node",
    "_name": "btnVideo",
    "_parent": {
      "__id__": 38
    },
    "_level": 1,
    "_components": [
      {
        "__type__": "cc.Sprite",
        "node": {
          "__id__": 44
        },
        "_spriteFrame": {
          "__uuid__": "fbcf8578-c173-4e1c-80e9-695509c9f797"
        }
      },
      {
        "__type__": "cc.Button",
        "node": {
          "__id__": 44
        },
        "clickEvents": [
          {
            "__type__": "cc.ClickEvent",
            "target": {
              "__id__": 1
            },
            "_componentId": "13e3dbqHg9FJJ46TeWetP0y",
            "handler": "videoClick"
          }
        ],
        "_N$transition": 3,
        "transition": 3,
        "_N$normalColor": {
          "__type__": "cc.Color",
          "r": 255,
          "g": 255,
          "b": 255
        },
        "_N$pressedColor": {
          "__type__": "cc.Color",
          "r": 255,
          "g": 255,
          "b": 255
        },
        "pressedColor": {
          "__type__": "cc.Color",
          "r": 255,
          "g": 255,
          "b": 255
        },
        "_N$disabledColor": {
          "__type__": "cc.Color",
          "r": 255,
          "g": 255,
          "b": 255
        },
        "_N$normalSprite": {
          "__uuid__": "f0048c10-f03e-4c97-b9d3-3506e1d58952"
        },
        "_N$pressedSprite": {
          "__uuid__": "e9ec654c-97a2-4787-9325-e6a10375219a"
        },
        "pressedSprite": {
          "__uuid__": "e9ec654c-97a2-4787-9325-e6a10375219a"
        },
        "_N$hoverSprite": {
          "__uuid__": "f0048c10-f03e-4c97-b9d3-3506e1d58952"
        },
        "hoverSprite": {
          "__uuid__": "f0048c10-f03e-4c97-b9d3-3506e1d58952"
        },
        "_N$disabledSprite": {
          "__uuid__": "29158224-f8dd-4661-a796-1ffab537140e"
        },
        "_N$target": {
          "__id__": 44
        }
      }
    ],
    "_prefab": {
      "__type__": "cc.PrefabInfo",
      "root": {
        "__id__": 1
      },
      "asset": {
        "__uuid__": "7489921c-7ee2-412c-ba14-c4a72b7a6257"
      },
      "fileId": "998yjVuYJEApbEuLgxcSqu"
    },
    "_contentSize": {
      "__type__": "cc.Size",
      "width": 280,
      "height": 84
    },
    "_zIndex": 0,
    "_trs": {
      "__type__": "TypedArray",
      "ctor": "Float64Array",
      "array": [
        4,
        -251,
        0,
        0,
        0,
        0,
        1,
        1,
        1,
        1
      ]
    }
  },
  {
    "__type__": "cc.Node",
    "_name": "jl-text-hejl",
    "_parent": {
      "__id__": 38
    },
    "_components": [
      {
        "__type__": "cc.Sprite",
        "node": {
          "__id__": 45
        },
        "_spriteFrame": {
          "__uuid__": "51055d3c-c089-4b6a-9b1a-a766d279ba79"
        }
      }
    ],
    "_prefab": {
      "__type__": "cc.PrefabInfo",
      "root": {
        "__id__": 1
      },
      "asset": {
        "__uuid__": "7489921c-7ee2-412c-ba14-c4a72b7a6257"
      },
      "fileId": "2dBww6G2FE7pe9NJvr3Bz6"
    },
    "_contentSize": {
      "__type__": "cc.Size",
      "width": 223,
      "height": 50
    },
    "_zIndex": 0,
    "_trs": {
      "__type__": "TypedArray",
      "ctor": "Float64Array",
      "array": [
        11,
        294,
        0,
        0,
        0,
        0,
        1,
        1,
        1,
        1
      ]
    }
  },
  {
    "__type__": "cc.Node",
    "_name": "head",
    "_parent": {
      "__id__": 38
    },
    "_components": [
      {
        "__type__": "cc.Sprite",
        "node": {
          "__id__": 46
        }
      },
      {
        "__type__": "cc.Widget",
        "node": {
          "__id__": 46
        },
        "alignMode": 0,
        "_alignFlags": 2,
        "_verticalCenter": 0.20774970805209036,
        "_isAbsVerticalCenter": false
      }
    ],
    "_prefab": {
      "__type__": "cc.PrefabInfo",
      "root": {
        "__id__": 1
      },
      "asset": {
        "__uuid__": "7489921c-7ee2-412c-ba14-c4a72b7a6257"
      },
      "fileId": "6774ekyFRNA4xBm8idjEm3"
    },
    "_contentSize": {
      "__type__": "cc.Size",
      "width": 124,
      "height": 124
    },
    "_zIndex": 0,
    "_trs": {
      "__type__": "TypedArray",
      "ctor": "Float64Array",
      "array": [
        null,
        145.42479563646324,
        0,
        0,
        0,
        0,
        1,
        1,
        1,
        1
      ]
    }
  },
  {
    "__type__": "cc.Node",
    "_name": "contentLb",
    "_parent": {
      "__id__": 38
    },
    "_components": [
      {
        "__type__": "cc.Label",
        "node": {
          "__id__": 47
        },
        "_useOriginalSize": false,
        "_string": "恭喜获得新款贪吃蛇一个，可以免费使用24小时~",
        "_N$string": "恭喜获得新款贪吃蛇一个，可以免费使用24小时~",
        "_fontSize": 30,
        "_lineHeight": 32,
        "_N$horizontalAlign": 1,
        "_N$verticalAlign": 1,
        "_N$overflow": 2
      }
    ],
    "_prefab": {
      "__type__": "cc.PrefabInfo",
      "root": {
        "__id__": 1
      },
      "asset": {
        "__uuid__": "7489921c-7ee2-412c-ba14-c4a72b7a6257"
      },
      "fileId": "e1CY3QTchDrLBWpNzuQAML"
    },
    "_color": {
      "__type__": "cc.Color",
      "r": 157,
      "g": 94
    },
    "_contentSize": {
      "__type__": "cc.Size",
      "width": 521,
      "height": 112
    },
    "_zIndex": 0,
    "_trs": {
      "__type__": "TypedArray",
      "ctor": "Float64Array",
      "array": [
        null,
        -133,
        0,
        0,
        0,
        0,
        1,
        1,
        1,
        1
      ]
    }
  },
  {
    "__type__": "cc.Node",
    "_name": "sy",
    "_parent": {
      "__id__": 38
    },
    "_components": [
      {
        "__type__": "cc.Sprite",
        "node": {
          "__id__": 48
        },
        "_spriteFrame": {
          "__uuid__": "118c4b00-28d6-4550-9f3f-ec009ab1eb79"
        },
        "_sizeMode": 2
      },
      {
        "__type__": "cc.Widget",
        "node": {
          "__id__": 48
        },
        "alignMode": 0,
        "_alignFlags": 20,
        "_bottom": 472,
        "_horizontalCenter": -202
      }
    ],
    "_prefab": {
      "__type__": "cc.PrefabInfo",
      "root": {
        "__id__": 1
      },
      "asset": {
        "__uuid__": "7489921c-7ee2-412c-ba14-c4a72b7a6257"
      },
      "fileId": "65/qQe+bBEAp1svUTnkTgz"
    },
    "_contentSize": {
      "__type__": "cc.Size",
      "width": 111,
      "height": 126
    },
    "_zIndex": 0,
    "_trs": {
      "__type__": "TypedArray",
      "ctor": "Float64Array",
      "array": [
        -202,
        185,
        0,
        0,
        0,
        0,
        1,
        1,
        1,
        1
      ]
    }
  }
]