[
    {
        "en": "Angola",
        "cn": "安哥拉",
        "code": "+244",
        "mask": 9
    },
    {
        "en": "Afghanistan",
        "cn": "阿富汗",
        "code": "+93",
        "mask": 9
    },
    {
        "en": "Alaska(U.S.A)",
        "cn": "阿拉斯加",
        "code": "+1907"
    },
    {
        "en": "Albania",
        "cn": "阿尔巴尼亚",
        "code": "+355",
        "mask": 9
    },
    {
        "en": "Algeria",
        "cn": "阿尔及利亚",
        "code": "+213",
        "mask": 9
    },
    {
        "en": "Andorra",
        "cn": "安道尔共和国",
        "code": "+376",
        "mask": 6
    },
    {
        "en": "Anguilla",
        "cn": "安圭拉岛",
        "code": "+1254"
    },
    {
        "en": "Antigua and Barbuda",
        "cn": "安提瓜和巴布达",
        "code": "+1268",
        "mask": 7
    },
    {
        "en": "Argentina",
        "cn": "阿根廷",
        "code": "+54",
        "mask": 11
    },
    {
        "en": "Armenia",
        "cn": "亚美尼亚",
        "code": "+374",
        "mask": 8
    },
    {
        "en": "Aruba",
        "cn": "阿鲁巴岛",
        "code": "+297",
        "mask": 7
    },
    {
        "en": "Ascension",
        "cn": "阿森松",
        "code": "+247",
        "mask": 4
    },
    {
        "en": "Australia",
        "cn": "澳大利亚",
        "code": "+61",
        "mask": 9
    },
    {
        "en": "Austria",
        "cn": "奥地利",
        "code": "+43",
        "mask": 9
    },
    {
        "en": "Azerbaijan",
        "cn": "阿塞拜疆",
        "code": "+994",
        "mask": 9
    },
    {
        "en": "Bahamas",
        "cn": "巴哈马",
        "code": "+1242",
        "mask": 7
    },
    {
        "en": "Bahrain",
        "cn": "巴林",
        "code": "+973",
        "mask": 8
    },
    {
        "en": "Bangladesh",
        "cn": "孟加拉国",
        "code": "+880",
        "mask": 10
    },
    {
        "en": "Barbados",
        "cn": "巴巴多斯",
        "code": "+1246",
        "mask": 7
    },
    {
        "en": "Belarus",
        "cn": "白俄罗斯",
        "code": "+375",
        "mask": 9
    },
    {
        "en": "Belgium",
        "cn": "比利时",
        "code": "+32",
        "mask": 9
    },
    {
        "en": "Belize",
        "cn": "伯利兹",
        "code": "+501",
        "mask": 7
    },
    {
        "en": "Benin",
        "cn": "贝宁",
        "code": "+229",
        "mask": 8
    },
    {
        "en": "Bermuda Is",
        "cn": "百慕大群岛",
        "code": "+1441",
        "mask": 7
    },
    {
        "en": "Bhutan",
        "cn": "不丹",
        "code": "+975",
        "mask": 8
    },
    {
        "en": "Bolivia",
        "cn": "玻利维亚",
        "code": "+591",
        "mask": 8
    },
    {
        "en": "Bosnia And Herzegovina",
        "cn": "波斯尼亚和黑塞哥维那",
        "code": "+387",
        "mask": 9
    },
    {
        "en": "Botswana",
        "cn": "博茨瓦纳",
        "code": "+267",
        "mask": 8
    },
    {
        "en": "Brazil",
        "cn": "巴西",
        "code": "+55",
        "mask": 11
    },
    {
        "en": "Brunei",
        "cn": "文莱",
        "code": "+673",
        "mask": 7
    },
    {
        "en": "Bulgaria",
        "cn": "保加利亚",
        "code": "+359",
        "mask": 8
    },
    {
        "en": "Burkina Faso",
        "cn": "布基纳法索",
        "code": "+226",
        "mask": 8
    },
    {
        "en": "Burma",
        "cn": "缅甸",
        "code": "+95",
        "mask": 8
    },
    {
        "en": "Burundi",
        "cn": "布隆迪",
        "code": "+257",
        "mask": 8
    },
    {
        "en": "Cameroon",
        "cn": "喀麦隆",
        "code": "+237",
        "mask": 8
    },
    {
        "en": "Canada",
        "cn": "加拿大",
        "code": "+1",
        "mask": 10
    },
    {
        "en": "Cape Verde",
        "cn": "佛得角",
        "code": "+238",
        "mask": 7
    },
    {
        "en": "Cayman Is",
        "cn": "开曼群岛",
        "code": "+1345",
        "mask": 7
    },
    {
        "en": "Central African Republic",
        "cn": "中非共和国",
        "code": "+236",
        "mask": 8
    },
    {
        "en": "Chad",
        "cn": "乍得",
        "code": "+235",
        "mask": 8
    },
    {
        "en": "Chile",
        "cn": "智利",
        "code": "+56",
        "mask": 9
    },
    {
        "en": "China",
        "cn": "中国",
        "code": "+86",
        "mask": 11
    },
    {
        "en": "Colombia",
        "cn": "哥伦比亚",
        "code": "+57",
        "mask": 10
    },
    {
        "en": "Congo",
        "cn": "刚果",
        "code": "+242",
        "mask": 9
    },
    {
        "en": "Cook Is",
        "cn": "库克群岛",
        "code": "+682",
        "mask": 5
    },
    {
        "en": "Costa Rica",
        "cn": "哥斯达黎加",
        "code": "+506",
        "mask": 8
    },
    {
        "en": "Cuba",
        "cn": "古巴",
        "code": "+53",
        "mask": 8
    },
    {
        "en": "Cyprus",
        "cn": "塞浦路斯",
        "code": "+357",
        "mask": 8
    },
    {
        "en": "Czech Republic",
        "cn": "捷克",
        "code": "+420",
        "mask": 9
    },
    {
        "en": "Republic of Croatia",
        "cn": "克罗地亚共和国",
        "code": "+385",
        "mask": 8
    },
    {
        "en": "Denmark",
        "cn": "丹麦",
        "code": "+45",
        "mask": 8
    },
    {
        "en": "Djibouti",
        "cn": "吉布提",
        "code": "+253",
        "mask": 8
    },
    {
        "en": "Dominica Rep",
        "cn": "多米尼加共和国",
        "code": "+1890"
    },
    {
        "en": "Ecuador",
        "cn": "厄瓜多尔",
        "code": "+593",
        "mask": 9
    },
    {
        "en": "Egypt",
        "cn": "埃及",
        "code": "+20",
        "mask": 10
    },
    {
        "en": "EI Salvador",
        "cn": "萨尔瓦多",
        "code": "+503",
        "mask": 8
    },
    {
        "en": "Estonia",
        "cn": "爱沙尼亚",
        "code": "+372",
        "mask": 8
    },
    {
        "en": "Ethiopia",
        "cn": "埃塞俄比亚",
        "code": "+251",
        "mask": 9
    },
    {
        "en": "Fiji",
        "cn": "斐济",
        "code": "+679",
        "mask": 7
    },
    {
        "en": "Finland",
        "cn": "芬兰",
        "code": "+358",
        "mask": 9
    },
    {
        "en": "France",
        "cn": "法国",
        "code": "+33",
        "mask": 9
    },
    {
        "en": "French Guiana",
        "cn": "法属圭亚那",
        "code": "+594",
        "mask": 9
    },
    {
        "en": "French Polynesia",
        "cn": "法属玻利尼西亚",
        "code": "+689",
        "mask": 6
    },
    {
        "en": "Gabon",
        "cn": "加蓬",
        "code": "+241",
        "mask": 8
    },
    {
        "en": "Gambia",
        "cn": "冈比亚",
        "code": "+220",
        "mask": 7
    },
    {
        "en": "Georgia",
        "cn": "格鲁吉亚",
        "code": "+995",
        "mask": 9
    },
    {
        "en": "Germany",
        "cn": "德国",
        "code": "+49",
        "mask": 11
    },
    {
        "en": "Ghana",
        "cn": "加纳",
        "code": "+233",
        "mask": 9
    },
    {
        "en": "Gibraltar",
        "cn": "直布罗陀",
        "code": "+350",
        "mask": 8
    },
    {
        "en": "Greece",
        "cn": "希腊",
        "code": "+30",
        "mask": 10
    },
    {
        "en": "Grenada",
        "cn": "格林纳达",
        "code": "+1809",
        "mask": 7
    },
    {
        "en": "Guam",
        "cn": "关岛",
        "code": "+1671",
        "mask": 7
    },
    {
        "en": "Guatemala",
        "cn": "危地马拉",
        "code": "+502",
        "mask": 8
    },
    {
        "en": "Guinea",
        "cn": "几内亚",
        "code": "+224",
        "mask": 8
    },
    {
        "en": "Guyana",
        "cn": "圭亚那",
        "code": "+592",
        "mask": 7
    },
    {
        "en": "Haiti",
        "cn": "海地",
        "code": "+509",
        "mask": 8
    },
    {
        "en": "Honduras",
        "cn": "洪都拉斯",
        "code": "+504",
        "mask": 8
    },
    {
        "en": "Hongkong",
        "cn": "香港",
        "code": "+852",
        "mask": 8
    },
    {
        "en": "Hungary",
        "cn": "匈牙利",
        "code": "+36",
        "mask": 9
    },
    {
        "en": "Iceland",
        "cn": "冰岛",
        "code": "+354",
        "mask": 7
    },
    {
        "en": "India",
        "cn": "印度",
        "code": "+91",
        "mask": 10
    },
    {
        "en": "Indonesia",
        "cn": "印度尼西亚",
        "code": "+62",
        "mask": 9
    },
    {
        "en": "Iran",
        "cn": "伊朗",
        "code": "+98",
        "mask": 10
    },
    {
        "en": "Iraq",
        "cn": "伊拉克",
        "code": "+964",
        "mask": 10
    },
    {
        "en": "Ireland",
        "cn": "爱尔兰",
        "code": "+353",
        "mask": 9
    },
    {
        "en": "Israel",
        "cn": "以色列",
        "code": "+972",
        "mask": 9
    },
    {
        "en": "Italy",
        "cn": "意大利",
        "code": "+39",
        "mask": 10
    },
    {
        "en": "Ivory Coast",
        "cn": "科特迪瓦",
        "code": "+225",
        "mask": 7
    },
    {
        "en": "Jamaica",
        "cn": "牙买加",
        "code": "+1876",
        "mask": 7
    },
    {
        "en": "Japan",
        "cn": "日本",
        "code": "+81",
        "mask": 10
    },
    {
        "en": "Jordan",
        "cn": "约旦",
        "code": "+962",
        "mask": 9
    },
    {
        "en": "Cambodia",
        "cn": "柬埔寨",
        "code": "+855",
        "mask": 8
    },
    {
        "en": "Kazakhstan",
        "cn": "哈萨克斯坦",
        "code": "+327"
    },
    {
        "en": "Kenya",
        "cn": "肯尼亚",
        "code": "+254",
        "mask": 9
    },
    {
        "en": "Korea",
        "cn": "韩国",
        "code": "+82",
        "mask": 10
    },
    {
        "en": "Kuwait",
        "cn": "科威特",
        "code": "+965",
        "mask": 8
    },
    {
        "en": "Kyrgyzstan",
        "cn": "吉尔吉斯坦",
        "code": "+331"
    },
    {
        "en": "Laos",
        "cn": "老挝",
        "code": "+856",
        "mask": 10
    },
    {
        "en": "Latvia",
        "cn": "拉脱维亚",
        "code": "+371",
        "mask": 8
    },
    {
        "en": "Lebanon",
        "cn": "黎巴嫩",
        "code": "+961",
        "mask": 8
    },
    {
        "en": "Lesotho",
        "cn": "莱索托",
        "code": "+266",
        "mask": 8
    },
    {
        "en": "Liberia",
        "cn": "利比里亚",
        "code": "+231",
        "mask": 7
    },
    {
        "en": "Libya",
        "cn": "利比亚",
        "code": "+218",
        "mask": 9
    },
    {
        "en": "Liechtenstein",
        "cn": "列支敦士登",
        "code": "+423",
        "mask": 9
    },
    {
        "en": "Lithuania",
        "cn": "立陶宛",
        "code": "+370",
        "mask": 8
    },
    {
        "en": "Luxembourg",
        "cn": "卢森堡",
        "code": "+352",
        "mask": 9
    },
    {
        "en": "Macao",
        "cn": "澳门",
        "code": "+853",
        "mask": 8
    },
    {
        "en": "Madagascar",
        "cn": "马达加斯加",
        "code": "+261",
        "mask": 9
    },
    {
        "en": "Malawi",
        "cn": "马拉维",
        "code": "+265",
        "mask": 9
    },
    {
        "en": "Malaysia",
        "cn": "马来西亚",
        "code": "+60",
        "mask": 9
    },
    {
        "en": "Maldives",
        "cn": "马尔代夫",
        "code": "+960",
        "mask": 7
    },
    {
        "en": "Mali",
        "cn": "马里",
        "code": "+223",
        "mask": 8
    },
    {
        "en": "Malta",
        "cn": "马耳他",
        "code": "+356",
        "mask": 8
    },
    {
        "en": "Mariana Is",
        "cn": "马里亚那群岛",
        "code": "+1670",
        "mask": 7
    },
    {
        "en": "Martinique",
        "cn": "马提尼克",
        "code": "+596",
        "mask": 9
    },
    {
        "en": "Mauritius",
        "cn": "毛里求斯",
        "code": "+230",
        "mask": 7
    },
    {
        "en": "Mexico",
        "cn": "墨西哥",
        "code": "+52",
        "mask": 11
    },
    {
        "en": "Moldova",
        "cn": "摩尔多瓦",
        "code": "+373",
        "mask": 8
    },
    {
        "en": "Monaco",
        "cn": "摩纳哥",
        "code": "+377",
        "mask": 9
    },
    {
        "en": "Mongolia",
        "cn": "蒙古",
        "code": "+976",
        "mask": 8
    },
    {
        "en": "Montserrat Is",
        "cn": "蒙特塞拉特岛",
        "code": "+1664",
        "mask": 7
    },
    {
        "en": "Morocco",
        "cn": "摩洛哥",
        "code": "+212",
        "mask": 9
    },
    {
        "en": "Mozambique",
        "cn": "莫桑比克",
        "code": "+258",
        "mask": 9
    },
    {
        "en": "Namibia",
        "cn": "纳米比亚",
        "code": "+264",
        "mask": 9
    },
    {
        "en": "Nauru",
        "cn": "瑙鲁",
        "code": "+674",
        "mask": 7
    },
    {
        "en": "Nepal",
        "cn": "尼泊尔",
        "code": "+977",
        "mask": 10
    },
    {
        "en": "Netheriands Antilles",
        "cn": "荷属安的列斯",
        "code": "+599",
        "mask": 8
    },
    {
        "en": "Netherlands",
        "cn": "荷兰",
        "code": "+31",
        "mask": 9
    },
    {
        "en": "New Zealand",
        "cn": "新西兰",
        "code": "+64",
        "mask": 9
    },
    {
        "en": "Nicaragua",
        "cn": "尼加拉瓜",
        "code": "+505",
        "mask": 8
    },
    {
        "en": "Niger",
        "cn": "尼日尔",
        "code": "+227",
        "mask": 8
    },
    {
        "en": "Nigeria",
        "cn": "尼日利亚",
        "code": "+234",
        "mask": 10
    },
    {
        "en": "North Korea",
        "cn": "朝鲜",
        "code": "+850",
        "mask": 10
    },
    {
        "en": "Norway",
        "cn": "挪威",
        "code": "+47",
        "mask": 8
    },
    {
        "en": "Oman",
        "cn": "阿曼",
        "code": "+968",
        "mask": 8
    },
    {
        "en": "Pakistan",
        "cn": "巴基斯坦",
        "code": "+92",
        "mask": 10
    },
    {
        "en": "Panama",
        "cn": "巴拿马",
        "code": "+507",
        "mask": 8
    },
    {
        "en": "Papua New Cuinea",
        "cn": "巴布亚新几内亚",
        "code": "+675",
        "mask": 7
    },
    {
        "en": "Paraguay",
        "cn": "巴拉圭",
        "code": "+595",
        "mask": 9
    },
    {
        "en": "Peru",
        "cn": "秘鲁",
        "code": "+51",
        "mask": 9
    },
    {
        "en": "Philippines",
        "cn": "菲律宾",
        "code": "+63",
        "mask": 10
    },
    {
        "en": "Poland",
        "cn": "波兰",
        "code": "+48",
        "mask": 9
    },
    {
        "en": "Portugal",
        "cn": "葡萄牙",
        "code": "+351",
        "mask": 9
    },
    {
        "en": "Puerto Rico",
        "cn": "波多黎各",
        "code": "+1787",
        "mask": 6
    },
    {
        "en": "Qatar",
        "cn": "卡塔尔",
        "code": "+974",
        "mask": 8
    },
    {
        "en": "Reunion",
        "cn": "留尼旺",
        "code": "+262",
        "mask": 9
    },
    {
        "en": "Romania",
        "cn": "罗马尼亚",
        "code": "+40",
        "mask": 9
    },
    {
        "en": "Russia",
        "cn": "俄罗斯",
        "code": "+7",
        "mask": 10
    },
    {
        "en": "Saint Vincent",
        "cn": "圣文森特岛",
        "code": "+1784"
    },
    {
        "en": "Samoa Eastern",
        "cn": "东萨摩亚(美)",
        "code": "+684"
    },
    {
        "en": "Samoa Western",
        "cn": "西萨摩亚",
        "code": "+685",
        "mask": 6
    },
    {
        "en": "San Marino",
        "cn": "圣马力诺",
        "code": "+378",
        "mask": 8
    },
    {
        "en": "Sao Tome and Principe",
        "cn": "圣多美和普林西比",
        "code": "+239",
        "mask": 7
    },
    {
        "en": "Saudi Arabia",
        "cn": "沙特阿拉伯",
        "code": "+966",
        "mask": 9
    },
    {
        "en": "Senegal",
        "cn": "塞内加尔",
        "code": "+221",
        "mask": 9
    },
    {
        "en": "Seychelles",
        "cn": "塞舌尔",
        "code": "+248",
        "mask": 7
    },
    {
        "en": "Sierra Leone",
        "cn": "塞拉利昂",
        "code": "+232",
        "mask": 8
    },
    {
        "en": "Singapore",
        "cn": "新加坡",
        "code": "+65",
        "mask": 8
    },
    {
        "en": "Slovakia",
        "cn": "斯洛伐克",
        "code": "+421",
        "mask": 9
    },
    {
        "en": "Slovenia",
        "cn": "斯洛文尼亚",
        "code": "+386",
        "mask": 8
    },
    {
        "en": "Solomon Is",
        "cn": "所罗门群岛",
        "code": "+677",
        "mask": 7
    },
    {
        "en": "Somali",
        "cn": "索马里",
        "code": "+252",
        "mask": 8
    },
    {
        "en": "South Africa",
        "cn": "南非",
        "code": "+27",
        "mask": 9
    },
    {
        "en": "Spain",
        "cn": "西班牙",
        "code": "+34",
        "mask": 9
    },
    {
        "en": "SriLanka",
        "cn": "斯里兰卡",
        "code": "+94",
        "mask": 9
    },
    {
        "en": "Saint Lucia",
        "cn": "圣卢西亚",
        "code": "+1758",
        "mask": 7
    },
    {
        "en": "St.Vincent",
        "cn": "圣文森特",
        "code": "+1784",
        "mask": 7
    },
    {
        "en": "Sudan",
        "cn": "苏丹",
        "code": "+249",
        "mask": 9
    },
    {
        "en": "Suriname",
        "cn": "苏里南",
        "code": "+597",
        "mask": 7
    },
    {
        "en": "Swaziland",
        "cn": "斯威士兰",
        "code": "+268",
        "mask": 8
    },
    {
        "en": "Sweden",
        "cn": "瑞典",
        "code": "+46",
        "mask": 9
    },
    {
        "en": "Switzerland",
        "cn": "瑞士",
        "code": "+41",
        "mask": 9
    },
    {
        "en": "Syria",
        "cn": "叙利亚",
        "code": "+963",
        "mask": 9
    },
    {
        "en": "Taiwan",
        "cn": "台湾省",
        "code": "+886",
        "mask": 9
    },
    {
        "en": "Tajikstan",
        "cn": "塔吉克斯坦",
        "code": "+992",
        "mask": 9
    },
    {
        "en": "Tanzania",
        "cn": "坦桑尼亚",
        "code": "+255",
        "mask": 9
    },
    {
        "en": "Thailand",
        "cn": "泰国",
        "code": "+66",
        "mask": 9
    },
    {
        "en": "Togo",
        "cn": "多哥",
        "code": "+228",
        "mask": 8
    },
    {
        "en": "Tonga",
        "cn": "汤加",
        "code": "+676",
        "mask": 7
    },
    {
        "en": "Trinidad and Tobago",
        "cn": "特立尼达和多巴哥",
        "code": "+1868",
        "mask": 7
    },
    {
        "en": "Tunisia",
        "cn": "突尼斯",
        "code": "+216",
        "mask": 8
    },
    {
        "en": "Turkey",
        "cn": "土耳其",
        "code": "+90",
        "mask": 10
    },
    {
        "en": "Turkmenistan",
        "cn": "土库曼斯坦",
        "code": "+993",
        "mask": 8
    },
    {
        "en": "Uganda",
        "cn": "乌干达",
        "code": "+256",
        "mask": 9
    },
    {
        "en": "Ukraine",
        "cn": "乌克兰",
        "code": "+380",
        "mask": 9
    },
    {
        "en": "United Arab Emirates",
        "cn": "阿拉伯联合酋长国",
        "code": "+971",
        "mask": 9
    },
    {
        "en": "United Kiongdom",
        "cn": "英国",
        "code": "+44",
        "mask": 10
    },
    {
        "en": "United States of America",
        "cn": "美国",
        "code": "+1",
        "mask": 10
    },
    {
        "en": "Uruguay",
        "cn": "乌拉圭",
        "code": "+598",
        "mask": 8
    },
    {
        "en": "Uzbekistan",
        "cn": "乌兹别克斯坦",
        "code": "+998",
        "mask": 9
    },
    {
        "en": "Venezuela",
        "cn": "委内瑞拉",
        "code": "+58",
        "mask": 10
    },
    {
        "en": "Vietnam",
        "cn": "越南",
        "code": "+84",
        "mask": 9
    },
    {
        "en": "Yemen",
        "cn": "也门",
        "code": "+967",
        "mask": 9
    },
    {
        "en": "Yugoslavia",
        "cn": "南斯拉夫",
        "code": "+381",
        "mask": 9
    },
    {
        "en": "Zimbabwe",
        "cn": "津巴布韦",
        "code": "+263",
        "mask": 9
    },
    {
        "en": "Zaire",
        "cn": "扎伊尔",
        "code": "+243",
        "mask": 9
    },
    {
        "en": "Zambia",
        "cn": "赞比亚",
        "code": "+260",
        "mask": 9
    }
]
