[
  {
    "__type__": "cc.SceneAsset",
    "_name": "mainScene",
    "scene": {
      "__id__": 1
    },
    "asyncLoadAssets": false
  },
  {
    "__type__": "cc.Scene",
    "_name": "New Node",
    "_children": [
      {
        "__id__": 2
      },
      {
        "__id__": 56
      }
    ],
    "_active": false,
    "_anchorPoint": {
      "__type__": "cc.Vec2"
    },
    "autoReleaseAssets": false,
    "_trs": {
      "__type__": "TypedArray",
      "ctor": "Float64Array",
      "array": [
        0,
        0,
        0,
        0,
        0,
        0,
        1,
        0.43649382861438546,
        0.43649382861438546,
        1
      ]
    }
  },
  {
    "__type__": "cc.Node",
    "_name": "Canvas",
    "_parent": {
      "__id__": 1
    },
    "_children": [
      {
        "__id__": 3
      },
      {
        "__id__": 4
      },
      {
        "__id__": 20
      },
      {
        "__id__": 24
      },
      {
        "__id__": 28
      },
      {
        "__id__": 32
      },
      {
        "__id__": 33
      },
      {
        "__id__": 49
      }
    ],
    "_level": 1,
    "_components": [
      {
        "__type__": "cc.Canvas",
        "node": {
          "__id__": 2
        },
        "_designResolution": {
          "__type__": "cc.Size",
          "width": 720,
          "height": 1280
        },
        "_fitWidth": true,
        "_fitHeight": false
      },
      {
        "__type__": "f7cacGAL4pCK59XOIfioZsZ",
        "node": {
          "__id__": 2
        },
        "scoreLb": {
          "__id__": 12
        },
        "skinNodePrefab": {
          "__uuid__": "0c80d545-4af5-49d3-9bde-629ab7dcee5c"
        },
        "bgNodePrefab": {
          "__uuid__": "dfd4c81d-dec9-409f-9cef-aead68fe40ec"
        },
        "groupNodePrefab": {
          "__uuid__": "ebe577cf-0815-4ce2-96c0-3290d3882a23"
        },
        "dailyNodePrefab": {
          "__uuid__": "1cc33e8d-c549-412d-a2e2-f857680c5d91"
        },
        "gameEnd": {
          "__uuid__": "60425231-65c9-45b3-9b9c-bf39284a7594"
        },
        "skinItemPre": {
          "__uuid__": "d4565f81-5bee-48fc-a2c7-ec162de4dd60"
        },
        "fuliPre": {
          "__uuid__": "3b948e66-d538-4894-9de4-cd9ada084d3b"
        },
        "hbnodePre": {
          "__uuid__": "8fa0241f-3876-4d41-afab-629c92851ef7"
        },
        "skinContent": {
          "__id__": 35
        },
        "unLockgoldLb": {
          "__id__": 39
        },
        "unlockTips": {
          "__id__": 43
        },
        "unLockBtn": {
          "__id__": 40
        },
        "useSkinBtn": {
          "__id__": 41
        },
        "goldCount": {
          "__id__": 31
        },
        "playTips": {
          "__id__": 16
        },
        "lblGold": {
          "__id__": 31
        },
        "topBar": {
          "__id__": 32
        }
      }
    ],
    "_contentSize": {
      "__type__": "cc.Size",
      "width": 720,
      "height": 1280
    },
    "_id": "e77CE5eM9FIY9ZDkTgX4so",
    "_trs": {
      "__type__": "TypedArray",
      "ctor": "Float64Array",
      "array": [
        360,
        640,
        0,
        0,
        0,
        0,
        1,
        1,
        1,
        1
      ]
    }
  },
  {
    "__type__": "cc.Node",
    "_name": "Main Camera",
    "_parent": {
      "__id__": 2
    },
    "_components": [
      {
        "__type__": "cc.Camera",
        "node": {
          "__id__": 3
        },
        "_clearFlags": 0
      }
    ],
    "_trs": {
      "__type__": "TypedArray",
      "ctor": "Float64Array",
      "array": [
        0,
        0,
        0,
        0,
        0,
        0,
        1,
        1,
        1,
        1
      ]
    }
  },
  {
    "__type__": "cc.Node",
    "_name": "bgColor",
    "_parent": {
      "__id__": 2
    },
    "_children": [
      {
        "__id__": 5
      },
      {
        "__id__": 11
      },
      {
        "__id__": 13
      },
      {
        "__id__": 14
      },
      {
        "__id__": 16
      },
      {
        "__id__": 17
      }
    ],
    "_components": [
      {
        "__type__": "cc.Sprite",
        "node": {
          "__id__": 4
        },
        "_spriteFrame": {
          "__uuid__": "a23235d1-15db-4b95-8439-a2e005bfff91"
        },
        "_sizeMode": 0
      },
      {
        "__type__": "cc.Widget",
        "node": {
          "__id__": 4
        },
        "alignMode": 0,
        "_alignFlags": 45,
        "_top": 3.552713678800501e-15,
        "_bottom": -3.552713678800501e-15,
        "_originalWidth": 100,
        "_originalHeight": 100
      }
    ],
    "_color": {
      "__type__": "cc.Color",
      "r": 47,
      "g": 47,
      "b": 47
    },
    "_contentSize": {
      "__type__": "cc.Size",
      "width": 720,
      "height": 1280
    },
    "_trs": {
      "__type__": "TypedArray",
      "ctor": "Float64Array",
      "array": [
        0,
        0,
        0,
        0,
        0,
        0,
        1,
        1,
        1,
        1
      ]
    }
  },
  {
    "__type__": "cc.Node",
    "_name": "title",
    "_parent": {
      "__id__": 4
    },
    "_children": [
      {
        "__id__": 6
      },
      {
        "__id__": 8
      },
      {
        "__id__": 10
      }
    ],
    "_components": [
      {
        "__type__": "cc.Sprite",
        "node": {
          "__id__": 5
        },
        "_spriteFrame": {
          "__uuid__": "8de20cd5-c64b-4b10-a4c4-59bfa3bf3656"
        }
      },
      {
        "__type__": "cc.Widget",
        "node": {
          "__id__": 5
        },
        "alignMode": 0,
        "_alignFlags": 18,
        "_top": 200,
        "_verticalCenter": 0.3187499999999999,
        "_isAbsVerticalCenter": false
      }
    ],
    "_contentSize": {
      "__type__": "cc.Size",
      "width": 492,
      "height": 188
    },
    "_trs": {
      "__type__": "TypedArray",
      "ctor": "Float64Array",
      "array": [
        null,
        407.9999999999999,
        0,
        0,
        0,
        0,
        1,
        1,
        1,
        1
      ]
    }
  },
  {
    "__type__": "cc.Node",
    "_name": "btnMute",
    "_parent": {
      "__id__": 5
    },
    "_children": [
      {
        "__id__": 7
      }
    ],
    "_components": [
      {
        "__type__": "cc.Sprite",
        "node": {
          "__id__": 6
        },
        "_spriteFrame": {
          "__uuid__": "8ccf42f8-f1ed-4f59-8e5c-a6c9527f59b8"
        },
        "_sizeMode": 0
      },
      {
        "__type__": "cc.Button",
        "node": {
          "__id__": 6
        },
        "clickEvents": [
          {
            "__type__": "cc.ClickEvent",
            "target": {
              "__id__": 2
            },
            "component": "mainScene",
            "handler": "muteClick"
          }
        ],
        "_N$transition": 3,
        "transition": 3,
        "_N$normalColor": {
          "__type__": "cc.Color",
          "r": 255,
          "g": 255,
          "b": 255
        },
        "_N$pressedColor": {
          "__type__": "cc.Color",
          "r": 255,
          "g": 255,
          "b": 255
        },
        "pressedColor": {
          "__type__": "cc.Color",
          "r": 255,
          "g": 255,
          "b": 255
        },
        "_N$disabledColor": {
          "__type__": "cc.Color",
          "r": 255,
          "g": 255,
          "b": 255
        },
        "_N$normalSprite": {
          "__uuid__": "f0048c10-f03e-4c97-b9d3-3506e1d58952"
        },
        "_N$pressedSprite": {
          "__uuid__": "e9ec654c-97a2-4787-9325-e6a10375219a"
        },
        "pressedSprite": {
          "__uuid__": "e9ec654c-97a2-4787-9325-e6a10375219a"
        },
        "_N$hoverSprite": {
          "__uuid__": "e9ec654c-97a2-4787-9325-e6a10375219a"
        },
        "hoverSprite": {
          "__uuid__": "e9ec654c-97a2-4787-9325-e6a10375219a"
        },
        "_N$disabledSprite": {
          "__uuid__": "29158224-f8dd-4661-a796-1ffab537140e"
        },
        "_N$target": {
          "__id__": 6
        }
      },
      {
        "__type__": "cc.Widget",
        "node": {
          "__id__": 6
        },
        "alignMode": 0,
        "_alignFlags": 4,
        "_bottom": 143.5
      }
    ],
    "_contentSize": {
      "__type__": "cc.Size",
      "width": 63,
      "height": 63
    },
    "_trs": {
      "__type__": "TypedArray",
      "ctor": "Float64Array",
      "array": [
        302,
        81,
        0,
        0,
        0,
        0,
        1,
        1,
        1,
        1
      ]
    }
  },
  {
    "__type__": "cc.Node",
    "_name": "Label",
    "_parent": {
      "__id__": 6
    },
    "_active": false,
    "_components": [
      {
        "__type__": "cc.Label",
        "node": {
          "__id__": 7
        },
        "_useOriginalSize": false,
        "_string": "音效",
        "_N$string": "音效",
        "_fontSize": 31,
        "_enableWrapText": false,
        "_N$horizontalAlign": 1,
        "_N$verticalAlign": 1,
        "_N$overflow": 1
      },
      {
        "__type__": "cc.Widget",
        "node": {
          "__id__": 7
        },
        "_wasAlignOnce": {},
        "isAlignOnce": {},
        "_alignFlags": 20,
        "_bottom": -46
      }
    ],
    "_contentSize": {
      "__type__": "cc.Size",
      "width": 100,
      "height": 40
    },
    "_trs": {
      "__type__": "TypedArray",
      "ctor": "Float64Array",
      "array": [
        null,
        -57.5,
        0,
        0,
        0,
        0,
        1,
        1,
        1,
        1
      ]
    }
  },
  {
    "__type__": "cc.Node",
    "_name": "btnAudio",
    "_parent": {
      "__id__": 5
    },
    "_children": [
      {
        "__id__": 9
      }
    ],
    "_components": [
      {
        "__type__": "cc.Sprite",
        "node": {
          "__id__": 8
        },
        "_spriteFrame": {
          "__uuid__": "0a5b4c9b-1114-4aa6-ab3a-62aeecd147fc"
        },
        "_sizeMode": 0
      },
      {
        "__type__": "cc.Button",
        "node": {
          "__id__": 8
        },
        "clickEvents": [
          {
            "__type__": "cc.ClickEvent",
            "target": {
              "__id__": 2
            },
            "component": "mainScene",
            "handler": "audioClick"
          }
        ],
        "_N$transition": 3,
        "transition": 3,
        "_N$normalColor": {
          "__type__": "cc.Color",
          "r": 255,
          "g": 255,
          "b": 255
        },
        "_N$pressedColor": {
          "__type__": "cc.Color",
          "r": 255,
          "g": 255,
          "b": 255
        },
        "pressedColor": {
          "__type__": "cc.Color",
          "r": 255,
          "g": 255,
          "b": 255
        },
        "_N$disabledColor": {
          "__type__": "cc.Color",
          "r": 255,
          "g": 255,
          "b": 255
        },
        "_N$normalSprite": {
          "__uuid__": "f0048c10-f03e-4c97-b9d3-3506e1d58952"
        },
        "_N$pressedSprite": {
          "__uuid__": "e9ec654c-97a2-4787-9325-e6a10375219a"
        },
        "pressedSprite": {
          "__uuid__": "e9ec654c-97a2-4787-9325-e6a10375219a"
        },
        "_N$hoverSprite": {
          "__uuid__": "e9ec654c-97a2-4787-9325-e6a10375219a"
        },
        "hoverSprite": {
          "__uuid__": "e9ec654c-97a2-4787-9325-e6a10375219a"
        },
        "_N$disabledSprite": {
          "__uuid__": "29158224-f8dd-4661-a796-1ffab537140e"
        },
        "_N$target": {
          "__id__": 8
        }
      },
      {
        "__type__": "cc.Widget",
        "node": {
          "__id__": 8
        },
        "alignMode": 0,
        "_alignFlags": 4,
        "_bottom": 143.5
      }
    ],
    "_contentSize": {
      "__type__": "cc.Size",
      "width": 63,
      "height": 63
    },
    "_trs": {
      "__type__": "TypedArray",
      "ctor": "Float64Array",
      "array": [
        302,
        81,
        0,
        0,
        0,
        0,
        1,
        1,
        1,
        1
      ]
    }
  },
  {
    "__type__": "cc.Node",
    "_name": "Label",
    "_parent": {
      "__id__": 8
    },
    "_active": false,
    "_components": [
      {
        "__type__": "cc.Label",
        "node": {
          "__id__": 9
        },
        "_useOriginalSize": false,
        "_string": "音效",
        "_N$string": "音效",
        "_fontSize": 31,
        "_enableWrapText": false,
        "_N$horizontalAlign": 1,
        "_N$verticalAlign": 1,
        "_N$overflow": 1
      },
      {
        "__type__": "cc.Widget",
        "node": {
          "__id__": 9
        },
        "_wasAlignOnce": {},
        "isAlignOnce": {},
        "_alignFlags": 20,
        "_bottom": -46
      }
    ],
    "_contentSize": {
      "__type__": "cc.Size",
      "width": 100,
      "height": 40
    },
    "_trs": {
      "__type__": "TypedArray",
      "ctor": "Float64Array",
      "array": [
        null,
        -57.5,
        0,
        0,
        0,
        0,
        1,
        1,
        1,
        1
      ]
    }
  },
  {
    "__type__": "cc.Node",
    "_name": "btnGroup",
    "_parent": {
      "__id__": 5
    },
    "_components": [
      {
        "__type__": "cc.Sprite",
        "node": {
          "__id__": 10
        },
        "_spriteFrame": {
          "__uuid__": "7994af46-d343-4607-a655-01472558d7d9"
        },
        "_type": 1,
        "_sizeMode": 2
      },
      {
        "__type__": "cc.Button",
        "node": {
          "__id__": 10
        },
        "clickEvents": [
          {
            "__type__": "cc.ClickEvent",
            "target": {
              "__id__": 2
            },
            "component": "mainScene",
            "handler": "groupClick"
          }
        ],
        "_N$transition": 3,
        "transition": 3,
        "_N$normalColor": {
          "__type__": "cc.Color",
          "r": 255,
          "g": 255,
          "b": 255
        },
        "_N$pressedColor": {
          "__type__": "cc.Color",
          "r": 255,
          "g": 255,
          "b": 255
        },
        "pressedColor": {
          "__type__": "cc.Color",
          "r": 255,
          "g": 255,
          "b": 255
        },
        "_N$disabledColor": {
          "__type__": "cc.Color",
          "r": 255,
          "g": 255,
          "b": 255
        },
        "_N$normalSprite": {
          "__uuid__": "f0048c10-f03e-4c97-b9d3-3506e1d58952"
        },
        "_N$pressedSprite": {
          "__uuid__": "e9ec654c-97a2-4787-9325-e6a10375219a"
        },
        "pressedSprite": {
          "__uuid__": "e9ec654c-97a2-4787-9325-e6a10375219a"
        },
        "_N$hoverSprite": {
          "__uuid__": "e9ec654c-97a2-4787-9325-e6a10375219a"
        },
        "hoverSprite": {
          "__uuid__": "e9ec654c-97a2-4787-9325-e6a10375219a"
        },
        "_N$disabledSprite": {
          "__uuid__": "29158224-f8dd-4661-a796-1ffab537140e"
        },
        "_N$target": {
          "__id__": 10
        }
      },
      {
        "__type__": "cc.Widget",
        "node": {
          "__id__": 10
        },
        "alignMode": 0,
        "_alignFlags": 18,
        "_verticalCenter": 0.43085106382978716,
        "_horizontalCenter": 213,
        "_isAbsVerticalCenter": false
      }
    ],
    "_contentSize": {
      "__type__": "cc.Size",
      "width": 63,
      "height": 63
    },
    "_trs": {
      "__type__": "TypedArray",
      "ctor": "Float64Array",
      "array": [
        213,
        80.99999999999999,
        0,
        0,
        0,
        0,
        1,
        1,
        1,
        1
      ]
    }
  },
  {
    "__type__": "cc.Node",
    "_name": "scoreLb",
    "_parent": {
      "__id__": 4
    },
    "_components": [
      {
        "__id__": 12
      },
      {
        "__type__": "cc.Widget",
        "node": {
          "__id__": 11
        },
        "alignMode": 0,
        "_alignFlags": 18,
        "_verticalCenter": 0.20078125,
        "_isAbsVerticalCenter": false
      }
    ],
    "_color": {
      "__type__": "cc.Color",
      "r": 172,
      "g": 172,
      "b": 172
    },
    "_contentSize": {
      "__type__": "cc.Size",
      "width": 169.43,
      "height": 34
    },
    "_trs": {
      "__type__": "TypedArray",
      "ctor": "Float64Array",
      "array": [
        null,
        257,
        0,
        0,
        0,
        0,
        1,
        1,
        1,
        1
      ]
    }
  },
  {
    "__type__": "cc.Label",
    "node": {
      "__id__": 11
    },
    "_useOriginalSize": false,
    "_string": "最高分: 2000",
    "_N$string": "最高分: 2000",
    "_fontSize": 34,
    "_lineHeight": 120,
    "_N$file": {
      "__uuid__": "7fb48414-e05d-4345-9536-9aad7cbd6ff4"
    },
    "_isSystemFontUsed": false,
    "_N$horizontalAlign": 1,
    "_N$verticalAlign": 1
  },
  {
    "__type__": "cc.Node",
    "_name": "btnStart",
    "_parent": {
      "__id__": 4
    },
    "_active": false,
    "_components": [
      {
        "__type__": "cc.Sprite",
        "node": {
          "__id__": 13
        },
        "_spriteFrame": {
          "__uuid__": "177e4355-2ee1-4563-9b4a-972274c756dc"
        },
        "_sizeMode": 2
      },
      {
        "__type__": "cc.Button",
        "node": {
          "__id__": 13
        },
        "clickEvents": [
          {
            "__type__": "cc.ClickEvent",
            "target": {
              "__id__": 2
            },
            "component": "mainScene",
            "handler": "startClick"
          }
        ],
        "_N$transition": 3,
        "transition": 3,
        "_N$normalColor": {
          "__type__": "cc.Color",
          "r": 255,
          "g": 255,
          "b": 255
        },
        "_N$pressedColor": {
          "__type__": "cc.Color",
          "r": 255,
          "g": 255,
          "b": 255
        },
        "pressedColor": {
          "__type__": "cc.Color",
          "r": 255,
          "g": 255,
          "b": 255
        },
        "_N$disabledColor": {
          "__type__": "cc.Color",
          "r": 255,
          "g": 255,
          "b": 255
        },
        "_N$normalSprite": {
          "__uuid__": "f0048c10-f03e-4c97-b9d3-3506e1d58952"
        },
        "_N$pressedSprite": {
          "__uuid__": "e9ec654c-97a2-4787-9325-e6a10375219a"
        },
        "pressedSprite": {
          "__uuid__": "e9ec654c-97a2-4787-9325-e6a10375219a"
        },
        "_N$hoverSprite": {
          "__uuid__": "e9ec654c-97a2-4787-9325-e6a10375219a"
        },
        "hoverSprite": {
          "__uuid__": "e9ec654c-97a2-4787-9325-e6a10375219a"
        },
        "_N$disabledSprite": {
          "__uuid__": "29158224-f8dd-4661-a796-1ffab537140e"
        },
        "_N$target": {
          "__id__": 13
        }
      },
      {
        "__type__": "cc.Widget",
        "node": {
          "__id__": 13
        },
        "alignMode": 0,
        "_alignFlags": 18,
        "_verticalCenter": -0.16343750000000024,
        "_isAbsVerticalCenter": false
      }
    ],
    "_contentSize": {
      "__type__": "cc.Size",
      "width": 300,
      "height": 111
    },
    "_trs": {
      "__type__": "TypedArray",
      "ctor": "Float64Array",
      "array": [
        null,
        -209.2000000000003,
        0,
        0,
        0,
        0,
        1,
        1,
        1,
        1
      ]
    }
  },
  {
    "__type__": "cc.Node",
    "_name": "btnSkin",
    "_parent": {
      "__id__": 4
    },
    "_children": [
      {
        "__id__": 15
      }
    ],
    "_active": false,
    "_components": [
      {
        "__type__": "cc.Sprite",
        "node": {
          "__id__": 14
        },
        "_spriteFrame": {
          "__uuid__": "05cfa75b-6680-49ed-8979-30f8ecd639a1"
        },
        "_sizeMode": 0
      },
      {
        "__type__": "cc.Button",
        "node": {
          "__id__": 14
        },
        "clickEvents": [
          {
            "__type__": "cc.ClickEvent",
            "target": {
              "__id__": 2
            },
            "component": "mainScene",
            "handler": "skinClick"
          }
        ],
        "_N$transition": 3,
        "transition": 3,
        "_N$normalColor": {
          "__type__": "cc.Color",
          "r": 255,
          "g": 255,
          "b": 255
        },
        "_N$pressedColor": {
          "__type__": "cc.Color",
          "r": 255,
          "g": 255,
          "b": 255
        },
        "pressedColor": {
          "__type__": "cc.Color",
          "r": 255,
          "g": 255,
          "b": 255
        },
        "_N$disabledColor": {
          "__type__": "cc.Color",
          "r": 255,
          "g": 255,
          "b": 255
        },
        "_N$normalSprite": {
          "__uuid__": "f0048c10-f03e-4c97-b9d3-3506e1d58952"
        },
        "_N$pressedSprite": {
          "__uuid__": "e9ec654c-97a2-4787-9325-e6a10375219a"
        },
        "pressedSprite": {
          "__uuid__": "e9ec654c-97a2-4787-9325-e6a10375219a"
        },
        "_N$hoverSprite": {
          "__uuid__": "e9ec654c-97a2-4787-9325-e6a10375219a"
        },
        "hoverSprite": {
          "__uuid__": "e9ec654c-97a2-4787-9325-e6a10375219a"
        },
        "_N$disabledSprite": {
          "__uuid__": "29158224-f8dd-4661-a796-1ffab537140e"
        },
        "_N$target": {
          "__id__": 14
        }
      },
      {
        "__type__": "cc.Widget",
        "node": {
          "__id__": 14
        },
        "alignMode": 0,
        "_alignFlags": 4,
        "_bottom": 377
      }
    ],
    "_contentSize": {
      "__type__": "cc.Size",
      "width": 100,
      "height": 100
    },
    "_trs": {
      "__type__": "TypedArray",
      "ctor": "Float64Array",
      "array": [
        323,
        -228,
        0,
        0,
        0,
        0,
        1,
        0.7,
        0.7,
        1
      ]
    }
  },
  {
    "__type__": "cc.Node",
    "_name": "Label",
    "_parent": {
      "__id__": 14
    },
    "_components": [
      {
        "__type__": "cc.Label",
        "node": {
          "__id__": 15
        },
        "_useOriginalSize": false,
        "_string": "皮肤",
        "_N$string": "皮肤",
        "_fontSize": 31,
        "_lineHeight": 120,
        "_enableWrapText": false,
        "_N$file": {
          "__uuid__": "7fb48414-e05d-4345-9536-9aad7cbd6ff4"
        },
        "_isSystemFontUsed": false,
        "_N$horizontalAlign": 1,
        "_N$verticalAlign": 1,
        "_N$overflow": 1
      },
      {
        "__type__": "cc.Widget",
        "node": {
          "__id__": 15
        },
        "alignMode": 0,
        "_alignFlags": 20,
        "_bottom": -46
      }
    ],
    "_contentSize": {
      "__type__": "cc.Size",
      "width": 100,
      "height": 40
    },
    "_trs": {
      "__type__": "TypedArray",
      "ctor": "Float64Array",
      "array": [
        null,
        -76,
        0,
        0,
        0,
        0,
        1,
        1,
        1,
        1
      ]
    }
  },
  {
    "__type__": "cc.Node",
    "_name": "playTipsLb",
    "_parent": {
      "__id__": 4
    },
    "_level": 1,
    "_components": [
      {
        "__type__": "cc.Label",
        "node": {
          "__id__": 16
        },
        "_useOriginalSize": false,
        "_string": "点击屏幕开始游戏",
        "_N$string": "点击屏幕开始游戏",
        "_fontSize": 32,
        "_lineHeight": 32,
        "_N$horizontalAlign": 1,
        "_N$verticalAlign": 1
      },
      {
        "__type__": "cc.Widget",
        "node": {
          "__id__": 16
        },
        "_alignFlags": 4,
        "_bottom": 370
      }
    ],
    "_contentSize": {
      "__type__": "cc.Size",
      "width": 256,
      "height": 32
    },
    "_trs": {
      "__type__": "TypedArray",
      "ctor": "Float64Array",
      "array": [
        null,
        -254,
        0,
        0,
        0,
        0,
        1,
        1,
        1,
        1
      ]
    }
  },
  {
    "__type__": "cc.Node",
    "_name": "btnLayout",
    "_parent": {
      "__id__": 4
    },
    "_children": [
      {
        "__id__": 18
      },
      {
        "__id__": 19
      }
    ],
    "_level": 1,
    "_components": [
      {
        "__type__": "cc.Sprite",
        "node": {
          "__id__": 17
        },
        "_type": 1,
        "_sizeMode": 0
      },
      {
        "__type__": "cc.Layout",
        "node": {
          "__id__": 17
        },
        "_layoutSize": {
          "__type__": "cc.Size",
          "width": 73,
          "height": 232
        },
        "_resize": 1,
        "_N$layoutType": 2,
        "_N$spacingY": 40
      },
      {
        "__type__": "cc.Widget",
        "node": {
          "__id__": 17
        },
        "alignMode": 2,
        "_alignFlags": 34,
        "_right": 2.5,
        "_bottom": 384,
        "_verticalCenter": -0.109375,
        "_isAbsVerticalCenter": false
      }
    ],
    "_contentSize": {
      "__type__": "cc.Size",
      "width": 73,
      "height": 232
    },
    "_trs": {
      "__type__": "TypedArray",
      "ctor": "Float64Array",
      "array": [
        321,
        -140,
        0,
        0,
        0,
        0,
        1,
        1,
        1,
        1
      ]
    }
  },
  {
    "__type__": "cc.Node",
    "_name": "btnScenebg",
    "_parent": {
      "__id__": 17
    },
    "_level": 2,
    "_components": [
      {
        "__type__": "cc.Sprite",
        "node": {
          "__id__": 18
        },
        "_spriteFrame": {
          "__uuid__": "81feb742-bce2-458f-b095-243bd31109b8"
        },
        "_sizeMode": 0
      },
      {
        "__type__": "cc.Button",
        "node": {
          "__id__": 18
        },
        "clickEvents": [
          {
            "__type__": "cc.ClickEvent",
            "target": {
              "__id__": 2
            },
            "_componentId": "f7cacGAL4pCK59XOIfioZsZ",
            "handler": "sceneBgClick"
          }
        ],
        "_N$transition": 3,
        "transition": 3,
        "_N$normalColor": {
          "__type__": "cc.Color",
          "r": 255,
          "g": 255,
          "b": 255
        },
        "_N$pressedColor": {
          "__type__": "cc.Color",
          "r": 255,
          "g": 255,
          "b": 255
        },
        "pressedColor": {
          "__type__": "cc.Color",
          "r": 255,
          "g": 255,
          "b": 255
        },
        "_N$disabledColor": {
          "__type__": "cc.Color",
          "r": 255,
          "g": 255,
          "b": 255
        },
        "_N$normalSprite": {
          "__uuid__": "f0048c10-f03e-4c97-b9d3-3506e1d58952"
        },
        "_N$pressedSprite": {
          "__uuid__": "e9ec654c-97a2-4787-9325-e6a10375219a"
        },
        "pressedSprite": {
          "__uuid__": "e9ec654c-97a2-4787-9325-e6a10375219a"
        },
        "_N$hoverSprite": {
          "__uuid__": "e9ec654c-97a2-4787-9325-e6a10375219a"
        },
        "hoverSprite": {
          "__uuid__": "e9ec654c-97a2-4787-9325-e6a10375219a"
        },
        "_N$disabledSprite": {
          "__uuid__": "29158224-f8dd-4661-a796-1ffab537140e"
        },
        "_N$target": {
          "__id__": 18
        }
      },
      {
        "__type__": "cc.Widget",
        "node": {
          "__id__": 18
        },
        "alignMode": 0,
        "_alignFlags": 4,
        "_bottom": 133
      }
    ],
    "_contentSize": {
      "__type__": "cc.Size",
      "width": 73,
      "height": 99
    },
    "_trs": {
      "__type__": "TypedArray",
      "ctor": "Float64Array",
      "array": [
        null,
        66.5,
        0,
        0,
        0,
        0,
        1,
        1,
        1,
        1
      ]
    }
  },
  {
    "__type__": "cc.Node",
    "_name": "btnfuli",
    "_parent": {
      "__id__": 17
    },
    "_level": 2,
    "_components": [
      {
        "__type__": "cc.Sprite",
        "node": {
          "__id__": 19
        },
        "_spriteFrame": {
          "__uuid__": "eddd7c53-c02e-40b2-b392-d409bf33bf53"
        },
        "_sizeMode": 0
      },
      {
        "__type__": "cc.Button",
        "node": {
          "__id__": 19
        },
        "clickEvents": [
          {
            "__type__": "cc.ClickEvent",
            "target": {
              "__id__": 2
            },
            "_componentId": "f7cacGAL4pCK59XOIfioZsZ",
            "handler": "fuliClick"
          }
        ],
        "_N$transition": 3,
        "transition": 3,
        "_N$normalColor": {
          "__type__": "cc.Color",
          "r": 255,
          "g": 255,
          "b": 255
        },
        "_N$pressedColor": {
          "__type__": "cc.Color",
          "r": 255,
          "g": 255,
          "b": 255
        },
        "pressedColor": {
          "__type__": "cc.Color",
          "r": 255,
          "g": 255,
          "b": 255
        },
        "_N$disabledColor": {
          "__type__": "cc.Color",
          "r": 255,
          "g": 255,
          "b": 255
        },
        "_N$normalSprite": {
          "__uuid__": "f0048c10-f03e-4c97-b9d3-3506e1d58952"
        },
        "_N$pressedSprite": {
          "__uuid__": "e9ec654c-97a2-4787-9325-e6a10375219a"
        },
        "pressedSprite": {
          "__uuid__": "e9ec654c-97a2-4787-9325-e6a10375219a"
        },
        "_N$hoverSprite": {
          "__uuid__": "e9ec654c-97a2-4787-9325-e6a10375219a"
        },
        "hoverSprite": {
          "__uuid__": "e9ec654c-97a2-4787-9325-e6a10375219a"
        },
        "_N$disabledSprite": {
          "__uuid__": "29158224-f8dd-4661-a796-1ffab537140e"
        },
        "_N$target": {
          "__id__": 19
        }
      },
      {
        "__type__": "cc.Widget",
        "node": {
          "__id__": 19
        },
        "alignMode": 0,
        "_alignFlags": 4
      }
    ],
    "_contentSize": {
      "__type__": "cc.Size",
      "width": 63,
      "height": 93
    },
    "_trs": {
      "__type__": "TypedArray",
      "ctor": "Float64Array",
      "array": [
        null,
        -69.5,
        0,
        0,
        0,
        0,
        1,
        1,
        1,
        1
      ]
    }
  },
  {
    "__type__": "cc.Node",
    "_name": "dynamicImage",
    "_parent": {
      "__id__": 2
    },
    "_children": [
      {
        "__id__": 21
      },
      {
        "__id__": 22
      },
      {
        "__id__": 23
      }
    ],
    "_components": [
      {
        "__type__": "cc.Button",
        "node": {
          "__id__": 20
        },
        "zoomScale": 0.9,
        "clickEvents": [
          {
            "__type__": "cc.ClickEvent",
            "target": {
              "__id__": 20
            },
            "_componentId": "23e59Y56NRE4JBZwbmXmoES",
            "handler": "moreGame"
          }
        ],
        "_N$transition": 3,
        "transition": 3,
        "_N$target": {
          "__id__": 20
        }
      },
      {
        "__type__": "23e59Y56NRE4JBZwbmXmoES",
        "node": {
          "__id__": 20
        }
      },
      {
        "__type__": "cc.Widget",
        "node": {
          "__id__": 20
        },
        "_alignFlags": 10,
        "_left": 3.5,
        "_verticalCenter": 0.19999999999999996,
        "_isAbsVerticalCenter": false
      }
    ],
    "_prefab": {
      "__type__": "cc.PrefabInfo",
      "root": {
        "__id__": 20
      },
      "asset": {
        "__uuid__": "9a3b54a5-1c39-4eb3-aaa5-e971aff1c3e9"
      },
      "fileId": "8eSzJw7GxEH6SsqDEa+ULq"
    },
    "_contentSize": {
      "__type__": "cc.Size",
      "width": 113,
      "height": 113
    },
    "_trs": {
      "__type__": "TypedArray",
      "ctor": "Float64Array",
      "array": [
        -300,
        255.99999999999994,
        0,
        0,
        0,
        0,
        1,
        1,
        1,
        1
      ]
    }
  },
  {
    "__type__": "cc.Node",
    "_name": "lblname",
    "_parent": {
      "__id__": 20
    },
    "_active": false,
    "_components": [
      {
        "__type__": "cc.Label",
        "node": {
          "__id__": 21
        },
        "_useOriginalSize": false,
        "_fontSize": 19,
        "_lineHeight": 22,
        "_enableWrapText": false,
        "_N$horizontalAlign": 1,
        "_N$verticalAlign": 1,
        "_N$overflow": 1
      }
    ],
    "_prefab": {
      "__type__": "cc.PrefabInfo",
      "root": {
        "__id__": 20
      },
      "asset": {
        "__uuid__": "9a3b54a5-1c39-4eb3-aaa5-e971aff1c3e9"
      },
      "fileId": "f67gj9k85CebYtH4HmwrMR"
    },
    "_contentSize": {
      "__type__": "cc.Size",
      "width": 115,
      "height": 22
    },
    "_trs": {
      "__type__": "TypedArray",
      "ctor": "Float64Array",
      "array": [
        null,
        -73,
        0,
        0,
        0,
        0,
        1,
        1,
        1,
        1
      ]
    }
  },
  {
    "__type__": "cc.Node",
    "_name": "float",
    "_parent": {
      "__id__": 20
    },
    "_components": [
      {
        "__type__": "cc.Sprite",
        "node": {
          "__id__": 22
        },
        "_spriteFrame": {
          "__uuid__": "d4eabee5-d3e7-4325-8420-5dd9841c4027"
        }
      }
    ],
    "_prefab": {
      "__type__": "cc.PrefabInfo",
      "root": {
        "__id__": 20
      },
      "asset": {
        "__uuid__": "9a3b54a5-1c39-4eb3-aaa5-e971aff1c3e9"
      },
      "fileId": "374wg6bsZIoIFhad/1kBt8"
    },
    "_contentSize": {
      "__type__": "cc.Size",
      "width": 113,
      "height": 113
    },
    "_trs": {
      "__type__": "TypedArray",
      "ctor": "Float64Array",
      "array": [
        0,
        0,
        0,
        0,
        0,
        0,
        1,
        1,
        1,
        1
      ]
    }
  },
  {
    "__type__": "cc.Node",
    "_name": "frame",
    "_parent": {
      "__id__": 20
    },
    "_components": [
      {
        "__type__": "cc.Sprite",
        "node": {
          "__id__": 23
        },
        "_sizeMode": 0
      }
    ],
    "_prefab": {
      "__type__": "cc.PrefabInfo",
      "root": {
        "__id__": 20
      },
      "asset": {
        "__uuid__": "9a3b54a5-1c39-4eb3-aaa5-e971aff1c3e9"
      },
      "fileId": "c0oO/oqSpAHLblgR8J/b0I"
    },
    "_contentSize": {
      "__type__": "cc.Size",
      "width": 107,
      "height": 107
    },
    "_trs": {
      "__type__": "TypedArray",
      "ctor": "Float64Array",
      "array": [
        0,
        0,
        0,
        0,
        0,
        0,
        1,
        1,
        1,
        1
      ]
    }
  },
  {
    "__type__": "cc.Node",
    "_name": "dynamicImage2",
    "_parent": {
      "__id__": 2
    },
    "_children": [
      {
        "__id__": 25
      },
      {
        "__id__": 26
      },
      {
        "__id__": 27
      }
    ],
    "_level": 2,
    "_components": [
      {
        "__type__": "cc.Button",
        "node": {
          "__id__": 24
        },
        "zoomScale": 0.9,
        "clickEvents": [
          {
            "__type__": "cc.ClickEvent",
            "target": {
              "__id__": 24
            },
            "_componentId": "a659cvYAnxNcryd5SoFkR2W",
            "handler": "moreGame"
          }
        ],
        "_N$transition": 3,
        "transition": 3,
        "_N$target": {
          "__id__": 24
        }
      },
      {
        "__type__": "a659cvYAnxNcryd5SoFkR2W",
        "node": {
          "__id__": 24
        }
      },
      {
        "__type__": "cc.Widget",
        "node": {
          "__id__": 24
        },
        "_alignFlags": 34,
        "_right": 4,
        "_verticalCenter": 0.2,
        "_isAbsVerticalCenter": false
      }
    ],
    "_prefab": {
      "__type__": "cc.PrefabInfo",
      "root": {
        "__id__": 24
      },
      "asset": {
        "__uuid__": "0ad07d72-7245-47e7-be6b-bbb1a8792bf5"
      },
      "fileId": "8eSzJw7GxEH6SsqDEa+ULq"
    },
    "_contentSize": {
      "__type__": "cc.Size",
      "width": 113,
      "height": 113
    },
    "_trs": {
      "__type__": "TypedArray",
      "ctor": "Float64Array",
      "array": [
        299.5,
        256,
        0,
        0,
        0,
        0,
        1,
        1,
        1,
        1
      ]
    }
  },
  {
    "__type__": "cc.Node",
    "_name": "lblname",
    "_parent": {
      "__id__": 24
    },
    "_active": false,
    "_level": 2,
    "_components": [
      {
        "__type__": "cc.Label",
        "node": {
          "__id__": 25
        },
        "_useOriginalSize": false,
        "_fontSize": 19,
        "_lineHeight": 22,
        "_enableWrapText": false,
        "_N$horizontalAlign": 1,
        "_N$verticalAlign": 1,
        "_N$overflow": 1
      }
    ],
    "_prefab": {
      "__type__": "cc.PrefabInfo",
      "root": {
        "__id__": 24
      },
      "asset": {
        "__uuid__": "0ad07d72-7245-47e7-be6b-bbb1a8792bf5"
      },
      "fileId": "f67gj9k85CebYtH4HmwrMR"
    },
    "_contentSize": {
      "__type__": "cc.Size",
      "width": 115,
      "height": 22
    },
    "_trs": {
      "__type__": "TypedArray",
      "ctor": "Float64Array",
      "array": [
        null,
        -73,
        0,
        0,
        0,
        0,
        1,
        1,
        1,
        1
      ]
    }
  },
  {
    "__type__": "cc.Node",
    "_name": "float",
    "_parent": {
      "__id__": 24
    },
    "_level": 2,
    "_components": [
      {
        "__type__": "cc.Sprite",
        "node": {
          "__id__": 26
        },
        "_spriteFrame": {
          "__uuid__": "d4eabee5-d3e7-4325-8420-5dd9841c4027"
        }
      }
    ],
    "_prefab": {
      "__type__": "cc.PrefabInfo",
      "root": {
        "__id__": 24
      },
      "asset": {
        "__uuid__": "0ad07d72-7245-47e7-be6b-bbb1a8792bf5"
      },
      "fileId": "374wg6bsZIoIFhad/1kBt8"
    },
    "_contentSize": {
      "__type__": "cc.Size",
      "width": 113,
      "height": 113
    },
    "_trs": {
      "__type__": "TypedArray",
      "ctor": "Float64Array",
      "array": [
        0,
        0,
        0,
        0,
        0,
        0,
        1,
        1,
        1,
        1
      ]
    }
  },
  {
    "__type__": "cc.Node",
    "_name": "frame",
    "_parent": {
      "__id__": 24
    },
    "_level": 2,
    "_components": [
      {
        "__type__": "cc.Sprite",
        "node": {
          "__id__": 27
        },
        "_sizeMode": 0
      }
    ],
    "_prefab": {
      "__type__": "cc.PrefabInfo",
      "root": {
        "__id__": 24
      },
      "asset": {
        "__uuid__": "0ad07d72-7245-47e7-be6b-bbb1a8792bf5"
      },
      "fileId": "c0oO/oqSpAHLblgR8J/b0I"
    },
    "_contentSize": {
      "__type__": "cc.Size",
      "width": 107,
      "height": 107
    },
    "_trs": {
      "__type__": "TypedArray",
      "ctor": "Float64Array",
      "array": [
        0,
        0,
        0,
        0,
        0,
        0,
        1,
        1,
        1,
        1
      ]
    }
  },
  {
    "__type__": "cc.Node",
    "_name": "goldBg",
    "_parent": {
      "__id__": 2
    },
    "_children": [
      {
        "__id__": 29
      },
      {
        "__id__": 30
      }
    ],
    "_level": 2,
    "_components": [
      {
        "__type__": "cc.Sprite",
        "node": {
          "__id__": 28
        },
        "_spriteFrame": {
          "__uuid__": "47827bdc-3933-409b-976d-221e8a199309"
        },
        "_sizeMode": 0
      },
      {
        "__type__": "cc.Widget",
        "node": {
          "__id__": 28
        },
        "alignMode": 0,
        "_alignFlags": 9,
        "_left": 16.80000000000001,
        "_top": 30
      }
    ],
    "_contentSize": {
      "__type__": "cc.Size",
      "width": 170,
      "height": 56
    },
    "_trs": {
      "__type__": "TypedArray",
      "ctor": "Float64Array",
      "array": [
        -258.2,
        582,
        0,
        0,
        0,
        0,
        1,
        1,
        1,
        1
      ]
    }
  },
  {
    "__type__": "cc.Node",
    "_name": "icon",
    "_parent": {
      "__id__": 28
    },
    "_components": [
      {
        "__type__": "cc.Sprite",
        "node": {
          "__id__": 29
        },
        "_spriteFrame": {
          "__uuid__": "a3291450-3973-467c-9936-708f01776c97"
        }
      },
      {
        "__type__": "cc.Widget",
        "node": {
          "__id__": 29
        },
        "alignMode": 0,
        "_alignFlags": 10,
        "_left": -6.300000000000004
      }
    ],
    "_contentSize": {
      "__type__": "cc.Size",
      "width": 60,
      "height": 60
    },
    "_trs": {
      "__type__": "TypedArray",
      "ctor": "Float64Array",
      "array": [
        -61.30000000000001,
        null,
        0,
        0,
        0,
        0,
        1,
        1,
        1,
        1
      ]
    }
  },
  {
    "__type__": "cc.Node",
    "_name": "count",
    "_parent": {
      "__id__": 28
    },
    "_components": [
      {
        "__id__": 31
      },
      {
        "__type__": "cc.Widget",
        "node": {
          "__id__": 30
        },
        "alignMode": 0,
        "_alignFlags": 2,
        "_verticalCenter": -2
      }
    ],
    "_contentSize": {
      "__type__": "cc.Size",
      "width": 88.9,
      "height": 56
    },
    "_trs": {
      "__type__": "TypedArray",
      "ctor": "Float64Array",
      "array": [
        23.1,
        -2,
        0,
        0,
        0,
        0,
        1,
        1,
        1,
        1
      ]
    }
  },
  {
    "__type__": "cc.Label",
    "node": {
      "__id__": 30
    },
    "_useOriginalSize": false,
    "_string": "0",
    "_N$string": "0",
    "_lineHeight": 120,
    "_N$file": {
      "__uuid__": "7fb48414-e05d-4345-9536-9aad7cbd6ff4"
    },
    "_isSystemFontUsed": false,
    "_N$verticalAlign": 1,
    "_N$overflow": 2
  },
  {
    "__type__": "cc.Node",
    "_name": "btn_xcx",
    "_parent": {
      "__id__": 2
    },
    "_level": 2,
    "_components": [
      {
        "__type__": "cc.Sprite",
        "node": {
          "__id__": 32
        },
        "_spriteFrame": {
          "__uuid__": "22cd88c8-dede-4603-a7db-eaee821017a4"
        }
      },
      {
        "__type__": "cc.Widget",
        "node": {
          "__id__": 32
        },
        "_alignFlags": 1,
        "_top": 0.02070312500000002,
        "_verticalCenter": 553,
        "_isAbsTop": false
      },
      {
        "__type__": "cc.Animation",
        "node": {
          "__id__": 32
        },
        "_defaultClip": {
          "__uuid__": "c65b8e14-b8a5-4e10-917e-613c7b0fde0e"
        },
        "_clips": [
          {
            "__uuid__": "c65b8e14-b8a5-4e10-917e-613c7b0fde0e"
          }
        ],
        "playOnLoad": true
      }
    ],
    "_prefab": {
      "__type__": "cc.PrefabInfo",
      "root": {
        "__id__": 32
      },
      "asset": {
        "__uuid__": "2c4066d0-9552-4c73-8c05-37bfa58a1dc4"
      },
      "fileId": "aeGu7yvrxNkrz2dtUR00RZ"
    },
    "_contentSize": {
      "__type__": "cc.Size",
      "width": 275,
      "height": 57
    },
    "_trs": {
      "__type__": "TypedArray",
      "ctor": "Float64Array",
      "array": [
        202,
        585,
        0,
        0,
        0,
        0,
        1,
        1,
        1,
        1
      ]
    }
  },
  {
    "__type__": "cc.Node",
    "_name": "scrollView",
    "_parent": {
      "__id__": 2
    },
    "_children": [
      {
        "__id__": 34
      },
      {
        "__id__": 44
      }
    ],
    "_level": 2,
    "_components": [
      {
        "__type__": "cc.ScrollView",
        "node": {
          "__id__": 33
        },
        "horizontal": false,
        "vertical": false,
        "inertia": false,
        "brake": 0.75,
        "elastic": false,
        "bounceDuration": 0.23,
        "cancelInnerEvents": false,
        "_N$content": {
          "__id__": 35
        },
        "content": {
          "__id__": 35
        },
        "_N$horizontalScrollBar": null,
        "_N$verticalScrollBar": null
      },
      {
        "__type__": "cc.Widget",
        "node": {
          "__id__": 33
        },
        "_alignFlags": 18,
        "_left": 240,
        "_right": 240,
        "_verticalCenter": 8,
        "_originalWidth": 240
      }
    ],
    "_contentSize": {
      "__type__": "cc.Size",
      "width": 550,
      "height": 360
    },
    "_trs": {
      "__type__": "TypedArray",
      "ctor": "Float64Array",
      "array": [
        null,
        8,
        0,
        0,
        0,
        0,
        1,
        1,
        1,
        1
      ]
    }
  },
  {
    "__type__": "cc.Node",
    "_name": "view",
    "_parent": {
      "__id__": 33
    },
    "_children": [
      {
        "__id__": 35
      },
      {
        "__id__": 36
      },
      {
        "__id__": 40
      },
      {
        "__id__": 41
      },
      {
        "__id__": 42
      }
    ],
    "_components": [
      {
        "__type__": "cc.Mask",
        "node": {
          "__id__": 34
        }
      },
      {
        "__type__": "cc.Widget",
        "node": {
          "__id__": 34
        },
        "_alignFlags": 45,
        "_top": -3,
        "_bottom": 3,
        "_originalWidth": 240,
        "_originalHeight": 250
      }
    ],
    "_contentSize": {
      "__type__": "cc.Size",
      "width": 550,
      "height": 360
    },
    "_trs": {
      "__type__": "TypedArray",
      "ctor": "Float64Array",
      "array": [
        null,
        3,
        0,
        0,
        0,
        0,
        1,
        1,
        1,
        1
      ]
    }
  },
  {
    "__type__": "cc.Node",
    "_name": "content",
    "_parent": {
      "__id__": 34
    },
    "_components": [
      {
        "__type__": "cc.Layout",
        "node": {
          "__id__": 35
        },
        "_layoutSize": {
          "__type__": "cc.Size",
          "width": 550,
          "height": 198
        }
      },
      {
        "__type__": "cc.Widget",
        "node": {
          "__id__": 35
        },
        "_alignFlags": 41,
        "_top": 18,
        "_originalWidth": 100
      }
    ],
    "_contentSize": {
      "__type__": "cc.Size",
      "width": 550,
      "height": 198
    },
    "_anchorPoint": {
      "__type__": "cc.Vec2",
      "y": 0.5
    },
    "_trs": {
      "__type__": "TypedArray",
      "ctor": "Float64Array",
      "array": [
        -275,
        63,
        0,
        0,
        0,
        0,
        1,
        1,
        1,
        1
      ]
    }
  },
  {
    "__type__": "cc.Node",
    "_name": "layout",
    "_parent": {
      "__id__": 34
    },
    "_children": [
      {
        "__id__": 37
      },
      {
        "__id__": 38
      }
    ],
    "_level": 1,
    "_components": [
      {
        "__type__": "cc.Sprite",
        "node": {
          "__id__": 36
        },
        "_type": 1,
        "_sizeMode": 0
      },
      {
        "__type__": "cc.Layout",
        "node": {
          "__id__": 36
        },
        "_layoutSize": {
          "__type__": "cc.Size",
          "width": 95.39,
          "height": 36
        },
        "_resize": 1,
        "_N$layoutType": 1,
        "_N$spacingX": 6
      }
    ],
    "_contentSize": {
      "__type__": "cc.Size",
      "width": 95.39,
      "height": 36
    },
    "_trs": {
      "__type__": "TypedArray",
      "ctor": "Float64Array",
      "array": [
        null,
        -85,
        0,
        0,
        0,
        0,
        1,
        1,
        1,
        1
      ]
    }
  },
  {
    "__type__": "cc.Node",
    "_name": "gold",
    "_parent": {
      "__id__": 36
    },
    "_level": 2,
    "_components": [
      {
        "__type__": "cc.Sprite",
        "node": {
          "__id__": 37
        },
        "_spriteFrame": {
          "__uuid__": "a3291450-3973-467c-9936-708f01776c97"
        },
        "_sizeMode": 0
      }
    ],
    "_contentSize": {
      "__type__": "cc.Size",
      "width": 36,
      "height": 36
    },
    "_trs": {
      "__type__": "TypedArray",
      "ctor": "Float64Array",
      "array": [
        -29.695,
        null,
        0,
        0,
        0,
        0,
        1,
        1,
        1,
        1
      ]
    }
  },
  {
    "__type__": "cc.Node",
    "_name": "unLockGoldLb",
    "_parent": {
      "__id__": 36
    },
    "_level": 2,
    "_components": [
      {
        "__id__": 39
      }
    ],
    "_contentSize": {
      "__type__": "cc.Size",
      "width": 53.39,
      "height": 32
    },
    "_trs": {
      "__type__": "TypedArray",
      "ctor": "Float64Array",
      "array": [
        21,
        null,
        0,
        0,
        0,
        0,
        1,
        1,
        1,
        1
      ]
    }
  },
  {
    "__type__": "cc.Label",
    "node": {
      "__id__": 38
    },
    "_useOriginalSize": false,
    "_string": "100",
    "_N$string": "100",
    "_fontSize": 32,
    "_lineHeight": 32,
    "_N$horizontalAlign": 1,
    "_N$verticalAlign": 1
  },
  {
    "__type__": "cc.Node",
    "_name": "unLockBtn",
    "_parent": {
      "__id__": 34
    },
    "_level": 1,
    "_components": [
      {
        "__type__": "cc.Sprite",
        "node": {
          "__id__": 40
        },
        "_spriteFrame": {
          "__uuid__": "0e2fa09a-7136-461a-bf9a-b746b693d108"
        },
        "_sizeMode": 0
      },
      {
        "__type__": "cc.Button",
        "node": {
          "__id__": 40
        },
        "zoomScale": 1.1,
        "clickEvents": [
          {
            "__type__": "cc.ClickEvent",
            "target": {
              "__id__": 2
            },
            "_componentId": "f7cacGAL4pCK59XOIfioZsZ",
            "handler": "unLockBtnClick"
          }
        ],
        "_N$transition": 3,
        "transition": 3,
        "_N$normalColor": {
          "__type__": "cc.Color",
          "r": 255,
          "g": 255,
          "b": 255
        },
        "_N$pressedColor": {
          "__type__": "cc.Color",
          "r": 255,
          "g": 255,
          "b": 255
        },
        "pressedColor": {
          "__type__": "cc.Color",
          "r": 255,
          "g": 255,
          "b": 255
        },
        "_N$disabledColor": {
          "__type__": "cc.Color",
          "r": 255,
          "g": 255,
          "b": 255
        },
        "_N$normalSprite": {
          "__uuid__": "f0048c10-f03e-4c97-b9d3-3506e1d58952"
        },
        "_N$pressedSprite": {
          "__uuid__": "e9ec654c-97a2-4787-9325-e6a10375219a"
        },
        "pressedSprite": {
          "__uuid__": "e9ec654c-97a2-4787-9325-e6a10375219a"
        },
        "_N$hoverSprite": {
          "__uuid__": "f0048c10-f03e-4c97-b9d3-3506e1d58952"
        },
        "hoverSprite": {
          "__uuid__": "f0048c10-f03e-4c97-b9d3-3506e1d58952"
        },
        "_N$disabledSprite": {
          "__uuid__": "29158224-f8dd-4661-a796-1ffab537140e"
        },
        "_N$target": {
          "__id__": 40
        }
      }
    ],
    "_contentSize": {
      "__type__": "cc.Size",
      "width": 180,
      "height": 66
    },
    "_trs": {
      "__type__": "TypedArray",
      "ctor": "Float64Array",
      "array": [
        null,
        -146.8,
        0,
        0,
        0,
        0,
        1,
        1,
        1,
        1
      ]
    }
  },
  {
    "__type__": "cc.Node",
    "_name": "useSkinBtn",
    "_parent": {
      "__id__": 34
    },
    "_active": false,
    "_level": 1,
    "_components": [
      {
        "__type__": "cc.Sprite",
        "node": {
          "__id__": 41
        },
        "_spriteFrame": {
          "__uuid__": "046b3116-70ad-4e3b-b5b6-24191edab04c"
        },
        "_sizeMode": 0
      },
      {
        "__type__": "cc.Button",
        "node": {
          "__id__": 41
        },
        "zoomScale": 1.1,
        "clickEvents": [
          {
            "__type__": "cc.ClickEvent",
            "target": {
              "__id__": 2
            },
            "component": "mainScene",
            "handler": "useSkinBtnClick"
          }
        ],
        "_N$transition": 3,
        "transition": 3,
        "_N$normalColor": {
          "__type__": "cc.Color",
          "r": 255,
          "g": 255,
          "b": 255
        },
        "_N$pressedColor": {
          "__type__": "cc.Color",
          "r": 255,
          "g": 255,
          "b": 255
        },
        "pressedColor": {
          "__type__": "cc.Color",
          "r": 255,
          "g": 255,
          "b": 255
        },
        "_N$disabledColor": {
          "__type__": "cc.Color",
          "r": 255,
          "g": 255,
          "b": 255
        },
        "_N$normalSprite": {
          "__uuid__": "f0048c10-f03e-4c97-b9d3-3506e1d58952"
        },
        "_N$pressedSprite": {
          "__uuid__": "e9ec654c-97a2-4787-9325-e6a10375219a"
        },
        "pressedSprite": {
          "__uuid__": "e9ec654c-97a2-4787-9325-e6a10375219a"
        },
        "_N$hoverSprite": {
          "__uuid__": "f0048c10-f03e-4c97-b9d3-3506e1d58952"
        },
        "hoverSprite": {
          "__uuid__": "f0048c10-f03e-4c97-b9d3-3506e1d58952"
        },
        "_N$disabledSprite": {
          "__uuid__": "29158224-f8dd-4661-a796-1ffab537140e"
        },
        "_N$target": {
          "__id__": 41
        }
      }
    ],
    "_contentSize": {
      "__type__": "cc.Size",
      "width": 180,
      "height": 66
    },
    "_trs": {
      "__type__": "TypedArray",
      "ctor": "Float64Array",
      "array": [
        null,
        -146.8,
        0,
        0,
        0,
        0,
        1,
        1,
        1,
        1
      ]
    }
  },
  {
    "__type__": "cc.Node",
    "_name": "unlockTips",
    "_parent": {
      "__id__": 34
    },
    "_active": false,
    "_level": 1,
    "_components": [
      {
        "__id__": 43
      }
    ],
    "_contentSize": {
      "__type__": "cc.Size",
      "width": 96,
      "height": 32
    },
    "_trs": {
      "__type__": "TypedArray",
      "ctor": "Float64Array",
      "array": [
        null,
        -85,
        0,
        0,
        0,
        0,
        1,
        1,
        1,
        1
      ]
    }
  },
  {
    "__type__": "cc.Label",
    "node": {
      "__id__": 42
    },
    "_useOriginalSize": false,
    "_string": "已拥有",
    "_N$string": "已拥有",
    "_fontSize": 32,
    "_lineHeight": 32,
    "_N$horizontalAlign": 1,
    "_N$verticalAlign": 1
  },
  {
    "__type__": "cc.Node",
    "_name": "btn_hb",
    "_parent": {
      "__id__": 33
    },
    "_children": [
      {
        "__id__": 45
      },
      {
        "__id__": 46
      },
      {
        "__id__": 47
      }
    ],
    "_level": 3,
    "_components": [
      {
        "__type__": "f7580zTdB5PrqOGU7ESnEH1",
        "node": {
          "__id__": 44
        },
        "hbnodePre": {
          "__uuid__": "8fa0241f-3876-4d41-afab-629c92851ef7"
        },
        "dlqNode": {
          "__id__": 46
        },
        "lblval": {
          "__id__": 48
        }
      },
      {
        "__type__": "cc.Animation",
        "node": {
          "__id__": 44
        },
        "_defaultClip": {
          "__uuid__": "7dd84a40-601b-41c4-9821-d75215f31c89"
        },
        "_clips": [
          {
            "__uuid__": "7dd84a40-601b-41c4-9821-d75215f31c89"
          }
        ]
      },
      {
        "__type__": "cc.Widget",
        "node": {
          "__id__": 44
        },
        "_target": {
          "__id__": 2
        },
        "_alignFlags": 8,
        "_left": 48
      }
    ],
    "_prefab": {
      "__type__": "cc.PrefabInfo",
      "root": {
        "__id__": 44
      },
      "asset": {
        "__uuid__": "40d22f05-ba41-4b31-a57d-58458a52c007"
      },
      "fileId": "06IiyY/b9K76NGLQXww9C3"
    },
    "_trs": {
      "__type__": "TypedArray",
      "ctor": "Float64Array",
      "array": [
        -312,
        -173,
        0,
        0,
        0,
        0,
        1,
        1,
        1,
        1
      ]
    }
  },
  {
    "__type__": "cc.Node",
    "_name": "img_xhb",
    "_parent": {
      "__id__": 44
    },
    "_components": [
      {
        "__type__": "cc.Sprite",
        "node": {
          "__id__": 45
        },
        "_spriteFrame": {
          "__uuid__": "d820ef1c-82d5-4176-ad1b-6aa3f4f73fac"
        },
        "_sizeMode": 2
      },
      {
        "__type__": "cc.Button",
        "node": {
          "__id__": 45
        },
        "clickEvents": [
          {
            "__type__": "cc.ClickEvent",
            "target": {
              "__id__": 44
            },
            "_componentId": "f7580zTdB5PrqOGU7ESnEH1",
            "handler": "hbClick"
          }
        ],
        "_N$transition": 3,
        "transition": 3,
        "_N$target": {
          "__id__": 45
        }
      }
    ],
    "_prefab": {
      "__type__": "cc.PrefabInfo",
      "root": {
        "__id__": 44
      },
      "asset": {
        "__uuid__": "40d22f05-ba41-4b31-a57d-58458a52c007"
      },
      "fileId": "c0OvZwXFlM4Yoah37UrmAK"
    },
    "_contentSize": {
      "__type__": "cc.Size",
      "width": 73,
      "height": 65
    },
    "_trs": {
      "__type__": "TypedArray",
      "ctor": "Float64Array",
      "array": [
        0,
        0,
        0,
        0,
        0,
        0,
        1,
        1,
        1,
        1
      ]
    }
  },
  {
    "__type__": "cc.Node",
    "_name": "txt_dlq",
    "_parent": {
      "__id__": 44
    },
    "_active": false,
    "_components": [
      {
        "__type__": "cc.Sprite",
        "node": {
          "__id__": 46
        },
        "_spriteFrame": {
          "__uuid__": "26d3fa5e-c039-473a-80c7-488961a548c6"
        }
      }
    ],
    "_prefab": {
      "__type__": "cc.PrefabInfo",
      "root": {
        "__id__": 44
      },
      "asset": {
        "__uuid__": "40d22f05-ba41-4b31-a57d-58458a52c007"
      },
      "fileId": "43Sakt931Ma5KmaMKSLC58"
    },
    "_contentSize": {
      "__type__": "cc.Size",
      "width": 82,
      "height": 29
    },
    "_trs": {
      "__type__": "TypedArray",
      "ctor": "Float64Array",
      "array": [
        null,
        -7.2,
        0,
        0,
        0,
        0,
        1,
        1,
        1,
        1
      ]
    }
  },
  {
    "__type__": "cc.Node",
    "_name": "lbl_val",
    "_parent": {
      "__id__": 44
    },
    "_components": [
      {
        "__id__": 48
      }
    ],
    "_prefab": {
      "__type__": "cc.PrefabInfo",
      "root": {
        "__id__": 44
      },
      "asset": {
        "__uuid__": "40d22f05-ba41-4b31-a57d-58458a52c007"
      },
      "fileId": "1ajiDAP/hJrYaYyr8cupID"
    },
    "_color": {
      "__type__": "cc.Color",
      "r": 254,
      "g": 215,
      "b": 110
    },
    "_contentSize": {
      "__type__": "cc.Size",
      "width": 15.57,
      "height": 40
    },
    "_trs": {
      "__type__": "TypedArray",
      "ctor": "Float64Array",
      "array": [
        null,
        -9.4,
        0,
        0,
        0,
        0,
        1,
        1,
        1,
        1
      ]
    }
  },
  {
    "__type__": "cc.Label",
    "node": {
      "__id__": 47
    },
    "_useOriginalSize": false,
    "_string": "0",
    "_N$string": "0",
    "_fontSize": 28,
    "_N$horizontalAlign": 1,
    "_N$verticalAlign": 1
  },
  {
    "__type__": "cc.Node",
    "_name": "loopDock",
    "_parent": {
      "__id__": 2
    },
    "_children": [
      {
        "__id__": 50
      },
      {
        "__id__": 55
      }
    ],
    "_level": 2,
    "_components": [
      {
        "__type__": "cc.Sprite",
        "node": {
          "__id__": 49
        },
        "_spriteFrame": {
          "__uuid__": "dd4452aa-846b-4059-877b-103c25499c55"
        },
        "_sizeMode": 0
      },
      {
        "__type__": "4c0deqxQ8lNWbUCJrmc9mY9",
        "node": {
          "__id__": 49
        }
      },
      {
        "__type__": "cc.Widget",
        "node": {
          "__id__": 49
        },
        "_alignFlags": 4,
        "_bottom": 200
      }
    ],
    "_prefab": {
      "__type__": "cc.PrefabInfo",
      "root": {
        "__id__": 49
      },
      "asset": {
        "__uuid__": "bf84526a-36c0-43ad-afd5-8905a5dc1250"
      },
      "fileId": "95TT3TlsdM9qc4jzG0wOJ5"
    },
    "_contentSize": {
      "__type__": "cc.Size",
      "width": 720,
      "height": 162
    },
    "_trs": {
      "__type__": "TypedArray",
      "ctor": "Float64Array",
      "array": [
        null,
        -359,
        0,
        0,
        0,
        0,
        1,
        1,
        1,
        1
      ]
    }
  },
  {
    "__type__": "cc.Node",
    "_name": "dockNode",
    "_parent": {
      "__id__": 49
    },
    "_children": [
      {
        "__id__": 51
      }
    ],
    "_level": 3,
    "_components": [
      {
        "__type__": "cc.Widget",
        "node": {
          "__id__": 50
        },
        "_alignFlags": 45
      }
    ],
    "_prefab": {
      "__type__": "cc.PrefabInfo",
      "root": {
        "__id__": 49
      },
      "asset": {
        "__uuid__": "bf84526a-36c0-43ad-afd5-8905a5dc1250"
      },
      "fileId": "bcKxsMmhBMqJPUnpYZHNzz"
    },
    "_contentSize": {
      "__type__": "cc.Size",
      "width": 720,
      "height": 162
    },
    "_trs": {
      "__type__": "TypedArray",
      "ctor": "Float64Array",
      "array": [
        0,
        0,
        0,
        0,
        0,
        0,
        1,
        1,
        1,
        1
      ]
    }
  },
  {
    "__type__": "cc.Node",
    "_name": "group",
    "_parent": {
      "__id__": 50
    },
    "_children": [
      {
        "__id__": 52
      },
      {
        "__id__": 53
      },
      {
        "__id__": 54
      }
    ],
    "_level": 4,
    "_components": [
      {
        "__type__": "94db3djyBtP57uEoyNkpnyb",
        "node": {
          "__id__": 51
        }
      },
      {
        "__type__": "cc.Button",
        "node": {
          "__id__": 51
        },
        "clickEvents": [
          {
            "__type__": "cc.ClickEvent",
            "target": {
              "__id__": 51
            },
            "_componentId": "94db3djyBtP57uEoyNkpnyb",
            "handler": "moreGame"
          }
        ],
        "_N$transition": 3,
        "transition": 3
      }
    ],
    "_prefab": {
      "__type__": "cc.PrefabInfo",
      "root": {
        "__id__": 49
      },
      "asset": {
        "__uuid__": "bf84526a-36c0-43ad-afd5-8905a5dc1250"
      },
      "fileId": "85p/7DXi5L/Lx8hhLLs8Bn"
    },
    "_contentSize": {
      "__type__": "cc.Size",
      "width": 134,
      "height": 134
    },
    "_trs": {
      "__type__": "TypedArray",
      "ctor": "Float64Array",
      "array": [
        -425,
        null,
        0,
        0,
        0,
        0,
        1,
        1,
        1,
        1
      ]
    }
  },
  {
    "__type__": "cc.Node",
    "_name": "float",
    "_parent": {
      "__id__": 51
    },
    "_level": 5,
    "_components": [
      {
        "__type__": "cc.Sprite",
        "node": {
          "__id__": 52
        },
        "_spriteFrame": {
          "__uuid__": "37657924-7ff2-4594-b02d-b213cef0c2d8"
        },
        "_sizeMode": 0
      },
      {
        "__type__": "cc.Widget",
        "node": {
          "__id__": 52
        },
        "_alignFlags": 45,
        "_originalWidth": 134,
        "_originalHeight": 134
      }
    ],
    "_prefab": {
      "__type__": "cc.PrefabInfo",
      "root": {
        "__id__": 49
      },
      "asset": {
        "__uuid__": "bf84526a-36c0-43ad-afd5-8905a5dc1250"
      },
      "fileId": "1e8PVSywxIYafKnArqq4bW"
    },
    "_contentSize": {
      "__type__": "cc.Size",
      "width": 134,
      "height": 134
    },
    "_trs": {
      "__type__": "TypedArray",
      "ctor": "Float64Array",
      "array": [
        0,
        0,
        0,
        0,
        0,
        0,
        1,
        1,
        1,
        1
      ]
    }
  },
  {
    "__type__": "cc.Node",
    "_name": "frame",
    "_parent": {
      "__id__": 51
    },
    "_level": 5,
    "_components": [
      {
        "__type__": "cc.Sprite",
        "node": {
          "__id__": 53
        },
        "_sizeMode": 0
      },
      {
        "__type__": "cc.Widget",
        "node": {
          "__id__": 53
        },
        "_alignFlags": 45,
        "_left": 2,
        "_right": 2,
        "_top": 2,
        "_bottom": 2,
        "_originalWidth": 130,
        "_originalHeight": 130
      }
    ],
    "_prefab": {
      "__type__": "cc.PrefabInfo",
      "root": {
        "__id__": 49
      },
      "asset": {
        "__uuid__": "bf84526a-36c0-43ad-afd5-8905a5dc1250"
      },
      "fileId": "39pg68HGVHpIlmXxB/13AS"
    },
    "_contentSize": {
      "__type__": "cc.Size",
      "width": 130,
      "height": 130
    },
    "_trs": {
      "__type__": "TypedArray",
      "ctor": "Float64Array",
      "array": [
        0,
        0,
        0,
        0,
        0,
        0,
        1,
        1,
        1,
        1
      ]
    }
  },
  {
    "__type__": "cc.Node",
    "_name": "lblname",
    "_parent": {
      "__id__": 51
    },
    "_active": false,
    "_level": 5,
    "_components": [
      {
        "__type__": "cc.Label",
        "node": {
          "__id__": 54
        },
        "_useOriginalSize": false,
        "_fontSize": 19,
        "_lineHeight": 22,
        "_enableWrapText": false,
        "_N$horizontalAlign": 1,
        "_N$verticalAlign": 1,
        "_N$overflow": 1
      }
    ],
    "_prefab": {
      "__type__": "cc.PrefabInfo",
      "root": {
        "__id__": 49
      },
      "asset": {
        "__uuid__": "bf84526a-36c0-43ad-afd5-8905a5dc1250"
      },
      "fileId": "2bm+GmvTRPaYxPBJjrcPv6"
    },
    "_color": {
      "__type__": "cc.Color",
      "r": 235,
      "g": 40
    },
    "_contentSize": {
      "__type__": "cc.Size",
      "width": 115,
      "height": 22
    },
    "_trs": {
      "__type__": "TypedArray",
      "ctor": "Float64Array",
      "array": [
        null,
        -58,
        0,
        0,
        0,
        0,
        1,
        1,
        1,
        1
      ]
    }
  },
  {
    "__type__": "cc.Node",
    "_name": "moveNode",
    "_parent": {
      "__id__": 49
    },
    "_level": 2,
    "_components": [
      {
        "__type__": "cc.Widget",
        "node": {
          "__id__": 55
        },
        "_alignFlags": 45
      }
    ],
    "_prefab": {
      "__type__": "cc.PrefabInfo",
      "root": {
        "__id__": 49
      },
      "asset": {
        "__uuid__": "bf84526a-36c0-43ad-afd5-8905a5dc1250"
      },
      "fileId": "e5Uh35ETBHQ793uxPkJDMW"
    },
    "_contentSize": {
      "__type__": "cc.Size",
      "width": 720,
      "height": 162
    },
    "_trs": {
      "__type__": "TypedArray",
      "ctor": "Float64Array",
      "array": [
        0,
        0,
        0,
        0,
        0,
        0,
        1,
        1,
        1,
        1
      ]
    }
  },
  {
    "__type__": "cc.Node",
    "_name": "AudioManager",
    "_parent": {
      "__id__": 1
    },
    "_level": 1,
    "_components": [
      {
        "__type__": "11e3fl7HXdJ7KAAn5fgg6nq",
        "node": {
          "__id__": 56
        },
        "bgAudio": {
          "__uuid__": "c92f79e6-eb09-4fe4-b35f-c6f203ddf2dc"
        },
        "hit": {
          "__uuid__": "68f910d8-cdb4-4b81-8d0a-5d991238771b"
        },
        "collect": {
          "__uuid__": "07c0bbac-fa9d-4a2a-a2ba-65db2ba7fc2f"
        },
        "explo": {
          "__uuid__": "b48e174e-6186-4231-b7e6-c8b0efeea3dc"
        },
        "quest": {
          "__uuid__": "eeb0a125-d909-4ac1-ba7c-7c964eb16b87"
        },
        "magnet": {
          "__uuid__": "0e8dcf24-f64b-4e5f-bc67-db609698da84"
        },
        "shoot": {
          "__uuid__": "8cf81173-4f01-4b04-afee-410cdd244d82"
        },
        "startShoot": {
          "__uuid__": "c089a716-fa12-43ee-abd0-e84a0e8c526c"
        },
        "coin": {
          "__uuid__": "5dd81b59-367c-4310-8adb-f6f1201df6f9"
        },
        "coin2": {
          "__uuid__": "ac2f19b8-fd03-45f7-864c-a7365d97f3d3"
        },
        "times": {
          "__uuid__": "c35cdcdd-b031-4aa8-a089-fff7338f5a9e"
        }
      }
    ],
    "_id": "71qUv8ll9PN5/nTSgbV6gY",
    "_trs": {
      "__type__": "TypedArray",
      "ctor": "Float64Array",
      "array": [
        360,
        640,
        0,
        0,
        0,
        0,
        1,
        1,
        1,
        1
      ]
    }
  }
]