[
  {
    "__type__": "cc.Prefab",
    "_name": "fuliNode",
    "data": {
      "__id__": 1
    },
    "optimizationPolicy": 0,
    "asyncLoadAssets": false,
    "readonly": false
  },
  {
    "__type__": "cc.Node",
    "_name": "fuliNode",
    "_children": [
      {
        "__id__": 2
      },
      {
        "__id__": 3
      }
    ],
    "_level": 1,
    "_components": [
      {
        "__type__": "cc.Sprite",
        "node": {
          "__id__": 1
        },
        "_sizeMode": 0
      },
      {
        "__type__": "cc.Widget",
        "node": {
          "__id__": 1
        },
        "_alignFlags": 45,
        "_originalWidth": 100,
        "_originalHeight": 100
      },
      {
        "__type__": "27b74dqi1tIsYtFKMnjlLo0",
        "node": {
          "__id__": 1
        },
        "yqLb": {
          "__id__": 12
        },
        "hxLb": {
          "__id__": 17
        },
        "videoLb": {
          "__id__": 22
        },
        "goldCount": {
          "__id__": 7
        }
      },
      {
        "__type__": "cc.BlockInputEvents",
        "node": {
          "__id__": 1
        }
      }
    ],
    "_prefab": {
      "__type__": "cc.PrefabInfo",
      "root": {
        "__id__": 1
      },
      "asset": {
        "__uuid__": "3b948e66-d538-4894-9de4-cd9ada084d3b"
      },
      "fileId": "71RnfUHYBGJZ6MzR8uELeT"
    },
    "_contentSize": {
      "__type__": "cc.Size",
      "width": 720,
      "height": 1280
    },
    "_zIndex": 0,
    "_trs": {
      "__type__": "TypedArray",
      "ctor": "Float64Array",
      "array": [
        360,
        640,
        0,
        0,
        0,
        0,
        1,
        1,
        1,
        1
      ]
    }
  },
  {
    "__type__": "cc.Node",
    "_name": "bgColor",
    "_parent": {
      "__id__": 1
    },
    "_level": 3,
    "_components": [
      {
        "__type__": "cc.Sprite",
        "node": {
          "__id__": 2
        },
        "_spriteFrame": {
          "__uuid__": "a23235d1-15db-4b95-8439-a2e005bfff91"
        },
        "_sizeMode": 0
      },
      {
        "__type__": "cc.Widget",
        "node": {
          "__id__": 2
        },
        "alignMode": 0,
        "_alignFlags": 45,
        "_originalWidth": 100,
        "_originalHeight": 100
      }
    ],
    "_prefab": {
      "__type__": "cc.PrefabInfo",
      "root": {
        "__id__": 1
      },
      "asset": {
        "__uuid__": "3b948e66-d538-4894-9de4-cd9ada084d3b"
      },
      "fileId": "d73eTSkBhNm5vWc7GHh3hB"
    },
    "_opacity": 188,
    "_color": {
      "__type__": "cc.Color"
    },
    "_contentSize": {
      "__type__": "cc.Size",
      "width": 720,
      "height": 1280
    },
    "_zIndex": 0,
    "_trs": {
      "__type__": "TypedArray",
      "ctor": "Float64Array",
      "array": [
        0,
        0,
        0,
        0,
        0,
        0,
        1,
        1,
        1,
        1
      ]
    }
  },
  {
    "__type__": "cc.Node",
    "_name": "bg",
    "_parent": {
      "__id__": 1
    },
    "_children": [
      {
        "__id__": 4
      },
      {
        "__id__": 5
      },
      {
        "__id__": 6
      },
      {
        "__id__": 8
      },
      {
        "__id__": 13
      },
      {
        "__id__": 18
      }
    ],
    "_level": 3,
    "_components": [
      {
        "__type__": "cc.Sprite",
        "node": {
          "__id__": 3
        },
        "_spriteFrame": {
          "__uuid__": "3b7f4007-d564-4b5d-a2bb-306dfb210ef7"
        },
        "_sizeMode": 2
      }
    ],
    "_prefab": {
      "__type__": "cc.PrefabInfo",
      "root": {
        "__id__": 1
      },
      "asset": {
        "__uuid__": "3b948e66-d538-4894-9de4-cd9ada084d3b"
      },
      "fileId": "a2GS4ZeodP6KgBmQxm5+xt"
    },
    "_contentSize": {
      "__type__": "cc.Size",
      "width": 658,
      "height": 596
    },
    "_zIndex": 0,
    "_trs": {
      "__type__": "TypedArray",
      "ctor": "Float64Array",
      "array": [
        0,
        0,
        0,
        0,
        0,
        0,
        1,
        1,
        1,
        1
      ]
    }
  },
  {
    "__type__": "cc.Node",
    "_name": "title",
    "_parent": {
      "__id__": 3
    },
    "_level": 4,
    "_components": [
      {
        "__type__": "cc.Label",
        "node": {
          "__id__": 4
        },
        "_useOriginalSize": false,
        "_string": "福利",
        "_N$string": "福利",
        "_fontSize": 50,
        "_lineHeight": 50,
        "_N$horizontalAlign": 1,
        "_N$verticalAlign": 1
      }
    ],
    "_prefab": {
      "__type__": "cc.PrefabInfo",
      "root": {
        "__id__": 1
      },
      "asset": {
        "__uuid__": "3b948e66-d538-4894-9de4-cd9ada084d3b"
      },
      "fileId": "1bT5ZZsvxP2YGT8Hp3Zzsn"
    },
    "_color": {
      "__type__": "cc.Color",
      "r": 47,
      "g": 47,
      "b": 47
    },
    "_contentSize": {
      "__type__": "cc.Size",
      "width": 100,
      "height": 50
    },
    "_zIndex": 0,
    "_trs": {
      "__type__": "TypedArray",
      "ctor": "Float64Array",
      "array": [
        -8,
        247,
        0,
        0,
        0,
        0,
        1,
        1,
        1,
        1
      ]
    }
  },
  {
    "__type__": "cc.Node",
    "_name": "btnClose",
    "_parent": {
      "__id__": 3
    },
    "_level": 4,
    "_components": [
      {
        "__type__": "cc.Sprite",
        "node": {
          "__id__": 5
        },
        "_spriteFrame": {
          "__uuid__": "99fa78d7-bf95-4bdc-89d9-d2a47126232d"
        },
        "_sizeMode": 2
      },
      {
        "__type__": "cc.Button",
        "node": {
          "__id__": 5
        },
        "clickEvents": [
          {
            "__type__": "cc.ClickEvent",
            "target": {
              "__id__": 1
            },
            "component": "fuliNode",
            "handler": "closeClick"
          }
        ],
        "_N$transition": 3,
        "transition": 3,
        "_N$normalColor": {
          "__type__": "cc.Color",
          "r": 255,
          "g": 255,
          "b": 255
        },
        "_N$pressedColor": {
          "__type__": "cc.Color",
          "r": 255,
          "g": 255,
          "b": 255
        },
        "pressedColor": {
          "__type__": "cc.Color",
          "r": 255,
          "g": 255,
          "b": 255
        },
        "_N$disabledColor": {
          "__type__": "cc.Color",
          "r": 255,
          "g": 255,
          "b": 255
        },
        "_N$normalSprite": {
          "__uuid__": "f0048c10-f03e-4c97-b9d3-3506e1d58952"
        },
        "_N$pressedSprite": {
          "__uuid__": "e9ec654c-97a2-4787-9325-e6a10375219a"
        },
        "pressedSprite": {
          "__uuid__": "e9ec654c-97a2-4787-9325-e6a10375219a"
        },
        "_N$hoverSprite": {
          "__uuid__": "e9ec654c-97a2-4787-9325-e6a10375219a"
        },
        "hoverSprite": {
          "__uuid__": "e9ec654c-97a2-4787-9325-e6a10375219a"
        },
        "_N$disabledSprite": {
          "__uuid__": "29158224-f8dd-4661-a796-1ffab537140e"
        },
        "_N$target": {
          "__id__": 5
        }
      }
    ],
    "_prefab": {
      "__type__": "cc.PrefabInfo",
      "root": {
        "__id__": 1
      },
      "asset": {
        "__uuid__": "3b948e66-d538-4894-9de4-cd9ada084d3b"
      },
      "fileId": "31RJXb3wpFW5IuvFOhhLmB"
    },
    "_contentSize": {
      "__type__": "cc.Size",
      "width": 74,
      "height": 74
    },
    "_zIndex": 0,
    "_trs": {
      "__type__": "TypedArray",
      "ctor": "Float64Array",
      "array": [
        307,
        280,
        0,
        0,
        0,
        0,
        1,
        1,
        1,
        1
      ]
    }
  },
  {
    "__type__": "cc.Node",
    "_name": "tipsLb",
    "_parent": {
      "__id__": 3
    },
    "_level": 4,
    "_components": [
      {
        "__id__": 7
      }
    ],
    "_prefab": {
      "__type__": "cc.PrefabInfo",
      "root": {
        "__id__": 1
      },
      "asset": {
        "__uuid__": "3b948e66-d538-4894-9de4-cd9ada084d3b"
      },
      "fileId": "d4N7VTvYxGrJ99/gaSFu56"
    },
    "_color": {
      "__type__": "cc.Color",
      "r": 47,
      "g": 47,
      "b": 47
    },
    "_contentSize": {
      "__type__": "cc.Size",
      "width": 213.35,
      "height": 30
    },
    "_zIndex": 0,
    "_trs": {
      "__type__": "TypedArray",
      "ctor": "Float64Array",
      "array": [
        -3,
        193,
        0,
        0,
        0,
        0,
        1,
        1,
        1,
        1
      ]
    }
  },
  {
    "__type__": "cc.Label",
    "node": {
      "__id__": 6
    },
    "_useOriginalSize": false,
    "_string": "今日已领: 0金币",
    "_N$string": "今日已领: 0金币",
    "_fontSize": 30,
    "_lineHeight": 30,
    "_N$horizontalAlign": 1,
    "_N$verticalAlign": 1
  },
  {
    "__type__": "cc.Node",
    "_name": "yqBtn",
    "_parent": {
      "__id__": 3
    },
    "_children": [
      {
        "__id__": 9
      },
      {
        "__id__": 10
      },
      {
        "__id__": 11
      }
    ],
    "_level": 4,
    "_components": [
      {
        "__type__": "cc.Sprite",
        "node": {
          "__id__": 8
        },
        "_spriteFrame": {
          "__uuid__": "0e7b39fe-ed7d-4b34-8aac-9d4ac80b3e6b"
        },
        "_sizeMode": 2
      },
      {
        "__type__": "cc.Button",
        "node": {
          "__id__": 8
        },
        "zoomScale": 1.1,
        "clickEvents": [
          {
            "__type__": "cc.ClickEvent",
            "target": {
              "__id__": 1
            },
            "component": "fuliNode",
            "handler": "yqBtnClick"
          }
        ],
        "_N$transition": 3,
        "transition": 3,
        "_N$normalColor": {
          "__type__": "cc.Color",
          "r": 255,
          "g": 255,
          "b": 255
        },
        "_N$pressedColor": {
          "__type__": "cc.Color",
          "r": 255,
          "g": 255,
          "b": 255
        },
        "pressedColor": {
          "__type__": "cc.Color",
          "r": 255,
          "g": 255,
          "b": 255
        },
        "_N$disabledColor": {
          "__type__": "cc.Color",
          "r": 255,
          "g": 255,
          "b": 255
        },
        "_N$normalSprite": {
          "__uuid__": "f0048c10-f03e-4c97-b9d3-3506e1d58952"
        },
        "_N$pressedSprite": {
          "__uuid__": "e9ec654c-97a2-4787-9325-e6a10375219a"
        },
        "pressedSprite": {
          "__uuid__": "e9ec654c-97a2-4787-9325-e6a10375219a"
        },
        "_N$hoverSprite": {
          "__uuid__": "f0048c10-f03e-4c97-b9d3-3506e1d58952"
        },
        "hoverSprite": {
          "__uuid__": "f0048c10-f03e-4c97-b9d3-3506e1d58952"
        },
        "_N$disabledSprite": {
          "__uuid__": "29158224-f8dd-4661-a796-1ffab537140e"
        },
        "_N$target": {
          "__id__": 8
        }
      }
    ],
    "_prefab": {
      "__type__": "cc.PrefabInfo",
      "root": {
        "__id__": 1
      },
      "asset": {
        "__uuid__": "3b948e66-d538-4894-9de4-cd9ada084d3b"
      },
      "fileId": "1fXOqp3uJNuJhykeA7w7oW"
    },
    "_contentSize": {
      "__type__": "cc.Size",
      "width": 600,
      "height": 100
    },
    "_zIndex": 0,
    "_trs": {
      "__type__": "TypedArray",
      "ctor": "Float64Array",
      "array": [
        null,
        80,
        0,
        0,
        0,
        0,
        1,
        1,
        1,
        1
      ]
    }
  },
  {
    "__type__": "cc.Node",
    "_name": "Label",
    "_parent": {
      "__id__": 8
    },
    "_components": [
      {
        "__type__": "cc.Label",
        "node": {
          "__id__": 9
        },
        "_useOriginalSize": false,
        "_string": "邀请好友",
        "_N$string": "邀请好友",
        "_fontSize": 36,
        "_enableWrapText": false,
        "_N$horizontalAlign": 1,
        "_N$verticalAlign": 1
      }
    ],
    "_prefab": {
      "__type__": "cc.PrefabInfo",
      "root": {
        "__id__": 1
      },
      "asset": {
        "__uuid__": "3b948e66-d538-4894-9de4-cd9ada084d3b"
      },
      "fileId": "13BH7EdlNK3qMdJIW220I4"
    },
    "_color": {
      "__type__": "cc.Color",
      "r": 163,
      "g": 106
    },
    "_contentSize": {
      "__type__": "cc.Size",
      "width": 144,
      "height": 40
    },
    "_zIndex": 0,
    "_trs": {
      "__type__": "TypedArray",
      "ctor": "Float64Array",
      "array": [
        -179,
        null,
        0,
        0,
        0,
        0,
        1,
        1,
        1,
        1
      ]
    }
  },
  {
    "__type__": "cc.Node",
    "_name": "gold",
    "_parent": {
      "__id__": 8
    },
    "_level": 5,
    "_components": [
      {
        "__type__": "cc.Label",
        "node": {
          "__id__": 10
        },
        "_useOriginalSize": false,
        "_string": "+50",
        "_N$string": "+50",
        "_fontSize": 36,
        "_N$horizontalAlign": 1,
        "_N$verticalAlign": 1
      }
    ],
    "_prefab": {
      "__type__": "cc.PrefabInfo",
      "root": {
        "__id__": 1
      },
      "asset": {
        "__uuid__": "3b948e66-d538-4894-9de4-cd9ada084d3b"
      },
      "fileId": "74+jxA/thJBKUJaFxLdBjQ"
    },
    "_color": {
      "__type__": "cc.Color",
      "r": 163,
      "g": 106
    },
    "_contentSize": {
      "__type__": "cc.Size",
      "width": 61.07,
      "height": 40
    },
    "_zIndex": 0,
    "_trs": {
      "__type__": "TypedArray",
      "ctor": "Float64Array",
      "array": [
        -9,
        null,
        0,
        0,
        0,
        0,
        1,
        1,
        1,
        1
      ]
    }
  },
  {
    "__type__": "cc.Node",
    "_name": "count",
    "_parent": {
      "__id__": 8
    },
    "_level": 5,
    "_components": [
      {
        "__id__": 12
      }
    ],
    "_prefab": {
      "__type__": "cc.PrefabInfo",
      "root": {
        "__id__": 1
      },
      "asset": {
        "__uuid__": "3b948e66-d538-4894-9de4-cd9ada084d3b"
      },
      "fileId": "58kfkEmiJF748YLuKEToTo"
    },
    "_color": {
      "__type__": "cc.Color",
      "r": 163,
      "g": 106
    },
    "_contentSize": {
      "__type__": "cc.Size",
      "width": 198,
      "height": 40
    },
    "_zIndex": 0,
    "_trs": {
      "__type__": "TypedArray",
      "ctor": "Float64Array",
      "array": [
        168,
        null,
        0,
        0,
        0,
        0,
        1,
        1,
        1,
        1
      ]
    }
  },
  {
    "__type__": "cc.Label",
    "node": {
      "__id__": 11
    },
    "_useOriginalSize": false,
    "_string": "邀请(0/10)",
    "_N$string": "邀请(0/10)",
    "_fontSize": 36,
    "_N$verticalAlign": 1,
    "_N$overflow": 2
  },
  {
    "__type__": "cc.Node",
    "_name": "hxBtn",
    "_parent": {
      "__id__": 3
    },
    "_children": [
      {
        "__id__": 14
      },
      {
        "__id__": 15
      },
      {
        "__id__": 16
      }
    ],
    "_level": 4,
    "_components": [
      {
        "__type__": "cc.Sprite",
        "node": {
          "__id__": 13
        },
        "_spriteFrame": {
          "__uuid__": "0e7b39fe-ed7d-4b34-8aac-9d4ac80b3e6b"
        },
        "_sizeMode": 2
      },
      {
        "__type__": "cc.Button",
        "node": {
          "__id__": 13
        },
        "zoomScale": 1.1,
        "clickEvents": [
          {
            "__type__": "cc.ClickEvent",
            "target": {
              "__id__": 1
            },
            "component": "fuliNode",
            "handler": "hxBtnClick"
          }
        ],
        "_N$transition": 3,
        "transition": 3,
        "_N$normalColor": {
          "__type__": "cc.Color",
          "r": 255,
          "g": 255,
          "b": 255
        },
        "_N$pressedColor": {
          "__type__": "cc.Color",
          "r": 255,
          "g": 255,
          "b": 255
        },
        "pressedColor": {
          "__type__": "cc.Color",
          "r": 255,
          "g": 255,
          "b": 255
        },
        "_N$disabledColor": {
          "__type__": "cc.Color",
          "r": 255,
          "g": 255,
          "b": 255
        },
        "_N$normalSprite": {
          "__uuid__": "f0048c10-f03e-4c97-b9d3-3506e1d58952"
        },
        "_N$pressedSprite": {
          "__uuid__": "e9ec654c-97a2-4787-9325-e6a10375219a"
        },
        "pressedSprite": {
          "__uuid__": "e9ec654c-97a2-4787-9325-e6a10375219a"
        },
        "_N$hoverSprite": {
          "__uuid__": "f0048c10-f03e-4c97-b9d3-3506e1d58952"
        },
        "hoverSprite": {
          "__uuid__": "f0048c10-f03e-4c97-b9d3-3506e1d58952"
        },
        "_N$disabledSprite": {
          "__uuid__": "29158224-f8dd-4661-a796-1ffab537140e"
        },
        "_N$target": {
          "__id__": 13
        }
      }
    ],
    "_prefab": {
      "__type__": "cc.PrefabInfo",
      "root": {
        "__id__": 1
      },
      "asset": {
        "__uuid__": "3b948e66-d538-4894-9de4-cd9ada084d3b"
      },
      "fileId": "ec94fSDtxKxbXiStxy/p8F"
    },
    "_contentSize": {
      "__type__": "cc.Size",
      "width": 600,
      "height": 100
    },
    "_zIndex": 0,
    "_trs": {
      "__type__": "TypedArray",
      "ctor": "Float64Array",
      "array": [
        null,
        -60,
        0,
        0,
        0,
        0,
        1,
        1,
        1,
        1
      ]
    }
  },
  {
    "__type__": "cc.Node",
    "_name": "Label",
    "_parent": {
      "__id__": 13
    },
    "_level": 5,
    "_components": [
      {
        "__type__": "cc.Label",
        "node": {
          "__id__": 14
        },
        "_useOriginalSize": false,
        "_string": "唤醒好友",
        "_N$string": "唤醒好友",
        "_fontSize": 36,
        "_enableWrapText": false,
        "_N$horizontalAlign": 1,
        "_N$verticalAlign": 1
      }
    ],
    "_prefab": {
      "__type__": "cc.PrefabInfo",
      "root": {
        "__id__": 1
      },
      "asset": {
        "__uuid__": "3b948e66-d538-4894-9de4-cd9ada084d3b"
      },
      "fileId": "e64Y+qV55AhJpDNzetBMVv"
    },
    "_color": {
      "__type__": "cc.Color",
      "r": 163,
      "g": 106
    },
    "_contentSize": {
      "__type__": "cc.Size",
      "width": 144,
      "height": 40
    },
    "_zIndex": 0,
    "_trs": {
      "__type__": "TypedArray",
      "ctor": "Float64Array",
      "array": [
        -179,
        null,
        0,
        0,
        0,
        0,
        1,
        1,
        1,
        1
      ]
    }
  },
  {
    "__type__": "cc.Node",
    "_name": "gold",
    "_parent": {
      "__id__": 13
    },
    "_level": 5,
    "_components": [
      {
        "__type__": "cc.Label",
        "node": {
          "__id__": 15
        },
        "_useOriginalSize": false,
        "_string": "+25",
        "_N$string": "+25",
        "_fontSize": 36,
        "_N$horizontalAlign": 1,
        "_N$verticalAlign": 1
      }
    ],
    "_prefab": {
      "__type__": "cc.PrefabInfo",
      "root": {
        "__id__": 1
      },
      "asset": {
        "__uuid__": "3b948e66-d538-4894-9de4-cd9ada084d3b"
      },
      "fileId": "142EyDFjhPWLUA94XZx0rw"
    },
    "_color": {
      "__type__": "cc.Color",
      "r": 163,
      "g": 106
    },
    "_contentSize": {
      "__type__": "cc.Size",
      "width": 61.07,
      "height": 40
    },
    "_zIndex": 0,
    "_trs": {
      "__type__": "TypedArray",
      "ctor": "Float64Array",
      "array": [
        -9,
        null,
        0,
        0,
        0,
        0,
        1,
        1,
        1,
        1
      ]
    }
  },
  {
    "__type__": "cc.Node",
    "_name": "count",
    "_parent": {
      "__id__": 13
    },
    "_level": 5,
    "_components": [
      {
        "__id__": 17
      }
    ],
    "_prefab": {
      "__type__": "cc.PrefabInfo",
      "root": {
        "__id__": 1
      },
      "asset": {
        "__uuid__": "3b948e66-d538-4894-9de4-cd9ada084d3b"
      },
      "fileId": "b15erOMP1C2LThOcrxsHTM"
    },
    "_color": {
      "__type__": "cc.Color",
      "r": 163,
      "g": 106
    },
    "_contentSize": {
      "__type__": "cc.Size",
      "width": 198,
      "height": 40
    },
    "_zIndex": 0,
    "_trs": {
      "__type__": "TypedArray",
      "ctor": "Float64Array",
      "array": [
        168,
        null,
        0,
        0,
        0,
        0,
        1,
        1,
        1,
        1
      ]
    }
  },
  {
    "__type__": "cc.Label",
    "node": {
      "__id__": 16
    },
    "_useOriginalSize": false,
    "_string": "唤醒(0/10)",
    "_N$string": "唤醒(0/10)",
    "_fontSize": 36,
    "_N$verticalAlign": 1,
    "_N$overflow": 2
  },
  {
    "__type__": "cc.Node",
    "_name": "kggBtn",
    "_parent": {
      "__id__": 3
    },
    "_children": [
      {
        "__id__": 19
      },
      {
        "__id__": 20
      },
      {
        "__id__": 21
      }
    ],
    "_level": 4,
    "_components": [
      {
        "__type__": "cc.Sprite",
        "node": {
          "__id__": 18
        },
        "_spriteFrame": {
          "__uuid__": "0e7b39fe-ed7d-4b34-8aac-9d4ac80b3e6b"
        },
        "_sizeMode": 2
      },
      {
        "__type__": "cc.Button",
        "node": {
          "__id__": 18
        },
        "zoomScale": 1.1,
        "clickEvents": [
          {
            "__type__": "cc.ClickEvent",
            "target": {
              "__id__": 1
            },
            "component": "fuliNode",
            "handler": "kggClick"
          }
        ],
        "_N$transition": 3,
        "transition": 3,
        "_N$normalColor": {
          "__type__": "cc.Color",
          "r": 255,
          "g": 255,
          "b": 255
        },
        "_N$pressedColor": {
          "__type__": "cc.Color",
          "r": 255,
          "g": 255,
          "b": 255
        },
        "pressedColor": {
          "__type__": "cc.Color",
          "r": 255,
          "g": 255,
          "b": 255
        },
        "_N$disabledColor": {
          "__type__": "cc.Color",
          "r": 255,
          "g": 255,
          "b": 255
        },
        "_N$normalSprite": {
          "__uuid__": "f0048c10-f03e-4c97-b9d3-3506e1d58952"
        },
        "_N$pressedSprite": {
          "__uuid__": "e9ec654c-97a2-4787-9325-e6a10375219a"
        },
        "pressedSprite": {
          "__uuid__": "e9ec654c-97a2-4787-9325-e6a10375219a"
        },
        "_N$hoverSprite": {
          "__uuid__": "f0048c10-f03e-4c97-b9d3-3506e1d58952"
        },
        "hoverSprite": {
          "__uuid__": "f0048c10-f03e-4c97-b9d3-3506e1d58952"
        },
        "_N$disabledSprite": {
          "__uuid__": "29158224-f8dd-4661-a796-1ffab537140e"
        },
        "_N$target": {
          "__id__": 18
        }
      }
    ],
    "_prefab": {
      "__type__": "cc.PrefabInfo",
      "root": {
        "__id__": 1
      },
      "asset": {
        "__uuid__": "3b948e66-d538-4894-9de4-cd9ada084d3b"
      },
      "fileId": "13fojMdKBBDpXWyE40418Y"
    },
    "_contentSize": {
      "__type__": "cc.Size",
      "width": 600,
      "height": 100
    },
    "_zIndex": 0,
    "_trs": {
      "__type__": "TypedArray",
      "ctor": "Float64Array",
      "array": [
        null,
        -199,
        0,
        0,
        0,
        0,
        1,
        1,
        1,
        1
      ]
    }
  },
  {
    "__type__": "cc.Node",
    "_name": "Label",
    "_parent": {
      "__id__": 18
    },
    "_level": 5,
    "_components": [
      {
        "__type__": "cc.Label",
        "node": {
          "__id__": 19
        },
        "_useOriginalSize": false,
        "_string": "看广告",
        "_N$string": "看广告",
        "_fontSize": 36,
        "_enableWrapText": false,
        "_N$horizontalAlign": 1,
        "_N$verticalAlign": 1,
        "_N$overflow": 1
      }
    ],
    "_prefab": {
      "__type__": "cc.PrefabInfo",
      "root": {
        "__id__": 1
      },
      "asset": {
        "__uuid__": "3b948e66-d538-4894-9de4-cd9ada084d3b"
      },
      "fileId": "42y+cCIjtEMoDYR9RCe2rc"
    },
    "_color": {
      "__type__": "cc.Color",
      "r": 163,
      "g": 106
    },
    "_contentSize": {
      "__type__": "cc.Size",
      "width": 100,
      "height": 40
    },
    "_zIndex": 0,
    "_trs": {
      "__type__": "TypedArray",
      "ctor": "Float64Array",
      "array": [
        -201,
        null,
        0,
        0,
        0,
        0,
        1,
        1,
        1,
        1
      ]
    }
  },
  {
    "__type__": "cc.Node",
    "_name": "gold",
    "_parent": {
      "__id__": 18
    },
    "_level": 5,
    "_components": [
      {
        "__type__": "cc.Label",
        "node": {
          "__id__": 20
        },
        "_useOriginalSize": false,
        "_string": "+50",
        "_N$string": "+50",
        "_fontSize": 36,
        "_N$horizontalAlign": 1,
        "_N$verticalAlign": 1
      }
    ],
    "_prefab": {
      "__type__": "cc.PrefabInfo",
      "root": {
        "__id__": 1
      },
      "asset": {
        "__uuid__": "3b948e66-d538-4894-9de4-cd9ada084d3b"
      },
      "fileId": "f7T/T2iv1K8LxzfgOlhVtk"
    },
    "_color": {
      "__type__": "cc.Color",
      "r": 163,
      "g": 106
    },
    "_contentSize": {
      "__type__": "cc.Size",
      "width": 61.07,
      "height": 40
    },
    "_zIndex": 0,
    "_trs": {
      "__type__": "TypedArray",
      "ctor": "Float64Array",
      "array": [
        -9,
        null,
        0,
        0,
        0,
        0,
        1,
        1,
        1,
        1
      ]
    }
  },
  {
    "__type__": "cc.Node",
    "_name": "count",
    "_parent": {
      "__id__": 18
    },
    "_level": 5,
    "_components": [
      {
        "__id__": 22
      }
    ],
    "_prefab": {
      "__type__": "cc.PrefabInfo",
      "root": {
        "__id__": 1
      },
      "asset": {
        "__uuid__": "3b948e66-d538-4894-9de4-cd9ada084d3b"
      },
      "fileId": "4d9piZ5fFEzaMQj7Czj63l"
    },
    "_color": {
      "__type__": "cc.Color",
      "r": 163,
      "g": 106
    },
    "_contentSize": {
      "__type__": "cc.Size",
      "width": 198,
      "height": 40
    },
    "_zIndex": 0,
    "_trs": {
      "__type__": "TypedArray",
      "ctor": "Float64Array",
      "array": [
        168,
        null,
        0,
        0,
        0,
        0,
        1,
        1,
        1,
        1
      ]
    }
  },
  {
    "__type__": "cc.Label",
    "node": {
      "__id__": 21
    },
    "_useOriginalSize": false,
    "_string": "观看(0/10)",
    "_N$string": "观看(0/10)",
    "_fontSize": 36,
    "_N$verticalAlign": 1,
    "_N$overflow": 2
  }
]