[
  {
    "__type__": "cc.Prefab",
    "_name": "SkinBox",
    "data": {
      "__id__": 1
    },
    "optimizationPolicy": 0,
    "asyncLoadAssets": false,
    "readonly": false
  },
  {
    "__type__": "cc.Node",
    "_name": "SkinBox",
    "_children": [
      {
        "__id__": 2
      },
      {
        "__id__": 3
      },
      {
        "__id__": 4
      },
      {
        "__id__": 5
      }
    ],
    "_components": [
      {
        "__type__": "cc.Sprite",
        "node": {
          "__id__": 1
        },
        "_sizeMode": 2
      },
      {
        "__type__": "81ca04wJf9MiJay1AyZjueR",
        "node": {
          "__id__": 1
        },
        "pickRadius": 70
      }
    ],
    "_prefab": {
      "__type__": "cc.PrefabInfo",
      "root": {
        "__id__": 1
      },
      "asset": {
        "__uuid__": "455d24c4-6034-46f6-8cca-0a74e5b2cd11"
      },
      "fileId": "a3kng45/xD3J8Uf6Lwjr0G"
    },
    "_contentSize": {
      "__type__": "cc.Size",
      "width": 71,
      "height": 71
    },
    "_scale": {
      "__type__": "cc.Vec3",
      "x": 1,
      "y": 1,
      "z": 1
    },
    "_trs": {
      "__type__": "TypedArray",
      "ctor": "Float64Array",
      "array": [
        150.7,
        79,
        0,
        0,
        0,
        0,
        1,
        1,
        1,
        1
      ]
    }
  },
  {
    "__type__": "cc.Node",
    "_name": "light",
    "_parent": {
      "__id__": 1
    },
    "_components": [
      {
        "__type__": "cc.Sprite",
        "node": {
          "__id__": 2
        },
        "_spriteFrame": {
          "__uuid__": "f779f982-bc99-4169-998c-a435a1cc0cba"
        },
        "_sizeMode": 2
      }
    ],
    "_prefab": {
      "__type__": "cc.PrefabInfo",
      "root": {
        "__id__": 1
      },
      "asset": {
        "__uuid__": "455d24c4-6034-46f6-8cca-0a74e5b2cd11"
      },
      "fileId": "27zwc4rDZErrJLzw4I+n3z"
    },
    "_contentSize": {
      "__type__": "cc.Size",
      "width": 130,
      "height": 130
    },
    "_scale": {
      "__type__": "cc.Vec3",
      "x": 1,
      "y": 1,
      "z": 1
    },
    "_trs": {
      "__type__": "TypedArray",
      "ctor": "Float64Array",
      "array": [
        0,
        0,
        0,
        0,
        0,
        0,
        1,
        1,
        1,
        1
      ]
    }
  },
  {
    "__type__": "cc.Node",
    "_name": "pufu",
    "_parent": {
      "__id__": 1
    },
    "_components": [
      {
        "__type__": "cc.Sprite",
        "node": {
          "__id__": 3
        },
        "_spriteFrame": {
          "__uuid__": "a4cc5fb3-77a7-44bc-bc7d-773a0f954eeb"
        }
      }
    ],
    "_prefab": {
      "__type__": "cc.PrefabInfo",
      "root": {
        "__id__": 1
      },
      "asset": {
        "__uuid__": "455d24c4-6034-46f6-8cca-0a74e5b2cd11"
      },
      "fileId": "122rodWCNNbZwowmTM2MKO"
    },
    "_contentSize": {
      "__type__": "cc.Size",
      "width": 71,
      "height": 71
    },
    "_scale": {
      "__type__": "cc.Vec3",
      "x": 1,
      "y": 1,
      "z": 1
    },
    "_trs": {
      "__type__": "TypedArray",
      "ctor": "Float64Array",
      "array": [
        0,
        0,
        0,
        0,
        0,
        0,
        1,
        1,
        1,
        1
      ]
    }
  },
  {
    "__type__": "cc.Node",
    "_name": "pifu",
    "_parent": {
      "__id__": 1
    },
    "_components": [
      {
        "__type__": "cc.Sprite",
        "node": {
          "__id__": 4
        },
        "_sizeMode": 2
      }
    ],
    "_prefab": {
      "__type__": "cc.PrefabInfo",
      "root": {
        "__id__": 1
      },
      "asset": {
        "__uuid__": "455d24c4-6034-46f6-8cca-0a74e5b2cd11"
      },
      "fileId": "53MYF9IIxK2Z8d3xBWXFY2"
    },
    "_contentSize": {
      "__type__": "cc.Size",
      "width": 54,
      "height": 59
    },
    "_scale": {
      "__type__": "cc.Vec3",
      "x": 1,
      "y": 1,
      "z": 1
    },
    "_trs": {
      "__type__": "TypedArray",
      "ctor": "Float64Array",
      "array": [
        0,
        0,
        0,
        0,
        0,
        0,
        1,
        1,
        1,
        1
      ]
    }
  },
  {
    "__type__": "cc.Node",
    "_name": "sy",
    "_parent": {
      "__id__": 1
    },
    "_components": [
      {
        "__type__": "cc.Sprite",
        "node": {
          "__id__": 5
        },
        "_spriteFrame": {
          "__uuid__": "b9829e3e-4fa9-454c-b88a-d111aacfaf2c"
        },
        "_sizeMode": 2
      },
      {
        "__type__": "cc.Widget",
        "node": {
          "__id__": 5
        },
        "_wasAlignOnce": {},
        "isAlignOnce": {},
        "_alignFlags": 20,
        "_bottom": -14.649999999999999
      }
    ],
    "_prefab": {
      "__type__": "cc.PrefabInfo",
      "root": {
        "__id__": 1
      },
      "asset": {
        "__uuid__": "455d24c4-6034-46f6-8cca-0a74e5b2cd11"
      },
      "fileId": "1e+8UHPGVNQbwcwzz601l5"
    },
    "_contentSize": {
      "__type__": "cc.Size",
      "width": 70,
      "height": 24
    },
    "_scale": {
      "__type__": "cc.Vec3",
      "x": 1,
      "y": 1,
      "z": 1
    },
    "_trs": {
      "__type__": "TypedArray",
      "ctor": "Float64Array",
      "array": [
        null,
        -38.15,
        0,
        0,
        0,
        0,
        1,
        1,
        1,
        1
      ]
    }
  }
]