[
  {
    "__type__": "cc.Prefab",
    "_name": "skill",
    "data": {
      "__id__": 1
    },
    "optimizationPolicy": 0,
    "asyncLoadAssets": false,
    "readonly": false
  },
  {
    "__type__": "cc.Node",
    "_name": "shootSkill",
    "_level": 1,
    "_components": [
      {
        "__type__": "cc.Sprite",
        "node": {
          "__id__": 1
        },
        "_spriteFrame": {
          "__uuid__": "c88db918-181e-404e-9443-500153a7e2c6"
        }
      },
      {
        "__type__": "25c8fpMFidFhaGbB5gt5+mG",
        "node": {
          "__id__": 1
        },
        "skill1": {
          "__uuid__": "c88db918-181e-404e-9443-500153a7e2c6"
        },
        "skill2": {
          "__uuid__": "53cc8cc8-2b21-49f4-ad70-3a2f03f500d7"
        },
        "skill3": {
          "__uuid__": "fe9acdc9-fd0a-47f1-a875-12023e4f4693"
        }
      }
    ],
    "_prefab": {
      "__type__": "cc.PrefabInfo",
      "root": {
        "__id__": 1
      },
      "asset": {
        "__uuid__": "0425e7d4-a279-4371-afe8-cdd5cbb6aa39"
      },
      "fileId": "17PAUXZIdHgoiVsh+6uzQZ"
    },
    "_contentSize": {
      "__type__": "cc.Size",
      "width": 60,
      "height": 80
    },
    "_zIndex": 0,
    "_trs": {
      "__type__": "TypedArray",
      "ctor": "Float64Array",
      "array": [
        0,
        0,
        0,
        0,
        0,
        0,
        1,
        1,
        1,
        1
      ]
    }
  }
]