[
  {
    "__type__": "cc.SceneAsset",
    "_name": "loadingScene",
    "scene": {
      "__id__": 1
    },
    "asyncLoadAssets": false
  },
  {
    "__type__": "cc.Scene",
    "_name": "New Node",
    "_children": [
      {
        "__id__": 2
      }
    ],
    "_anchorPoint": {
      "__type__": "cc.Vec2"
    },
    "_zIndex": 0,
    "autoReleaseAssets": false,
    "_trs": {
      "__type__": "TypedArray",
      "ctor": "Float64Array",
      "array": [
        0,
        0,
        0,
        0,
        0,
        0,
        1,
        0.287890625,
        0.287890625,
        1
      ]
    }
  },
  {
    "__type__": "cc.Node",
    "_name": "Canvas",
    "_parent": {
      "__id__": 1
    },
    "_children": [
      {
        "__id__": 3
      },
      {
        "__id__": 4
      }
    ],
    "_components": [
      {
        "__type__": "cc.Canvas",
        "node": {
          "__id__": 2
        },
        "_designResolution": {
          "__type__": "cc.Size",
          "width": 720,
          "height": 1280
        },
        "_fitWidth": true,
        "_fitHeight": false
      },
      {
        "__type__": "27ce9dnHPlJY6yqjwoS3OJb",
        "node": {
          "__id__": 2
        },
        "percentLb": {
          "__id__": 8
        }
      }
    ],
    "_contentSize": {
      "__type__": "cc.Size",
      "width": 720,
      "height": 1280
    },
    "_zIndex": 0,
    "_id": "14HwlkxfNC+L/r4Gx1urCR",
    "_trs": {
      "__type__": "TypedArray",
      "ctor": "Float64Array",
      "array": [
        360,
        640,
        0,
        0,
        0,
        0,
        1,
        1,
        1,
        1
      ]
    }
  },
  {
    "__type__": "cc.Node",
    "_name": "Main Camera",
    "_parent": {
      "__id__": 2
    },
    "_level": 1,
    "_components": [
      {
        "__type__": "cc.Camera",
        "node": {
          "__id__": 3
        },
        "_clearFlags": 7,
        "_depth": -1
      }
    ],
    "_zIndex": 0,
    "_trs": {
      "__type__": "TypedArray",
      "ctor": "Float64Array",
      "array": [
        0,
        0,
        0,
        0,
        0,
        0,
        1,
        1,
        1,
        1
      ]
    }
  },
  {
    "__type__": "cc.Node",
    "_name": "bgColor",
    "_parent": {
      "__id__": 2
    },
    "_children": [
      {
        "__id__": 5
      },
      {
        "__id__": 6
      }
    ],
    "_level": 1,
    "_components": [
      {
        "__type__": "cc.Sprite",
        "node": {
          "__id__": 4
        },
        "_spriteFrame": {
          "__uuid__": "a23235d1-15db-4b95-8439-a2e005bfff91"
        },
        "_sizeMode": 0
      },
      {
        "__type__": "cc.Widget",
        "node": {
          "__id__": 4
        },
        "alignMode": 0,
        "_alignFlags": 45,
        "_top": 3.552713678800501e-15,
        "_bottom": -3.552713678800501e-15,
        "_originalWidth": 100,
        "_originalHeight": 100
      }
    ],
    "_color": {
      "__type__": "cc.Color",
      "r": 47,
      "g": 47,
      "b": 47
    },
    "_contentSize": {
      "__type__": "cc.Size",
      "width": 720,
      "height": 1280
    },
    "_zIndex": 0,
    "_trs": {
      "__type__": "TypedArray",
      "ctor": "Float64Array",
      "array": [
        0,
        0,
        0,
        0,
        0,
        0,
        1,
        1,
        1,
        1
      ]
    }
  },
  {
    "__type__": "cc.Node",
    "_name": "title",
    "_parent": {
      "__id__": 4
    },
    "_components": [
      {
        "__type__": "cc.Sprite",
        "node": {
          "__id__": 5
        },
        "_spriteFrame": {
          "__uuid__": "8de20cd5-c64b-4b10-a4c4-59bfa3bf3656"
        }
      },
      {
        "__type__": "cc.Widget",
        "node": {
          "__id__": 5
        },
        "alignMode": 0,
        "_alignFlags": 18,
        "_top": 200,
        "_verticalCenter": 0.3187499999999999,
        "_isAbsVerticalCenter": false
      }
    ],
    "_contentSize": {
      "__type__": "cc.Size",
      "width": 492,
      "height": 188
    },
    "_zIndex": 0,
    "_trs": {
      "__type__": "TypedArray",
      "ctor": "Float64Array",
      "array": [
        null,
        407.9999999999999,
        0,
        0,
        0,
        0,
        1,
        1,
        1,
        1
      ]
    }
  },
  {
    "__type__": "cc.Node",
    "_name": "textLaout",
    "_parent": {
      "__id__": 4
    },
    "_children": [
      {
        "__id__": 7
      },
      {
        "__id__": 9
      }
    ],
    "_level": 2,
    "_components": [
      {
        "__type__": "cc.Sprite",
        "node": {
          "__id__": 6
        },
        "_type": 1,
        "_sizeMode": 0
      },
      {
        "__type__": "cc.Layout",
        "node": {
          "__id__": 6
        },
        "_layoutSize": {
          "__type__": "cc.Size",
          "width": 720,
          "height": 158
        }
      },
      {
        "__type__": "cc.Widget",
        "node": {
          "__id__": 6
        },
        "_alignFlags": 42,
        "_verticalCenter": -80,
        "_originalWidth": 711
      }
    ],
    "_contentSize": {
      "__type__": "cc.Size",
      "width": 720,
      "height": 158
    },
    "_zIndex": 0,
    "_trs": {
      "__type__": "TypedArray",
      "ctor": "Float64Array",
      "array": [
        null,
        -80,
        0,
        0,
        0,
        0,
        1,
        1,
        1,
        1
      ]
    }
  },
  {
    "__type__": "cc.Node",
    "_name": "percentLb",
    "_parent": {
      "__id__": 6
    },
    "_level": 3,
    "_components": [
      {
        "__id__": 8
      }
    ],
    "_contentSize": {
      "__type__": "cc.Size",
      "width": 148.34,
      "height": 58
    },
    "_zIndex": 0,
    "_trs": {
      "__type__": "TypedArray",
      "ctor": "Float64Array",
      "array": [
        1,
        1,
        0,
        0,
        0,
        0,
        1,
        1,
        1,
        1
      ]
    }
  },
  {
    "__type__": "cc.Label",
    "node": {
      "__id__": 7
    },
    "_useOriginalSize": false,
    "_string": "0%",
    "_N$string": "0%",
    "_fontSize": 58,
    "_lineHeight": 58,
    "_N$horizontalAlign": 1,
    "_N$verticalAlign": 1,
    "_N$overflow": 2
  },
  {
    "__type__": "cc.Node",
    "_name": "tipsText",
    "_parent": {
      "__id__": 6
    },
    "_children": [
      {
        "__id__": 10
      }
    ],
    "_level": 3,
    "_components": [
      {
        "__type__": "cc.RichText",
        "node": {
          "__id__": 9
        },
        "_N$string": "正在为您加载资源，请耐心等待~",
        "_N$fontSize": 32,
        "_N$lineHeight": 50
      }
    ],
    "_color": {
      "__type__": "cc.Color",
      "r": 172,
      "g": 172,
      "b": 172
    },
    "_contentSize": {
      "__type__": "cc.Size",
      "width": 466.69,
      "height": 50
    },
    "_zIndex": 0,
    "_trs": {
      "__type__": "TypedArray",
      "ctor": "Float64Array",
      "array": [
        null,
        -64,
        0,
        0,
        0,
        0,
        1,
        1,
        1,
        1
      ]
    }
  },
  {
    "__type__": "cc.PrivateNode",
    "_name": "RICHTEXT_CHILD",
    "_parent": {
      "__id__": 9
    },
    "_level": 4,
    "_components": [
      {
        "__type__": "cc.Label",
        "node": {
          "__id__": 10
        },
        "_string": "正在为您加载资源，请耐心等待~",
        "_N$string": "正在为您加载资源，请耐心等待~",
        "_fontSize": 32,
        "_lineHeight": 50,
        "_N$verticalAlign": 1
      }
    ],
    "_color": {
      "__type__": "cc.Color",
      "r": 172,
      "g": 172,
      "b": 172
    },
    "_contentSize": {
      "__type__": "cc.Size",
      "width": 466.69,
      "height": 50
    },
    "_anchorPoint": {
      "__type__": "cc.Vec2"
    },
    "_position": {
      "__type__": "cc.Vec3",
      "x": -233.345,
      "y": -25
    },
    "_scale": {
      "__type__": "cc.Vec3",
      "x": 1,
      "y": 1,
      "z": 1
    },
    "_zIndex": 0
  }
]