[
  {
    "__type__": "cc.Prefab",
    "_name": "guideNode",
    "data": {
      "__id__": 1
    },
    "optimizationPolicy": 0,
    "asyncLoadAssets": false,
    "readonly": false
  },
  {
    "__type__": "cc.Node",
    "_name": "guideNode",
    "_children": [
      {
        "__id__": 2
      },
      {
        "__id__": 3
      }
    ],
    "_level": 1,
    "_components": [
      {
        "__type__": "cc.Widget",
        "node": {
          "__id__": 1
        },
        "_alignFlags": 45
      },
      {
        "__type__": "58c5db7dCFJiYZw8zzQe/JZ",
        "node": {
          "__id__": 1
        },
        "tipsLb": {
          "__id__": 6
        },
        "icon": {
          "__id__": 10
        }
      }
    ],
    "_prefab": {
      "__type__": "cc.PrefabInfo",
      "root": {
        "__id__": 1
      },
      "asset": {
        "__uuid__": "a4323209-44af-4fff-a73e-a5afc436a4ca"
      },
      "fileId": "8b7F6L2U1CcIHvCJRFZRB7"
    },
    "_contentSize": {
      "__type__": "cc.Size",
      "width": 720,
      "height": 1280
    },
    "_zIndex": 0,
    "_trs": {
      "__type__": "TypedArray",
      "ctor": "Float64Array",
      "array": [
        360,
        640,
        0,
        0,
        0,
        0,
        1,
        1,
        1,
        1
      ]
    }
  },
  {
    "__type__": "cc.Node",
    "_name": "bgColor",
    "_parent": {
      "__id__": 1
    },
    "_level": 3,
    "_components": [
      {
        "__type__": "cc.Sprite",
        "node": {
          "__id__": 2
        },
        "_spriteFrame": {
          "__uuid__": "a23235d1-15db-4b95-8439-a2e005bfff91"
        },
        "_sizeMode": 0
      },
      {
        "__type__": "cc.Widget",
        "node": {
          "__id__": 2
        },
        "_alignFlags": 45,
        "_originalWidth": 100,
        "_originalHeight": 100
      }
    ],
    "_prefab": {
      "__type__": "cc.PrefabInfo",
      "root": {
        "__id__": 1
      },
      "asset": {
        "__uuid__": "a4323209-44af-4fff-a73e-a5afc436a4ca"
      },
      "fileId": "7dJPb7sjpFurvax3n6NF78"
    },
    "_opacity": 0,
    "_color": {
      "__type__": "cc.Color"
    },
    "_contentSize": {
      "__type__": "cc.Size",
      "width": 720,
      "height": 1280
    },
    "_zIndex": 0,
    "_trs": {
      "__type__": "TypedArray",
      "ctor": "Float64Array",
      "array": [
        0,
        0,
        0,
        0,
        0,
        0,
        1,
        1,
        1,
        1
      ]
    }
  },
  {
    "__type__": "cc.Node",
    "_name": "bg",
    "_parent": {
      "__id__": 1
    },
    "_children": [
      {
        "__id__": 4
      },
      {
        "__id__": 5
      },
      {
        "__id__": 7
      },
      {
        "__id__": 8
      }
    ],
    "_level": 3,
    "_components": [
      {
        "__type__": "cc.Sprite",
        "node": {
          "__id__": 3
        },
        "_sizeMode": 0
      },
      {
        "__type__": "cc.Widget",
        "node": {
          "__id__": 3
        },
        "_alignFlags": 42,
        "_verticalCenter": 364,
        "_horizontalCenter": 2,
        "_originalWidth": 643
      }
    ],
    "_prefab": {
      "__type__": "cc.PrefabInfo",
      "root": {
        "__id__": 1
      },
      "asset": {
        "__uuid__": "a4323209-44af-4fff-a73e-a5afc436a4ca"
      },
      "fileId": "f9igyJtZxM0Y/CFz+SUBJg"
    },
    "_contentSize": {
      "__type__": "cc.Size",
      "width": 720,
      "height": 200
    },
    "_zIndex": 0,
    "_trs": {
      "__type__": "TypedArray",
      "ctor": "Float64Array",
      "array": [
        null,
        364,
        0,
        0,
        0,
        0,
        1,
        1,
        1,
        1
      ]
    }
  },
  {
    "__type__": "cc.Node",
    "_name": "color",
    "_parent": {
      "__id__": 3
    },
    "_level": 4,
    "_components": [
      {
        "__type__": "cc.Sprite",
        "node": {
          "__id__": 4
        },
        "_spriteFrame": {
          "__uuid__": "a23235d1-15db-4b95-8439-a2e005bfff91"
        },
        "_sizeMode": 0
      },
      {
        "__type__": "cc.Widget",
        "node": {
          "__id__": 4
        },
        "_alignFlags": 45,
        "_originalWidth": 100,
        "_originalHeight": 100
      }
    ],
    "_prefab": {
      "__type__": "cc.PrefabInfo",
      "root": {
        "__id__": 1
      },
      "asset": {
        "__uuid__": "a4323209-44af-4fff-a73e-a5afc436a4ca"
      },
      "fileId": "4e9AJq9uJDPrzf8iCBYZ26"
    },
    "_opacity": 50,
    "_contentSize": {
      "__type__": "cc.Size",
      "width": 720,
      "height": 200
    },
    "_zIndex": 0,
    "_trs": {
      "__type__": "TypedArray",
      "ctor": "Float64Array",
      "array": [
        0,
        0,
        0,
        0,
        0,
        0,
        1,
        1,
        1,
        1
      ]
    }
  },
  {
    "__type__": "cc.Node",
    "_name": "tipsLb",
    "_parent": {
      "__id__": 3
    },
    "_level": 4,
    "_components": [
      {
        "__id__": 6
      }
    ],
    "_prefab": {
      "__type__": "cc.PrefabInfo",
      "root": {
        "__id__": 1
      },
      "asset": {
        "__uuid__": "a4323209-44af-4fff-a73e-a5afc436a4ca"
      },
      "fileId": "9arRPIwFRGeLDNSB+pcYzV"
    },
    "_contentSize": {
      "__type__": "cc.Size",
      "width": 654,
      "height": 120
    },
    "_zIndex": 0,
    "_trs": {
      "__type__": "TypedArray",
      "ctor": "Float64Array",
      "array": [
        -2,
        42,
        0,
        0,
        0,
        0,
        1,
        1,
        1,
        1
      ]
    }
  },
  {
    "__type__": "cc.Label",
    "node": {
      "__id__": 5
    },
    "_useOriginalSize": false,
    "_string": "左右滑动来操作贪吃蛇",
    "_N$string": "左右滑动来操作贪吃蛇",
    "_fontSize": 32,
    "_lineHeight": 32,
    "_N$horizontalAlign": 1,
    "_N$verticalAlign": 1,
    "_N$overflow": 2
  },
  {
    "__type__": "cc.Node",
    "_name": "passLb",
    "_parent": {
      "__id__": 3
    },
    "_active": false,
    "_level": 4,
    "_components": [
      {
        "__type__": "cc.Label",
        "node": {
          "__id__": 7
        },
        "_useOriginalSize": false,
        "_string": "点击任意位置继续",
        "_N$string": "点击任意位置继续",
        "_fontSize": 28,
        "_lineHeight": 28,
        "_N$horizontalAlign": 1,
        "_N$verticalAlign": 1
      }
    ],
    "_prefab": {
      "__type__": "cc.PrefabInfo",
      "root": {
        "__id__": 1
      },
      "asset": {
        "__uuid__": "a4323209-44af-4fff-a73e-a5afc436a4ca"
      },
      "fileId": "c4vQYPY6lBxJRjz5OnqVBq"
    },
    "_contentSize": {
      "__type__": "cc.Size",
      "width": 224,
      "height": 28
    },
    "_zIndex": 0,
    "_trs": {
      "__type__": "TypedArray",
      "ctor": "Float64Array",
      "array": [
        null,
        -26,
        0,
        0,
        0,
        0,
        1,
        1,
        1,
        1
      ]
    }
  },
  {
    "__type__": "cc.Node",
    "_name": "icon",
    "_parent": {
      "__id__": 3
    },
    "_children": [
      {
        "__id__": 9
      }
    ],
    "_level": 4,
    "_components": [
      {
        "__id__": 10
      }
    ],
    "_prefab": {
      "__type__": "cc.PrefabInfo",
      "root": {
        "__id__": 1
      },
      "asset": {
        "__uuid__": "a4323209-44af-4fff-a73e-a5afc436a4ca"
      },
      "fileId": "58NRWiNwpGJ6KHgwkW9Y/4"
    },
    "_contentSize": {
      "__type__": "cc.Size",
      "width": 40,
      "height": 36
    },
    "_zIndex": 0,
    "_trs": {
      "__type__": "TypedArray",
      "ctor": "Float64Array",
      "array": [
        null,
        -48,
        0,
        0,
        0,
        0,
        1,
        1,
        1,
        1
      ]
    }
  },
  {
    "__type__": "cc.Node",
    "_name": "countLb",
    "_parent": {
      "__id__": 8
    },
    "_active": false,
    "_level": 5,
    "_components": [
      {
        "__type__": "cc.Label",
        "node": {
          "__id__": 9
        },
        "_useOriginalSize": false,
        "_string": "2",
        "_N$string": "2",
        "_fontSize": 30,
        "_lineHeight": 30,
        "_N$horizontalAlign": 1,
        "_N$verticalAlign": 1
      },
      {
        "__type__": "cc.Widget",
        "node": {
          "__id__": 9
        },
        "_alignFlags": 4,
        "_top": 20,
        "_bottom": 40
      }
    ],
    "_prefab": {
      "__type__": "cc.PrefabInfo",
      "root": {
        "__id__": 1
      },
      "asset": {
        "__uuid__": "a4323209-44af-4fff-a73e-a5afc436a4ca"
      },
      "fileId": "e1yOYgkppN7aIDmYNYX4OO"
    },
    "_contentSize": {
      "__type__": "cc.Size",
      "width": 16.68,
      "height": 30
    },
    "_zIndex": 0,
    "_trs": {
      "__type__": "TypedArray",
      "ctor": "Float64Array",
      "array": [
        null,
        37,
        0,
        0,
        0,
        0,
        1,
        1,
        1,
        1
      ]
    }
  },
  {
    "__type__": "cc.Sprite",
    "node": {
      "__id__": 8
    }
  }
]